0,5115,3.77
0,1867,9.47
0,5389,7.5
1,4199,6.39
1,3179,2.73
1,1972,7.75
2,9738,0.43
2,1735,9.73
2,5221,5.12
3,5950,1.06
3,7299,3.11
3,5352,8.84
4,8260,7.2
4,1697,7.32
4,2592,3.12
5,2325,6.4
5,8776,7.69
5,7458,5.64
6,6685,4.77
6,3008,0.55
6,9885,4.66
7,9682,9.71
7,4555,3.28
7,9567,9.6
8,9585,1.78
8,1124,1.56
8,5174,4.27
9,951,4.54
9,6900,2.12
9,2373,3.53
10,3456,5.67
10,9358,9.28
10,2306,5.46
11,1036,9.94
11,5271,3.74
11,7313,2.96
12,2065,9.81
12,8702,6.36
12,3945,0.12
13,8580,7.79
13,4146,8.04
13,2918,6.82
14,1907,5.86
14,569,4.65
14,5466,8.43
15,3745,6.71
15,1751,2.66
15,5193,2.51
16,6935,6.3
16,9176,3.91
16,6184,6.75
17,426,8.34
17,6004,2.86
17,9668,7.69
18,4728,5.18
18,7537,8.95
18,9759,2.65
19,8634,8.13
19,4771,9.31
19,7787,6.35
20,3193,4.42
20,2487,5.53
20,479,3.21
21,7985,6.5
21,830,4.31
21,8384,7.02
22,4485,1.96
22,4963,7.6
22,3102,1.42
23,1,9.61
23,1309,9.97
23,3568,8.24
24,5208,6.83
24,5594,5.87
24,7344,1.12
25,5131,0.45
25,6778,9.6
25,2598,5.21
26,6312,3.8
26,4110,5.42
26,6027,2.62
27,3314,8.17
27,8057,4.0
27,8323,1.58
28,1854,8.83
28,6643,3.13
28,6859,1.13
29,150,9.14
29,2594,8.09
29,8413,8.7
30,9046,9.01
30,1262,3.81
30,1525,3.87
31,7536,1.05
31,934,6.57
31,3740,4.49
32,198,6.07
32,3778,6.4
32,6227,9.18
33,2488,7.14
33,9652,0.52
33,5392,4.73
34,7651,1.33
34,1369,3.35
34,3644,3.0
35,6741,1.6
35,3721,0.36
35,9101,8.23
36,1352,2.92
36,8821,3.48
36,3837,7.78
37,3325,7.55
37,4725,6.19
37,5458,4.15
38,6276,4.63
38,1809,9.77
38,1377,4.91
39,5900,6.22
39,7548,2.34
39,1662,5.13
40,2138,9.67
40,2725,7.61
40,3568,6.7
41,152,5.02
41,7611,5.53
41,8034,9.89
42,418,9.0
42,3246,1.41
42,6059,8.29
43,7412,8.7
43,8658,4.39
43,8660,4.76
44,2591,3.82
44,3776,9.49
44,710,4.86
45,4595,3.34
45,9635,5.17
45,9720,4.58
46,5794,9.48
46,1573,6.87
46,8953,8.49
47,4668,3.3
47,4191,9.88
47,3696,8.63
48,3584,7.64
48,8748,2.07
48,1336,6.6
49,321,1.56
49,7171,4.53
49,2508,6.94
50,847,1.76
50,7498,0.6
50,3899,0.3
51,5247,0.77
51,9377,7.28
51,8580,3.08
52,7719,3.44
52,1432,5.12
52,4815,4.09
53,8764,9.19
53,6426,7.04
53,7195,7.05
54,6580,3.66
54,2918,4.57
54,6584,7.22
55,3279,6.88
55,2018,4.68
55,5479,3.72
56,6928,8.47
56,6106,8.85
56,8926,9.9
57,7086,7.63
57,8231,6.99
57,8339,9.52
58,5902,0.24
58,8107,1.08
58,9221,1.65
59,651,1.95
59,5639,6.13
59,706,2.72
60,5443,7.74
60,8854,4.67
60,5061,5.69
61,6775,2.1
61,7583,6.04
61,7728,0.88
62,4636,5.21
62,4399,9.96
62,3975,9.03
63,9869,0.51
63,3578,2.53
63,6754,2.68
64,2873,6.4
64,3503,8.45
64,9356,8.29
65,2637,9.97
65,4498,9.32
65,3418,4.75
66,5506,0.16
66,5038,3.3
66,3275,8.89
67,5654,4.25
67,7947,3.55
67,8369,9.67
68,5702,4.58
68,1992,6.45
68,2571,6.56
69,8195,5.37
69,5144,5.55
69,3387,3.38
70,7352,3.9
70,1836,7.65
70,7907,1.33
71,7779,1.01
71,550,5.82
71,6487,8.8
72,3307,1.73
72,1909,4.33
72,7403,0.54
73,6640,3.92
73,1810,6.74
73,2740,8.0
74,4132,2.03
74,999,9.02
74,7022,9.28
75,8551,1.47
75,6583,4.55
75,2286,3.23
76,7190,3.31
76,7157,0.93
76,8146,5.88
77,4126,6.8
77,1546,2.34
77,367,0.4
78,1972,6.71
78,4406,1.66
78,7580,0.48
79,6417,0.97
79,1279,5.52
79,2563,2.68
80,2084,5.38
80,5595,8.7
80,9573,3.64
81,2853,8.45
81,7595,0.38
81,7544,9.81
82,2046,4.96
82,8047,1.7
82,9806,1.65
83,3749,8.48
83,4218,3.99
83,284,6.86
84,5679,4.12
84,8409,8.33
84,904,7.89
85,7432,9.85
85,902,8.18
85,1619,9.29
86,1627,3.66
86,9748,5.07
86,5219,1.08
87,3088,5.51
87,6710,7.65
87,2264,5.9
88,8861,0.75
88,6113,3.87
88,9893,6.75
89,6168,5.23
89,5574,5.39
89,1991,3.47
90,4270,1.07
90,9053,7.58
90,8338,4.16
91,7906,9.44
91,1123,6.26
91,9023,4.87
92,6284,2.47
92,5222,9.59
92,6470,4.18
93,3471,5.01
93,4624,1.27
93,2520,6.33
94,2850,1.21
94,7442,2.58
94,1097,5.56
95,8809,7.89
95,3136,9.81
95,58,6.83
96,1859,2.29
96,454,9.16
96,4857,9.11
97,3869,2.95
97,8810,6.84
97,6198,4.42
98,1753,9.75
98,111,2.56
98,3931,2.99
99,2785,6.11
99,2047,9.0
99,2370,7.59
100,4047,9.04
100,7203,3.81
100,7974,7.49
101,5835,9.72
101,6892,3.45
101,530,6.29
102,2398,3.52
102,255,9.24
102,1726,5.55
103,9803,7.0
103,8513,3.3
103,3674,5.46
104,9901,7.83
104,397,7.4
104,5773,2.86
105,2797,4.73
105,7606,2.89
105,1126,5.32
106,1885,2.69
106,5982,5.29
106,1640,2.29
107,8831,6.87
107,1726,6.31
107,5313,9.43
108,5398,0.43
108,8679,7.67
108,2258,6.46
109,8942,0.79
109,6349,8.69
109,9579,0.49
110,367,9.06
110,9028,4.23
110,6005,6.33
111,8871,7.17
111,2032,9.56
111,8258,1.76
112,4902,7.88
112,4135,1.0
112,2450,4.13
113,4314,3.68
113,993,0.29
113,518,6.87
114,2979,5.18
114,1389,6.97
114,4754,0.17
115,3167,6.6
115,9742,7.68
115,3362,9.57
116,3631,0.82
116,415,3.6
116,364,8.97
117,4920,8.27
117,1028,4.28
117,3088,7.72
118,8897,6.67
118,1964,8.81
118,2231,8.27
119,8650,9.38
119,65,8.78
119,6865,5.91
120,9980,7.47
120,4680,0.47
120,1134,5.18
121,6920,3.71
121,3688,0.77
121,2810,7.54
122,5919,6.23
122,9317,1.44
122,8755,0.35
123,4320,0.68
123,6876,8.32
123,2903,9.31
124,8325,3.56
124,5836,7.59
124,4034,4.32
125,4288,5.5
125,8224,3.38
125,9422,5.54
126,4767,7.07
126,7554,1.22
126,8347,3.01
127,1392,8.95
127,1405,6.88
127,5876,2.35
128,3511,2.75
128,5887,7.77
128,6364,9.49
129,8581,3.22
129,434,6.85
129,7162,3.24
130,3339,3.55
130,2857,7.21
130,6285,7.96
131,2763,7.24
131,2961,0.71
131,8080,6.46
132,1362,6.26
132,4205,0.43
132,9811,6.23
133,6386,0.95
133,9421,5.05
133,8126,6.05
134,9039,6.66
134,1839,8.97
134,9392,4.41
135,6056,7.21
135,7520,2.2
135,9834,3.59
136,5831,5.0
136,756,4.57
136,5540,2.98
137,4698,0.42
137,780,6.47
137,8393,9.07
138,2472,4.96
138,8616,6.24
138,1800,6.26
139,8293,8.53
139,3765,7.85
139,4716,2.82
140,6376,3.62
140,4353,2.84
140,5425,4.61
141,4539,1.8
141,9164,8.89
141,6989,7.59
142,1798,7.65
142,7890,6.8
142,4815,0.79
143,8514,3.44
143,3003,5.58
143,8303,2.35
144,4072,5.55
144,9627,7.4
144,8921,2.7
145,4540,8.56
145,5550,7.58
145,4983,0.94
146,9321,7.74
146,6263,8.83
146,3105,7.24
147,8066,3.95
147,3506,3.97
147,2535,0.39
148,7812,8.3
148,8747,9.31
148,1291,6.91
149,6639,7.48
149,4329,3.03
149,1046,6.13
150,6165,0.43
150,5963,9.48
150,746,4.08
151,7035,9.82
151,3209,9.43
151,525,6.93
152,1632,0.97
152,2100,3.71
152,7804,2.31
153,9774,7.48
153,786,2.35
153,912,0.91
154,2376,6.19
154,4878,3.77
154,9596,7.56
155,6008,2.74
155,7898,9.86
155,7122,6.03
156,4349,0.64
156,5764,1.07
156,503,7.93
157,7944,0.67
157,739,6.9
157,6527,9.98
158,8287,2.28
158,995,4.29
158,7163,4.81
159,7863,4.6
159,9684,6.76
159,5101,4.27
160,4654,6.48
160,487,2.55
160,8755,0.63
161,3860,7.67
161,7672,0.31
161,5876,6.17
162,8499,6.75
162,3958,9.28
162,4953,6.7
163,3129,6.56
163,4063,9.57
163,1752,2.22
164,6643,3.12
164,2390,9.93
164,8295,1.05
165,5221,8.62
165,8132,1.0
165,5940,2.34
166,4069,0.72
166,7729,8.45
166,3746,9.81
167,6848,6.35
167,5254,5.73
167,9203,7.86
168,322,9.07
168,4157,5.33
168,4562,5.46
169,553,1.57
169,8152,9.27
169,7514,8.01
170,9604,7.04
170,2369,6.37
170,4051,4.89
171,7509,6.42
171,6496,0.72
171,7477,0.18
172,2296,1.17
172,3071,9.06
172,1009,6.14
173,9481,9.16
173,556,7.67
173,1775,5.92
174,4123,5.16
174,4458,5.53
174,9293,2.32
175,4347,6.94
175,6465,9.41
175,9596,0.36
176,8411,0.26
176,3030,4.68
176,4759,8.13
177,2953,4.31
177,6777,4.4
177,49,9.35
178,8765,2.96
178,5415,3.58
178,6698,4.88
179,9904,1.03
179,1754,5.47
179,1726,4.45
180,6023,2.08
180,142,8.32
180,7572,9.58
181,9867,2.61
181,2374,3.23
181,2474,2.77
182,568,9.96
182,1635,8.78
182,9841,1.07
183,78,8.22
183,4779,6.97
183,4111,7.1
184,9606,3.89
184,8786,2.25
184,6705,1.41
185,727,7.18
185,9932,2.51
185,7668,8.38
186,9779,8.44
186,4368,5.19
186,263,9.06
187,6806,5.49
187,3607,7.63
187,9993,1.52
188,3590,3.8
188,4370,0.33
188,6017,9.88
189,7101,5.92
189,9637,4.73
189,9380,8.93
190,3032,5.7
190,3149,5.01
190,1915,0.56
191,8849,5.4
191,3915,3.84
191,1570,1.97
192,1214,3.15
192,5999,1.66
192,1938,3.51
193,8432,9.31
193,8499,2.97
193,1512,0.89
194,7235,9.3
194,7814,1.65
194,9994,4.37
195,5805,3.78
195,5052,2.67
195,7524,7.49
196,8920,8.42
196,7797,1.64
196,6113,6.52
197,2100,4.04
197,9085,6.66
197,5784,4.54
198,5310,1.1
198,7285,1.97
198,9914,8.53
199,358,4.59
199,7220,5.07
199,1941,8.94
200,4706,6.69
200,7170,3.53
200,5535,6.65
201,2978,5.09
201,1600,8.04
201,7790,1.02
202,4671,6.68
202,9418,6.61
202,5549,5.34
203,171,5.66
203,8123,2.37
203,169,9.88
204,4135,7.18
204,415,6.0
204,7488,0.64
205,1476,1.66
205,5779,9.61
205,3756,4.91
206,144,6.72
206,1093,1.99
206,1602,5.87
207,1290,3.86
207,2184,5.22
207,8414,7.43
208,9199,6.93
208,1846,2.45
208,3513,8.75
209,1426,8.48
209,2681,5.32
209,3578,7.54
210,2350,5.2
210,6646,2.43
210,7798,6.54
211,436,0.29
211,613,6.44
211,5117,7.23
212,6690,2.93
212,1937,9.98
212,4749,3.64
213,8042,4.15
213,5205,3.93
213,1185,4.88
214,5951,9.18
214,7742,5.48
214,8134,6.99
215,7324,4.72
215,8865,1.49
215,8218,2.8
216,4396,4.85
216,6851,7.39
216,8101,1.6
217,890,4.7
217,451,2.71
217,4108,2.93
218,4025,2.12
218,8959,9.51
218,1231,3.16
219,1026,1.67
219,4266,3.28
219,5986,3.32
220,2691,3.28
220,4131,0.66
220,5583,5.58
221,3771,3.55
221,5267,4.34
221,5077,8.3
222,1994,1.9
222,3625,0.65
222,7215,5.31
223,5932,7.46
223,9469,0.48
223,3385,2.85
224,2135,7.54
224,5900,2.07
224,4496,2.07
225,2909,9.11
225,9940,4.1
225,1267,4.37
226,9049,4.76
226,6342,4.48
226,7775,6.81
227,9210,2.13
227,2498,1.14
227,9318,7.87
228,9512,3.98
228,1212,3.79
228,7182,0.14
229,8889,8.53
229,3349,0.57
229,3209,6.61
230,5332,1.18
230,9966,5.59
230,3730,3.76
231,2433,6.77
231,8897,3.72
231,6046,5.94
232,1455,4.39
232,4885,1.29
232,2519,9.64
233,5043,0.65
233,5278,8.64
233,7468,3.79
234,7566,7.45
234,9684,8.01
234,579,3.78
235,7953,1.57
235,6226,5.97
235,5274,2.72
236,7256,5.21
236,6577,5.53
236,8974,7.22
237,719,7.47
237,6247,8.06
237,5038,7.31
238,5580,7.08
238,3335,4.91
238,2470,3.26
239,2555,4.91
239,4130,8.77
239,5247,0.89
240,8606,8.23
240,3948,5.17
240,9136,5.6
241,8620,3.7
241,2675,0.3
241,4393,5.16
242,4792,2.82
242,5539,9.39
242,4321,2.67
243,8554,7.19
243,4699,6.16
243,6711,8.44
244,9348,8.62
244,9874,2.52
244,1436,3.77
245,4123,9.22
245,2433,3.2
245,4831,7.87
246,2891,8.83
246,454,4.72
246,2609,8.46
247,4868,9.53
247,3927,4.41
247,9256,3.56
248,1579,9.39
248,5126,8.74
248,6855,6.46
249,226,7.9
249,8504,7.48
249,6756,6.18
250,2951,8.55
250,7241,0.51
250,9632,7.46
251,6833,5.52
251,3867,2.6
251,1859,9.96
252,5841,4.67
252,3013,9.05
252,5041,8.73
253,8447,1.1
253,961,0.67
253,9752,6.04
254,5041,8.47
254,259,4.08
254,3323,6.32
255,29,1.32
255,4440,5.06
255,8885,9.78
256,9443,5.73
256,9644,1.77
256,329,1.32
257,7993,2.95
257,7651,0.31
257,32,9.23
258,2550,4.63
258,5064,0.5
258,2053,8.82
259,5045,1.05
259,1664,4.22
259,6428,3.36
260,2737,0.77
260,9605,3.35
260,2685,3.33
261,4382,5.72
261,7583,5.64
261,4825,4.14
262,983,0.59
262,3404,9.71
262,4171,5.55
263,1756,1.46
263,1485,8.0
263,9131,1.74
264,5324,7.21
264,2749,0.57
264,2404,1.25
265,2843,1.06
265,9758,9.56
265,9331,4.21
266,4950,1.81
266,4179,8.63
266,409,5.44
267,5582,3.5
267,8931,1.85
267,7996,1.37
268,1057,3.6
268,4758,2.38
268,1014,5.39
269,8157,9.04
269,7399,7.55
269,1496,7.07
270,1639,3.21
270,1933,3.23
270,9329,8.02
271,6901,9.95
271,3861,1.19
271,4301,7.27
272,1303,7.92
272,5535,5.27
272,975,7.23
273,4598,8.67
273,5016,1.78
273,8711,1.38
274,9419,8.01
274,7666,6.73
274,3154,7.19
275,2224,0.37
275,8403,4.81
275,1741,6.33
276,8011,0.12
276,1094,7.1
276,2296,6.0
277,5053,7.16
277,1244,1.14
277,1555,4.12
278,1292,8.59
278,2225,8.85
278,5203,9.21
279,50,3.02
279,4116,3.31
279,8787,8.23
280,1406,4.17
280,5442,1.17
280,7230,9.29
281,1973,0.98
281,7978,2.78
281,958,6.13
282,3820,8.7
282,9108,7.81
282,7774,6.31
283,9654,4.52
283,2752,1.29
283,7816,5.45
284,9327,3.46
284,6209,2.67
284,3896,6.74
285,3858,2.82
285,1850,8.73
285,8126,8.01
286,2261,9.04
286,4263,5.21
286,271,3.2
287,4764,8.54
287,9454,5.19
287,4121,2.57
288,4652,9.31
288,5421,8.93
288,6804,7.18
289,5540,1.11
289,4542,0.75
289,6551,8.49
290,8393,4.18
290,2369,2.0
290,68,0.62
291,5393,2.77
291,9124,0.46
291,1647,1.91
292,1875,7.33
292,8836,4.98
292,7078,4.28
293,9799,0.32
293,6466,2.3
293,2094,2.61
294,8714,6.19
294,9492,9.73
294,4876,5.05
295,7948,9.02
295,7552,0.49
295,5868,8.53
296,4743,6.9
296,176,4.37
296,7051,2.19
297,9907,0.33
297,5676,2.75
297,3228,6.03
298,7172,6.9
298,6905,3.59
298,6233,2.6
299,9441,4.35
299,9695,0.72
299,1251,9.12
300,4704,0.43
300,8025,8.19
300,2210,7.09
301,7169,6.52
301,4287,9.91
301,9055,4.81
302,4851,0.48
302,3587,4.71
302,877,6.01
303,6787,5.35
303,538,4.97
303,1737,1.1
304,7377,5.34
304,3302,5.37
304,619,2.19
305,1328,9.68
305,920,3.7
305,4379,3.91
306,3049,0.42
306,6910,7.08
306,9145,1.83
307,3076,6.59
307,251,5.41
307,621,8.51
308,5053,0.64
308,4777,4.62
308,7277,5.13
309,125,8.55
309,1188,1.1
309,5666,1.66
310,8084,4.82
310,1876,9.28
310,1438,5.11
311,5697,0.18
311,8720,3.23
311,9740,5.48
312,5134,4.07
312,5978,3.56
312,432,0.2
313,9074,2.86
313,1371,1.61
313,1295,6.11
314,2741,8.33
314,9798,5.42
314,6057,9.78
315,3419,4.95
315,352,0.24
315,5326,8.86
316,8428,7.71
316,3642,5.43
316,6033,3.73
317,4640,2.7
317,9087,5.96
317,2812,2.82
318,1402,2.95
318,9312,0.22
318,2302,9.22
319,7903,7.81
319,6031,1.64
319,3767,7.32
320,2654,5.08
320,7050,7.59
320,1691,9.6
321,3504,5.48
321,2119,7.91
321,1086,1.07
322,3685,7.69
322,8939,2.85
322,5856,6.4
323,5515,4.56
323,4295,0.8
323,9885,3.5
324,2557,8.85
324,8011,5.6
324,4233,0.39
325,1118,2.34
325,3535,9.45
325,2838,6.56
326,2978,0.54
326,2135,3.68
326,7067,7.12
327,9291,9.64
327,6585,1.71
327,2203,2.23
328,9041,7.09
328,7248,4.73
328,6381,2.03
329,5983,8.63
329,1353,8.62
329,784,5.4
330,7113,5.97
330,633,4.06
330,2702,8.96
331,6880,3.09
331,8156,3.21
331,3471,3.68
332,3392,6.97
332,5727,8.98
332,3484,5.23
333,7102,6.31
333,6810,6.51
333,6880,4.22
334,9399,8.89
334,4841,7.97
334,2514,0.43
335,613,0.45
335,787,4.62
335,7559,0.24
336,4437,1.67
336,406,8.88
336,2135,7.24
337,6632,6.58
337,2339,3.11
337,5628,5.86
338,2115,3.44
338,6655,3.77
338,4303,5.88
339,300,8.08
339,3621,1.82
339,3553,3.66
340,1264,9.59
340,7176,0.71
340,1465,6.48
341,3829,6.98
341,9850,4.4
341,6779,0.92
342,4911,8.94
342,1577,9.88
342,329,2.91
343,854,4.57
343,3893,4.83
343,9204,7.58
344,1100,3.07
344,6509,4.94
344,2947,0.19
345,6818,1.47
345,7811,0.9
345,368,3.54
346,3381,2.32
346,9919,3.19
346,7182,4.98
347,8297,0.2
347,7106,5.34
347,9295,8.59
348,2672,5.76
348,651,7.66
348,7415,9.44
349,4193,0.25
349,7779,8.38
349,385,4.98
350,8379,1.94
350,9805,1.7
350,602,5.88
351,6546,7.69
351,3402,7.07
351,3735,5.29
352,1299,0.36
352,3366,7.55
352,3327,1.74
353,549,0.8
353,3082,5.08
353,8757,8.82
354,9570,9.54
354,5604,1.39
354,1063,4.75
355,3706,6.01
355,2444,7.95
355,9124,2.61
356,2688,9.79
356,4205,8.61
356,7741,4.04
357,6531,2.04
357,6,7.74
357,6507,2.45
358,2923,9.43
358,3604,1.24
358,1310,3.24
359,9247,0.45
359,7930,4.75
359,8770,5.5
360,8337,5.0
360,7266,7.1
360,4774,8.03
361,2630,0.82
361,925,3.38
361,1675,9.08
362,4372,5.22
362,5404,9.67
362,6364,5.44
363,1929,9.9
363,9351,9.93
363,4932,1.32
364,8903,6.31
364,6550,5.52
364,8018,5.99
365,7297,5.67
365,9000,4.49
365,6168,0.12
366,227,4.04
366,1581,8.5
366,5559,5.47
367,7340,5.35
367,3569,8.93
367,2945,7.93
368,7406,4.68
368,2460,4.72
368,3581,3.94
369,9435,4.57
369,4815,5.69
369,5277,9.59
370,9979,1.47
370,8060,2.21
370,3328,9.88
371,1707,5.52
371,1729,3.77
371,7641,8.7
372,2046,3.68
372,2848,5.29
372,3109,2.36
373,8437,3.54
373,8931,3.74
373,9648,3.03
374,1671,3.0
374,4181,3.52
374,4688,6.97
375,2182,8.03
375,9343,2.78
375,7974,3.38
376,6418,3.86
376,3428,1.98
376,1830,9.75
377,9381,3.0
377,3400,1.83
377,4196,2.31
378,2363,0.89
378,793,3.87
378,5677,2.55
379,4640,5.33
379,947,0.79
379,1615,9.37
380,4233,4.22
380,370,4.54
380,3001,3.71
381,1226,3.9
381,4690,6.3
381,3174,2.55
382,1292,1.13
382,8766,6.72
382,7857,3.41
383,2462,5.02
383,9510,3.18
383,9808,6.43
384,1543,6.58
384,614,7.04
384,255,0.77
385,9288,5.46
385,3105,1.07
385,911,6.97
386,6067,5.35
386,2720,9.19
386,9863,7.16
387,5952,8.94
387,9165,1.2
387,308,5.52
388,627,0.74
388,9797,2.0
388,1733,0.8
389,7844,5.16
389,5780,0.41
389,8613,3.43
390,9255,8.18
390,47,9.57
390,9320,0.35
391,9209,0.11
391,5783,7.83
391,6513,2.1
392,6927,1.4
392,8707,2.75
392,7806,5.62
393,6637,7.79
393,3821,3.45
393,8005,9.62
394,3282,2.64
394,5321,6.05
394,5158,2.0
395,2368,5.29
395,300,9.9
395,8253,4.13
396,3545,7.44
396,5829,9.86
396,5069,4.94
397,262,4.58
397,7990,5.02
397,5716,2.82
398,9297,4.81
398,5555,2.43
398,4179,4.94
399,1755,1.36
399,1380,0.15
399,4567,4.24
400,2622,2.78
400,6099,7.89
400,2754,7.26
401,2758,8.65
401,6516,8.07
401,704,9.88
402,1390,2.33
402,1401,4.88
402,4175,3.88
403,8596,4.5
403,5134,5.48
403,2847,1.54
404,8832,7.17
404,144,1.57
404,6412,3.8
405,7235,8.12
405,1061,8.7
405,3963,9.64
406,2900,5.26
406,950,0.97
406,6714,7.43
407,5045,0.78
407,2200,3.46
407,245,8.35
408,1977,7.73
408,7782,4.06
408,1194,9.16
409,3992,8.52
409,544,2.09
409,269,6.38
410,367,8.75
410,9106,8.94
410,6057,5.54
411,5637,2.41
411,6278,2.61
411,8928,7.48
412,1547,3.32
412,3959,5.34
412,4773,3.97
413,6997,5.05
413,6117,9.5
413,1175,2.82
414,9580,8.3
414,5072,6.95
414,5322,2.19
415,989,7.07
415,6375,0.65
415,9509,3.58
416,3111,6.46
416,8126,4.43
416,4701,6.94
417,3012,5.26
417,6356,6.34
417,9666,3.16
418,317,8.4
418,1210,9.02
418,714,7.93
419,3208,5.67
419,9318,2.37
419,665,3.62
420,5613,8.57
420,4090,2.79
420,6074,1.41
421,9502,5.28
421,8216,8.48
421,5263,4.18
422,3449,3.3
422,3034,0.24
422,9024,5.45
423,6171,9.3
423,3630,9.34
423,792,8.49
424,6785,7.18
424,3480,7.48
424,3946,8.46
425,3062,6.14
425,1289,1.22
425,2284,2.94
426,546,4.67
426,5396,8.88
426,8829,7.35
427,3686,0.96
427,5281,3.07
427,938,2.72
428,173,2.83
428,6848,9.78
428,1619,4.39
429,7568,6.05
429,7245,5.4
429,7807,5.52
430,1379,5.72
430,9614,8.67
430,7291,7.69
431,5906,5.65
431,7682,4.64
431,3540,8.93
432,6917,1.89
432,3765,4.97
432,2315,2.62
433,1669,7.58
433,665,8.28
433,842,7.63
434,2701,3.95
434,2256,7.23
434,3357,9.66
435,2873,8.34
435,9522,1.71
435,7209,2.04
436,9134,3.54
436,3057,0.89
436,7062,7.16
437,8844,4.35
437,384,6.95
437,972,6.33
438,8572,9.85
438,3750,8.21
438,1751,0.34
439,5420,2.43
439,8454,5.67
439,3422,0.42
440,5582,0.5
440,169,1.48
440,7696,9.41
441,6869,9.5
441,4390,5.1
441,4943,8.9
442,878,1.75
442,409,6.61
442,652,3.78
443,7963,6.5
443,8452,8.48
443,2157,5.66
444,9191,2.06
444,3176,9.91
444,9966,4.99
445,2153,2.26
445,5639,6.61
445,8986,6.14
446,7480,9.15
446,2555,4.73
446,7912,6.13
447,5400,3.44
447,1212,8.73
447,4796,4.85
448,7627,2.41
448,9974,5.17
448,2208,1.43
449,3285,0.91
449,4445,8.54
449,8060,0.65
450,8683,1.82
450,2470,4.49
450,1915,4.04
451,7593,2.45
451,5140,2.52
451,7914,9.83
452,6593,1.19
452,7528,3.11
452,8274,7.26
453,2226,2.67
453,9549,9.8
453,1273,1.84
454,7007,4.46
454,5040,2.29
454,8184,8.81
455,6846,0.21
455,5810,7.24
455,1312,9.45
456,5222,2.23
456,6179,4.31
456,4737,4.88
457,3252,7.11
457,3002,7.03
457,9863,8.1
458,2366,1.79
458,8695,9.71
458,130,5.77
459,3917,0.44
459,2318,1.83
459,8618,5.85
460,5863,5.82
460,1255,1.85
460,90,7.67
461,9380,9.73
461,9696,7.02
461,6719,3.62
462,1284,2.57
462,1978,5.15
462,2309,8.3
463,2506,2.99
463,2611,2.37
463,3895,0.41
464,9638,1.12
464,1596,7.43
464,4394,1.92
465,8848,4.65
465,9846,7.15
465,20,7.32
466,8935,8.33
466,285,6.6
466,104,3.32
467,3890,1.1
467,5013,0.44
467,2092,3.58
468,4345,1.31
468,507,9.85
468,6550,6.26
469,7832,4.09
469,5076,0.66
469,3402,9.56
470,8425,9.19
470,6240,2.95
470,459,4.8
471,4395,0.99
471,2947,6.28
471,2939,1.04
472,8817,6.56
472,3920,9.39
472,5634,4.84
473,1558,3.62
473,3997,2.21
473,5650,8.86
474,7543,1.93
474,9477,4.74
474,4006,3.64
475,9252,4.18
475,4417,9.83
475,7172,3.75
476,184,4.37
476,3843,5.61
476,5723,6.34
477,7255,1.64
477,3870,7.38
477,931,6.62
478,1621,0.91
478,9746,5.25
478,2238,9.05
479,2028,1.18
479,7534,9.7
479,3168,6.46
480,1779,4.62
480,9607,0.85
480,6417,5.89
481,5900,7.31
481,7448,2.87
481,2039,0.96
482,694,8.31
482,8463,9.66
482,7918,0.64
483,8587,5.57
483,3642,4.73
483,2108,4.65
484,3605,2.27
484,3275,1.62
484,4306,9.94
485,8005,7.2
485,1898,0.92
485,4547,5.31
486,6293,4.1
486,4487,3.04
486,2902,3.71
487,5136,0.31
487,6068,6.01
487,1069,2.99
488,8790,0.55
488,9460,3.48
488,1080,2.35
489,9664,5.34
489,8788,9.66
489,8891,3.95
490,1463,5.28
490,7954,1.33
490,7944,9.79
491,9921,9.89
491,591,6.69
491,3543,4.01
492,8648,5.38
492,1312,0.6
492,233,2.91
493,3101,6.14
493,6984,4.01
493,7192,9.8
494,7924,8.06
494,6941,2.03
494,3914,0.14
495,2528,2.96
495,2720,9.33
495,3506,3.31
496,1845,4.25
496,182,4.31
496,4517,5.04
497,6780,0.93
497,567,1.24
497,8632,3.86
498,6034,1.37
498,9584,7.9
498,5653,6.26
499,2349,1.62
499,2838,7.61
499,2955,8.48
500,3093,0.3
500,778,6.74
500,6359,0.69
501,2931,2.76
501,419,5.72
501,6699,6.65
502,1867,2.49
502,8855,4.37
502,3782,6.98
503,980,6.94
503,5513,0.74
503,3869,5.23
504,3635,4.53
504,6297,3.34
504,9843,4.15
505,4040,5.72
505,3605,5.43
505,5079,8.83
506,2572,4.53
506,1427,6.92
506,1749,7.35
507,7986,6.99
507,4118,6.97
507,7042,4.99
508,5837,6.66
508,9965,6.49
508,8015,9.58
509,9725,8.33
509,5190,5.35
509,2910,5.6
510,4746,5.81
510,4086,5.77
510,4794,3.2
511,5134,6.88
511,3447,7.74
511,9061,2.43
512,1694,6.95
512,711,1.12
512,4518,0.34
513,9520,4.36
513,8450,1.04
513,352,4.25
514,1411,6.97
514,5054,0.3
514,1079,2.99
515,9921,4.22
515,6735,1.72
515,8154,8.39
516,9964,8.31
516,946,7.27
516,9475,6.5
517,2752,2.17
517,9795,1.44
517,3893,0.83
518,1853,1.35
518,1234,7.0
518,4080,4.53
519,6295,3.2
519,4414,8.65
519,3187,7.73
520,837,5.01
520,97,7.24
520,8770,9.03
521,4854,2.2
521,8380,4.69
521,821,3.07
522,2659,3.28
522,4826,3.41
522,1386,3.99
523,1937,1.16
523,9527,5.83
523,2909,7.07
524,6667,0.45
524,9927,4.21
524,5976,8.45
525,9263,7.41
525,7793,0.16
525,822,0.18
526,2962,7.65
526,2233,6.61
526,5782,2.24
527,2197,4.21
527,8870,4.64
527,5864,2.28
528,2716,5.77
528,7746,2.73
528,4988,7.73
529,8142,9.36
529,9114,5.4
529,6738,6.32
530,4935,2.57
530,8373,0.78
530,9429,1.12
531,6203,7.37
531,2010,7.81
531,5980,8.99
532,9075,4.33
532,6436,3.59
532,7482,6.46
533,7055,8.67
533,4288,4.55
533,9251,5.75
534,4946,7.35
534,7074,1.76
534,981,1.23
535,3994,1.42
535,2065,5.47
535,5235,2.14
536,7871,5.53
536,55,0.16
536,8323,5.89
537,8336,3.56
537,5777,2.01
537,3064,2.51
538,1481,2.82
538,4984,2.47
538,7809,8.95
539,5782,9.91
539,5194,6.27
539,2007,7.61
540,3556,5.6
540,1249,8.07
540,6207,7.65
541,8082,6.45
541,3240,8.76
541,567,8.54
542,4298,4.16
542,2725,6.89
542,213,7.32
543,7750,9.14
543,8678,3.32
543,5844,0.7
544,6464,1.54
544,7230,7.77
544,4316,6.81
545,9304,9.12
545,3421,9.93
545,7213,1.49
546,4902,7.21
546,8459,7.25
546,4485,6.46
547,7127,3.3
547,9880,3.46
547,4971,8.05
548,9310,9.13
548,3939,5.66
548,8340,5.87
549,5687,7.28
549,333,5.3
549,8310,3.38
550,6069,7.93
550,5810,8.58
550,7214,9.03
551,3214,7.43
551,1669,3.19
551,3849,1.97
552,8108,9.49
552,535,9.8
552,6824,9.16
553,8422,2.98
553,3513,3.33
553,1570,4.48
554,8757,7.87
554,5129,5.06
554,1236,6.17
555,2868,6.18
555,8216,2.49
555,2166,0.23
556,4048,0.27
556,4861,6.41
556,9959,0.85
557,268,7.2
557,950,7.64
557,2479,1.78
558,9202,6.07
558,3864,7.92
558,3521,8.8
559,8636,4.03
559,4250,4.53
559,9335,2.26
560,7987,2.38
560,7719,0.73
560,2349,7.6
561,9323,1.32
561,6326,1.84
561,7932,6.01
562,4787,7.17
562,4290,8.05
562,9345,4.04
563,7714,3.91
563,4917,6.3
563,5068,6.48
564,3636,4.56
564,9078,7.89
564,5296,3.04
565,6512,6.29
565,3795,9.03
565,2671,2.39
566,9968,9.18
566,7245,9.46
566,4629,4.25
567,8597,5.92
567,887,0.13
567,7192,0.52
568,8310,1.38
568,1930,9.52
568,8073,3.78
569,7940,5.86
569,736,1.75
569,1929,8.25
570,3614,7.4
570,6018,9.3
570,7913,6.03
571,8977,6.36
571,4351,4.57
571,9519,3.51
572,984,6.23
572,6942,1.27
572,4563,1.92
573,8181,9.15
573,7921,0.21
573,6104,4.69
574,727,1.59
574,7239,5.67
574,3078,0.44
575,8743,2.28
575,9645,6.57
575,1470,0.65
576,1212,9.44
576,5937,7.37
576,3712,6.12
577,382,4.99
577,1569,1.91
577,6625,8.54
578,2948,7.5
578,2259,8.78
578,2088,1.68
579,5219,0.44
579,6369,9.47
579,205,0.68
580,1344,8.87
580,9328,1.96
580,8909,6.4
581,6647,2.22
581,5426,3.06
581,2414,8.53
582,7499,4.27
582,4083,6.53
582,4698,2.7
583,1942,7.62
583,6471,3.39
583,8547,3.63
584,5135,4.75
584,3512,7.78
584,85,7.48
585,2883,8.2
585,990,3.77
585,2841,4.19
586,8949,9.26
586,1040,3.67
586,5618,2.54
587,3100,2.25
587,9099,0.82
587,2290,0.93
588,6499,9.17
588,2526,8.52
588,2455,1.77
589,4267,8.6
589,4867,7.79
589,9976,2.04
590,2432,7.12
590,3918,5.5
590,9757,4.57
591,13,3.75
591,57,3.06
591,9135,4.11
592,9739,0.91
592,2198,3.18
592,3358,1.2
593,4460,4.81
593,90,3.34
593,9401,5.93
594,567,0.73
594,4140,4.74
594,535,8.85
595,5127,7.05
595,6078,3.49
595,2523,7.06
596,7135,9.8
596,7425,6.27
596,8138,9.85
597,7580,9.31
597,7609,1.63
597,5570,1.82
598,661,8.89
598,7381,4.86
598,9521,7.19
599,6154,7.61
599,3881,9.43
599,2222,0.48
600,8592,5.76
600,1760,0.71
600,8947,4.94
601,6293,2.68
601,266,1.09
601,3992,9.75
602,9518,8.69
602,2350,1.0
602,6494,9.69
603,8584,4.05
603,6575,0.62
603,6360,7.68
604,984,6.97
604,6034,9.69
604,4057,5.71
605,3071,2.73
605,2858,2.53
605,4012,8.66
606,5406,9.35
606,4114,9.15
606,8565,3.97
607,1875,4.4
607,3245,6.63
607,4739,3.33
608,914,7.63
608,7358,5.84
608,4386,3.31
609,7099,8.17
609,3809,1.66
609,3336,4.17
610,9028,2.98
610,4327,2.5
610,5562,4.18
611,8523,0.87
611,5154,2.7
611,2678,2.49
612,9354,2.09
612,9305,7.91
612,4437,9.54
613,15,1.5
613,4846,6.73
613,3254,4.16
614,9650,6.88
614,1146,0.8
614,8403,0.84
615,9530,0.17
615,8489,4.61
615,1033,1.84
616,3164,2.65
616,1893,3.63
616,5973,6.47
617,339,5.76
617,9611,9.94
617,4551,7.81
618,1821,6.54
618,2890,5.94
618,6221,1.56
619,3421,1.88
619,7690,5.39
619,4003,1.13
620,6496,4.04
620,493,0.21
620,5284,4.11
621,9457,0.92
621,6568,9.74
621,1265,9.56
622,3153,1.01
622,2955,6.95
622,7716,4.19
623,3639,4.25
623,1585,0.76
623,1352,7.17
624,3812,3.04
624,5776,5.5
624,4198,9.28
625,3640,5.49
625,5172,8.87
625,5139,0.24
626,1182,0.16
626,1211,6.76
626,7337,0.98
627,5706,9.79
627,3400,2.17
627,6146,6.96
628,7185,6.97
628,9960,3.99
628,7814,4.41
629,347,6.71
629,4773,8.66
629,1701,6.17
630,5074,2.86
630,9830,0.18
630,8399,2.25
631,8751,5.95
631,5005,0.87
631,4633,1.23
632,2410,3.07
632,942,2.81
632,1715,1.78
633,9976,8.86
633,3377,6.81
633,3041,5.86
634,347,1.62
634,5796,9.45
634,7738,3.72
635,4754,6.52
635,694,9.68
635,6291,0.68
636,4816,4.07
636,279,2.1
636,7028,5.44
637,3993,7.4
637,4184,4.42
637,220,1.74
638,5847,8.03
638,7681,2.53
638,4827,0.72
639,9644,7.72
639,9095,8.62
639,6904,7.63
640,1107,7.12
640,4207,1.9
640,5801,0.77
641,6444,7.41
641,3099,5.39
641,6068,2.68
642,1803,0.51
642,9156,8.04
642,9884,9.3
643,7407,1.24
643,1627,8.9
643,4481,0.43
644,2650,7.67
644,9909,3.87
644,8491,6.4
645,9553,0.25
645,7427,9.31
645,9456,9.4
646,6655,0.29
646,1394,2.51
646,2257,3.95
647,3988,9.85
647,7613,7.48
647,7549,0.88
648,337,7.42
648,5888,0.62
648,4602,9.83
649,9621,8.98
649,2294,4.92
649,6811,7.58
650,5733,6.69
650,2454,2.19
650,1437,8.98
651,9814,5.8
651,2898,9.26
651,8023,0.16
652,465,3.88
652,9729,2.53
652,2272,8.73
653,2697,4.32
653,4683,1.52
653,5287,1.88
654,5160,9.12
654,3261,6.02
654,5241,9.56
655,6731,5.42
655,9539,2.46
655,3375,9.45
656,9547,5.35
656,5548,1.07
656,1385,2.19
657,9313,8.0
657,6505,1.26
657,8637,6.38
658,592,2.26
658,6770,5.5
658,3193,0.49
659,8644,3.17
659,6113,3.34
659,3371,6.51
660,3533,9.68
660,5403,1.32
660,5868,6.22
661,7979,1.35
661,1079,9.74
661,402,4.11
662,6632,0.48
662,1539,3.55
662,4682,6.33
663,6500,2.85
663,4200,3.45
663,6776,6.4
664,124,6.72
664,7064,1.9
664,4727,2.66
665,2938,6.5
665,8378,6.05
665,6816,1.22
666,8961,7.74
666,9478,5.67
666,8204,5.05
667,3295,4.08
667,7800,3.45
667,5618,3.74
668,5636,9.01
668,5757,3.28
668,522,9.93
669,4788,5.82
669,350,2.49
669,9531,3.79
670,1808,5.96
670,3344,0.89
670,9271,8.95
671,7199,4.25
671,7955,4.28
671,7473,3.62
672,9513,4.3
672,7966,5.81
672,7525,9.36
673,8834,8.62
673,2517,3.09
673,9824,3.33
674,3732,5.4
674,6401,6.71
674,6874,7.61
675,1816,8.25
675,3485,4.1
675,6148,2.2
676,4583,6.88
676,5911,9.59
676,2033,7.03
677,1127,5.45
677,8265,8.61
677,3248,7.22
678,6382,3.68
678,1640,4.92
678,9517,5.42
679,6654,4.54
679,1501,4.28
679,6909,6.94
680,4433,1.46
680,5617,3.54
680,6923,0.34
681,9919,9.49
681,4749,6.17
681,7128,6.08
682,2374,3.12
682,4214,0.38
682,7811,1.17
683,9819,9.07
683,7218,1.37
683,7699,8.16
684,5958,3.01
684,6965,5.21
684,250,0.86
685,4476,2.26
685,6769,9.86
685,3254,8.84
686,7970,6.68
686,8477,7.06
686,9061,1.65
687,6400,5.64
687,4118,5.71
687,1052,7.21
688,1851,9.61
688,9298,3.44
688,3810,3.23
689,2420,3.47
689,3466,6.79
689,8043,6.3
690,1812,5.5
690,4515,6.84
690,3076,6.98
691,8875,7.14
691,3803,0.21
691,973,0.5
692,8335,1.03
692,3490,4.95
692,3035,7.61
693,9572,3.25
693,9491,6.78
693,9391,6.48
694,1845,9.38
694,1031,0.38
694,1832,6.09
695,7843,5.6
695,2920,2.64
695,2944,1.17
696,21,7.7
696,1933,0.6
696,9563,4.18
697,2948,6.71
697,8561,4.26
697,6513,6.55
698,6084,6.5
698,2077,3.87
698,3740,7.44
699,2078,7.08
699,4894,5.12
699,9781,7.74
700,6405,7.59
700,5473,5.59
700,9466,3.21
701,852,1.77
701,5934,7.33
701,3287,7.62
702,9669,8.09
702,5405,1.5
702,6870,6.22
703,4283,2.58
703,878,0.35
703,7440,4.92
704,2311,2.27
704,3260,2.85
704,6977,2.59
705,6434,2.86
705,8290,4.49
705,5144,0.32
706,2884,3.96
706,6786,4.43
706,2692,0.29
707,474,2.91
707,1940,0.66
707,2606,7.38
708,3597,4.8
708,5070,9.04
708,9466,9.16
709,6899,4.27
709,5792,9.23
709,9049,6.18
710,6620,6.97
710,4573,6.14
710,2048,8.4
711,6226,0.15
711,6596,8.91
711,5465,4.51
712,7267,4.43
712,8070,0.84
712,4624,8.14
713,9773,7.91
713,815,3.92
713,3994,6.49
714,9336,1.19
714,9388,5.81
714,6192,1.28
715,8780,1.84
715,6636,7.55
715,7830,1.98
716,2237,4.57
716,6150,1.3
716,6151,7.9
717,9153,4.48
717,53,7.33
717,3263,2.57
718,6057,2.19
718,932,6.41
718,8525,9.99
719,5665,2.93
719,6368,6.52
719,2744,3.6
720,6831,5.18
720,2712,5.05
720,2724,9.2
721,1709,4.55
721,4980,2.79
721,9215,7.39
722,9431,7.4
722,8203,3.87
722,9501,1.34
723,5037,8.66
723,8771,9.93
723,6445,0.8
724,8247,9.92
724,3456,5.79
724,2066,7.63
725,3813,9.94
725,6509,9.34
725,8964,1.9
726,48,4.46
726,9225,0.28
726,3703,7.53
727,1464,0.26
727,7588,8.55
727,7587,9.11
728,2758,7.99
728,720,3.14
728,2385,5.69
729,1107,7.63
729,4156,7.9
729,4011,2.04
730,8252,9.28
730,1661,5.55
730,3392,6.66
731,7523,2.09
731,4160,9.62
731,7633,8.53
732,7457,5.37
732,443,8.08
732,6691,2.24
733,939,3.87
733,791,8.66
733,8808,8.41
734,550,6.9
734,4012,5.92
734,3202,6.1
735,6638,2.01
735,292,3.62
735,4274,9.7
736,7921,9.75
736,4231,8.53
736,7967,9.9
737,3742,9.09
737,8940,1.6
737,5113,4.36
738,6071,6.38
738,2229,9.42
738,190,9.47
739,4299,1.3
739,4937,2.28
739,5412,6.42
740,6811,3.85
740,2952,9.35
740,7328,4.66
741,5019,3.08
741,8531,5.29
741,1471,2.33
742,7442,0.26
742,4389,0.13
742,6604,5.16
743,8058,9.73
743,5653,6.03
743,664,3.7
744,8413,7.65
744,7724,7.31
744,4671,5.94
745,7636,8.81
745,9011,1.58
745,5447,0.15
746,5811,5.85
746,8210,9.91
746,304,4.25
747,4919,3.21
747,6742,1.37
747,8082,4.51
748,5329,1.11
748,7704,4.75
748,3537,8.4
749,4169,1.37
749,8927,6.85
749,6837,7.39
750,3482,0.24
750,6723,4.25
750,8559,4.26
751,1582,8.95
751,6916,4.34
751,2105,6.11
752,699,3.55
752,6639,7.22
752,8449,6.3
753,1961,9.99
753,5034,5.67
753,7949,5.97
754,7627,2.55
754,2934,8.15
754,3340,3.4
755,3799,3.17
755,3058,5.22
755,6095,7.43
756,2398,6.71
756,3066,3.02
756,8890,9.45
757,1050,0.13
757,5839,4.43
757,8867,1.1
758,533,6.14
758,7904,6.59
758,8675,8.52
759,7891,1.35
759,4750,3.69
759,8519,0.16
760,5530,1.92
760,2089,3.19
760,8150,2.88
761,1826,9.11
761,3218,2.64
761,5024,5.61
762,8622,5.72
762,5730,1.95
762,7758,6.27
763,6158,5.94
763,7890,4.47
763,3029,2.78
764,2234,2.21
764,8440,8.15
764,5867,2.43
765,7330,4.75
765,3943,9.76
765,9922,7.87
766,8106,8.21
766,6209,5.31
766,1442,8.9
767,7479,2.16
767,3414,7.36
767,3666,5.32
768,1385,0.98
768,3972,4.94
768,2066,7.59
769,1708,0.52
769,5108,4.42
769,232,7.41
770,6188,8.84
770,7123,7.79
770,984,8.26
771,3063,5.23
771,6212,6.79
771,3121,4.74
772,4237,0.6
772,2614,3.58
772,910,5.77
773,8814,2.62
773,9787,0.38
773,2443,4.48
774,8800,1.11
774,5367,2.65
774,7497,9.13
775,4118,9.03
775,7030,0.8
775,1693,8.95
776,646,6.94
776,9484,0.49
776,922,9.51
777,1976,3.01
777,948,2.98
777,2896,1.04
778,1426,0.41
778,54,0.28
778,8547,2.33
779,7844,6.99
779,4564,1.71
779,7615,1.4
780,2497,3.19
780,2379,2.53
780,8719,4.81
781,9840,9.15
781,9703,7.76
781,4150,4.5
782,8219,3.94
782,9915,0.53
782,8816,2.86
783,846,8.16
783,7866,4.15
783,20,1.58
784,2637,3.53
784,4440,9.82
784,9715,1.03
785,4953,2.43
785,753,9.6
785,4496,5.22
786,2821,0.66
786,961,3.86
786,2731,4.6
787,8467,7.94
787,1055,7.63
787,9246,0.94
788,7417,3.03
788,5346,4.79
788,5289,2.94
789,930,7.11
789,3983,0.63
789,1473,8.57
790,6909,5.38
790,2370,8.12
790,5083,6.75
791,5266,7.55
791,4138,0.8
791,6693,3.15
792,4319,1.84
792,3004,0.73
792,3283,5.18
793,4041,7.69
793,1936,2.67
793,3278,3.15
794,2235,2.43
794,3428,1.41
794,9249,9.0
795,3381,7.83
795,4159,3.78
795,5501,5.72
796,7065,9.97
796,3539,6.51
796,8324,3.6
797,8751,3.83
797,2843,2.47
797,278,9.58
798,3533,7.8
798,1613,0.65
798,3327,5.39
799,6018,2.68
799,1884,0.6
799,7620,0.6
800,3888,6.72
800,3652,7.99
800,1052,3.08
801,2091,8.19
801,8367,7.99
801,1716,1.18
802,4141,5.86
802,2556,1.42
802,3688,0.44
803,7777,8.4
803,948,5.85
803,4285,0.64
804,9587,3.01
804,893,6.94
804,6173,2.26
805,2436,1.43
805,362,3.38
805,3843,8.46
806,2428,7.82
806,5959,5.29
806,6108,3.14
807,4365,6.73
807,8830,6.19
807,7532,5.33
808,245,1.11
808,5926,0.5
808,3253,3.39
809,930,1.11
809,3973,8.37
809,4042,0.42
810,2009,4.86
810,3208,7.82
810,8832,9.98
811,2944,2.73
811,3629,7.21
811,7180,8.42
812,1577,6.16
812,9892,6.21
812,1409,5.51
813,5540,0.67
813,6109,5.62
813,790,0.15
814,5048,6.81
814,8437,4.12
814,276,6.78
815,5193,2.48
815,2210,4.77
815,3330,3.12
816,7255,4.13
816,46,6.69
816,9214,3.71
817,9116,5.99
817,9602,0.24
817,7107,4.51
818,4393,5.9
818,7007,1.08
818,8350,1.33
819,413,9.93
819,8513,5.74
819,5627,1.65
820,5096,8.38
820,561,9.01
820,3918,0.83
821,563,8.09
821,5283,6.53
821,585,4.05
822,8484,6.19
822,2105,1.13
822,2582,1.15
823,1623,0.74
823,7822,8.21
823,9220,3.87
824,1187,5.31
824,7202,2.09
824,5888,3.91
825,4894,9.68
825,5049,6.97
825,1500,1.61
826,8773,4.48
826,3830,7.32
826,9996,2.01
827,4980,9.6
827,1437,6.75
827,8560,1.51
828,9564,6.07
828,7043,4.12
828,2204,1.08
829,3697,3.82
829,8214,9.11
829,7887,3.03
830,623,9.23
830,1363,2.7
830,7172,3.52
831,5839,3.97
831,6699,4.03
831,1969,0.94
832,1704,5.08
832,6176,3.27
832,2908,6.82
833,3021,1.1
833,5641,5.95
833,5750,4.43
834,592,6.09
834,7196,2.71
834,6812,2.32
835,9972,4.7
835,4700,9.11
835,845,3.82
836,631,3.32
836,1189,8.6
836,8359,2.79
837,8454,5.37
837,1952,5.68
837,2609,3.61
838,7594,5.31
838,3437,7.13
838,7684,0.2
839,5434,2.34
839,274,2.43
839,4068,9.62
840,2044,2.29
840,6298,7.88
840,5770,7.85
841,1593,7.67
841,4758,9.72
841,5738,9.63
842,3118,5.63
842,7875,3.25
842,9859,5.36
843,1201,7.52
843,2100,0.77
843,1182,4.9
844,483,7.95
844,2817,6.07
844,9560,6.2
845,2536,0.66
845,2524,9.27
845,472,7.69
846,4018,9.67
846,5909,7.09
846,2594,4.54
847,3140,7.77
847,4252,5.14
847,8282,8.69
848,8669,8.93
848,4648,4.2
848,995,2.41
849,4936,4.24
849,8429,3.29
849,9475,6.32
850,2532,4.99
850,9791,7.04
850,2468,7.56
851,7844,7.3
851,1706,4.32
851,5637,4.64
852,3443,8.61
852,4965,0.82
852,1264,6.23
853,2059,9.41
853,9753,4.99
853,9049,5.02
854,5226,7.28
854,7663,1.98
854,2120,1.77
855,4674,0.86
855,1581,0.1
855,7786,0.86
856,2574,2.02
856,4250,3.85
856,2378,7.64
857,9958,2.32
857,3734,8.4
857,8831,4.95
858,4225,4.57
858,1643,1.85
858,8133,4.0
859,7101,6.52
859,2095,8.87
859,4349,4.76
860,3611,2.39
860,4681,5.66
860,9825,3.95
861,8659,2.56
861,3173,7.77
861,4145,7.71
862,8976,5.07
862,6151,6.25
862,4775,6.62
863,9015,0.88
863,7025,3.42
863,479,7.84
864,9628,1.67
864,3881,7.48
864,3012,9.45
865,2056,2.56
865,4670,4.69
865,4713,3.66
866,4776,1.55
866,6934,8.79
866,7309,6.37
867,2041,8.81
867,6809,6.21
867,8732,2.43
868,7658,3.08
868,8019,3.77
868,4604,7.95
869,1093,6.61
869,806,2.43
869,2238,1.16
870,6151,4.3
870,8363,6.28
870,5,4.23
871,9557,0.18
871,1848,8.15
871,2178,4.19
872,6439,9.3
872,5103,3.34
872,862,3.1
873,4745,0.74
873,9702,3.15
873,1982,1.92
874,1273,1.56
874,3192,8.05
874,9360,5.43
875,7341,1.81
875,4065,1.28
875,241,4.61
876,3093,9.4
876,1513,6.8
876,655,9.6
877,6991,8.07
877,6673,8.42
877,1258,6.0
878,9609,6.02
878,9046,0.39
878,8193,4.19
879,3112,7.36
879,9693,6.5
879,6918,3.85
880,2381,8.58
880,4773,3.39
880,5756,8.72
881,693,2.81
881,3538,3.51
881,9533,3.97
882,7888,2.74
882,7710,2.78
882,1345,6.38
883,1053,9.56
883,5145,6.78
883,9167,6.87
884,8750,8.21
884,678,4.41
884,8567,3.98
885,1542,3.57
885,945,4.85
885,9246,8.18
886,9033,7.74
886,1223,4.03
886,9217,7.5
887,2058,3.16
887,9223,5.8
887,1774,2.1
888,2794,2.01
888,368,3.98
888,6930,3.58
889,103,1.45
889,7395,5.64
889,2630,8.65
890,334,1.57
890,5066,0.32
890,4742,4.96
891,3692,2.04
891,7316,7.91
891,8646,6.54
892,8775,2.8
892,5704,7.36
892,2219,4.6
893,8203,5.12
893,5938,7.98
893,9024,6.21
894,7814,6.17
894,9248,1.75
894,8083,5.87
895,3091,8.88
895,6396,3.86
895,5681,3.12
896,2597,2.77
896,7337,7.54
896,355,5.52
897,5458,3.76
897,5226,8.25
897,2006,1.08
898,639,8.6
898,3817,5.69
898,888,3.06
899,3876,3.55
899,1952,5.16
899,8094,3.34
900,3635,4.59
900,9769,3.63
900,8792,8.78
901,8567,8.13
901,3052,2.94
901,5099,2.2
902,7366,0.24
902,6628,5.67
902,3760,1.59
903,292,9.84
903,1146,5.95
903,5293,6.53
904,8772,5.75
904,6705,4.95
904,9369,4.39
905,3883,7.96
905,6403,6.38
905,809,8.43
906,2033,5.24
906,5199,2.46
906,7242,3.59
907,7149,4.57
907,2987,3.36
907,9679,9.1
908,7868,9.7
908,9532,0.43
908,3912,3.75
909,1074,8.65
909,7008,0.52
909,6123,3.87
910,7258,1.88
910,3747,2.54
910,3497,9.94
911,8964,5.54
911,5325,8.92
911,5968,7.53
912,6167,1.8
912,6729,2.58
912,9077,1.05
913,3655,2.44
913,8973,0.65
913,9175,7.28
914,7493,8.14
914,9430,5.66
914,6766,5.73
915,7841,6.77
915,354,3.66
915,9034,1.35
916,658,1.96
916,6669,9.56
916,6254,1.26
917,7203,5.35
917,2553,5.06
917,8469,4.34
918,7959,7.7
918,120,9.38
918,503,9.62
919,1705,6.0
919,2132,10.0
919,8527,5.98
920,7785,9.81
920,3460,5.79
920,7043,4.97
921,5641,0.92
921,3994,4.77
921,6098,7.3
922,5097,6.74
922,2275,1.59
922,150,4.83
923,5469,0.3
923,9616,2.28
923,7691,4.83
924,2854,2.04
924,9774,4.7
924,5647,1.33
925,5593,4.5
925,5121,7.17
925,903,4.55
926,8502,5.53
926,1674,6.16
926,1512,5.75
927,6807,6.41
927,8443,7.33
927,2540,3.95
928,7019,1.9
928,4427,1.66
928,4953,3.95
929,1449,8.8
929,6959,9.86
929,9145,5.56
930,7323,3.81
930,8027,5.08
930,6262,3.92
931,6970,7.11
931,5834,7.52
931,2203,9.01
932,8132,4.07
932,9349,7.86
932,8457,2.12
933,5598,4.45
933,8249,8.8
933,2081,5.12
934,640,7.19
934,8280,8.09
934,7019,2.92
935,9141,2.48
935,7100,6.9
935,6879,0.73
936,2053,9.61
936,3301,0.32
936,2774,5.85
937,8731,9.76
937,8216,4.77
937,9175,9.94
938,3099,7.83
938,90,7.39
938,3129,9.71
939,6269,4.6
939,3658,4.14
939,9138,5.22
940,4786,4.73
940,2274,3.27
940,6342,1.94
941,7867,7.08
941,6444,7.8
941,5013,1.05
942,5819,5.8
942,770,5.9
942,1555,3.21
943,5986,5.3
943,4815,1.94
943,7962,4.81
944,5986,8.6
944,9147,8.43
944,7828,2.72
945,1476,4.32
945,3803,4.47
945,1273,3.24
946,8706,3.41
946,2659,2.03
946,5833,7.74
947,1032,9.6
947,3061,4.82
947,2562,4.92
948,7017,6.01
948,6381,8.23
948,2007,9.1
949,3015,2.02
949,8414,5.04
949,6980,8.67
950,9813,4.11
950,9062,2.98
950,6873,4.81
951,3049,3.52
951,3765,8.84
951,1215,5.37
952,6142,7.24
952,4789,5.22
952,3732,5.39
953,9745,1.41
953,5766,4.82
953,7171,1.01
954,4452,6.61
954,4028,6.29
954,9822,6.34
955,7578,3.47
955,5068,4.84
955,9213,9.69
956,5612,7.22
956,9113,0.53
956,3697,9.02
957,8709,1.91
957,1173,8.11
957,4903,8.05
958,4606,6.95
958,1117,9.28
958,9180,0.62
959,6952,6.52
959,9148,6.06
959,1453,0.12
960,2492,8.17
960,1298,3.92
960,3700,7.47
961,7168,5.18
961,8340,6.58
961,2464,6.41
962,2673,7.59
962,3803,7.83
962,1119,2.12
963,1909,8.97
963,4828,1.61
963,7668,9.86
964,1511,7.97
964,9022,5.49
964,5376,7.58
965,772,7.16
965,4135,8.03
965,6397,2.75
966,8355,4.76
966,1129,9.45
966,7700,1.53
967,2556,2.36
967,7019,6.95
967,2112,2.03
968,6605,6.65
968,920,1.26
968,6251,3.82
969,4234,1.09
969,4149,7.86
969,2316,1.08
970,449,2.39
970,849,1.24
970,4037,5.57
971,4975,6.94
971,7219,5.06
971,6383,9.22
972,4623,0.58
972,7538,1.64
972,678,8.22
973,2961,5.38
973,9128,3.45
973,3975,2.59
974,812,0.72
974,8609,3.48
974,37,9.37
975,5314,6.58
975,1387,2.67
975,9395,6.52
976,8929,0.71
976,8648,2.36
976,5022,8.53
977,3439,2.43
977,4295,7.01
977,2818,1.24
978,1496,7.9
978,5328,4.52
978,5167,8.95
979,9463,7.63
979,9646,4.86
979,5244,3.27
980,6697,0.48
980,298,8.04
980,2776,4.65
981,2147,1.94
981,3301,1.68
981,2957,6.86
982,523,5.74
982,2221,9.21
982,7706,9.97
983,2497,0.42
983,7249,1.9
983,5510,8.23
984,1533,7.24
984,6306,6.71
984,6178,5.41
985,6405,3.53
985,4017,6.58
985,131,5.87
986,1881,3.34
986,1756,7.47
986,3675,2.96
987,9990,9.6
987,6527,0.33
987,2990,4.14
988,4423,3.96
988,5718,2.01
988,1575,2.31
989,7566,3.2
989,7583,1.95
989,1917,2.04
990,9900,6.28
990,3581,9.9
990,9900,0.47
991,1413,9.79
991,4677,7.67
991,277,5.36
992,239,8.66
992,1160,3.97
992,1878,4.58
993,8915,6.24
993,1960,3.46
993,136,1.57
994,3810,4.71
994,2578,2.52
994,5777,9.1
995,8157,9.6
995,7416,5.73
995,4869,9.35
996,2746,3.68
996,7478,4.58
996,3805,8.34
997,5368,8.43
997,4031,5.43
997,7509,9.39
998,7663,7.29
998,6410,3.87
998,9086,1.55
999,1665,9.99
999,6851,9.45
999,3204,8.97
1000,2676,8.28
1000,141,5.76
1000,9157,6.33
1001,611,0.43
1001,9722,4.1
1001,2704,3.96
1002,7675,1.79
1002,8249,5.72
1002,9850,0.83
1003,5912,5.99
1003,4421,5.14
1003,9248,8.24
1004,3671,2.26
1004,6278,8.86
1004,899,3.86
1005,2957,8.05
1005,7992,9.01
1005,6063,9.95
1006,8744,4.52
1006,7186,8.69
1006,6034,3.81
1007,7664,4.48
1007,1916,3.09
1007,712,8.6
1008,7217,8.43
1008,1242,0.98
1008,3085,6.73
1009,6914,4.49
1009,7350,5.96
1009,3542,7.47
1010,1246,4.33
1010,6985,3.15
1010,9300,9.04
1011,5164,9.96
1011,6210,9.55
1011,2397,5.43
1012,3210,8.22
1012,6539,8.15
1012,5875,7.47
1013,2824,5.41
1013,196,8.98
1013,3050,4.62
1014,4204,1.49
1014,8634,7.38
1014,2624,3.7
1015,9961,3.53
1015,8133,7.6
1015,7168,8.72
1016,3306,8.99
1016,7524,8.63
1016,1564,5.9
1017,8521,6.4
1017,7439,8.89
1017,1576,4.13
1018,6009,3.27
1018,586,9.24
1018,2526,4.05
1019,8911,5.88
1019,7197,5.54
1019,7087,2.77
1020,3859,4.02
1020,6680,8.64
1020,2690,9.18
1021,5928,2.65
1021,0,7.36
1021,9333,3.59
1022,6392,6.09
1022,4146,0.67
1022,3751,2.44
1023,7881,8.4
1023,1823,4.61
1023,2642,0.63
1024,5216,2.09
1024,5024,0.77
1024,3088,2.75
1025,2782,5.65
1025,2916,4.95
1025,7513,4.85
1026,9770,1.0
1026,3012,6.7
1026,9991,4.71
1027,1186,2.58
1027,5244,3.66
1027,6086,3.01
1028,9749,9.61
1028,2056,8.01
1028,5762,6.14
1029,5512,8.5
1029,1214,4.32
1029,4216,4.34
1030,9443,5.44
1030,1776,2.56
1030,5542,3.94
1031,4010,9.81
1031,2452,8.7
1031,6297,3.67
1032,13,7.17
1032,4944,3.61
1032,4310,8.58
1033,796,8.11
1033,4505,1.47
1033,1640,4.55
1034,8104,3.07
1034,8192,3.6
1034,8716,2.24
1035,1268,2.86
1035,9426,4.96
1035,2127,4.39
1036,116,0.45
1036,2238,6.66
1036,9178,9.43
1037,3265,3.8
1037,8684,8.16
1037,3994,9.62
1038,5549,9.46
1038,9668,4.49
1038,6783,6.51
1039,6930,9.1
1039,3082,4.11
1039,1538,3.79
1040,293,5.28
1040,1749,0.36
1040,8519,0.5
1041,125,3.27
1041,2438,8.53
1041,2146,3.07
1042,9349,0.45
1042,7536,5.16
1042,3292,6.47
1043,7478,4.65
1043,8007,6.6
1043,3854,0.48
1044,2928,0.75
1044,3358,6.72
1044,806,4.85
1045,7484,6.2
1045,494,8.54
1045,3207,2.33
1046,6818,8.38
1046,9483,0.65
1046,2642,7.55
1047,9596,7.84
1047,8692,2.18
1047,1374,1.01
1048,5075,2.12
1048,5405,8.06
1048,636,2.88
1049,7994,6.38
1049,8164,8.38
1049,7865,0.22
1050,3207,8.07
1050,8677,4.08
1050,6198,5.62
1051,5963,5.52
1051,7328,9.67
1051,1041,1.27
1052,4410,4.67
1052,3881,9.41
1052,3513,5.15
1053,386,8.49
1053,8502,2.45
1053,239,6.43
1054,958,1.14
1054,285,5.03
1054,7245,1.03
1055,340,0.83
1055,8787,3.77
1055,7591,6.4
1056,5145,5.08
1056,6585,8.17
1056,6480,6.87
1057,3386,2.96
1057,8947,4.66
1057,8564,9.22
1058,5153,7.61
1058,4324,1.83
1058,5878,4.37
1059,5712,7.4
1059,1164,7.88
1059,6062,3.8
1060,4780,9.97
1060,898,6.07
1060,2447,0.28
1061,3889,4.63
1061,678,0.93
1061,7134,9.66
1062,7929,7.36
1062,2417,4.54
1062,3992,2.79
1063,4793,7.02
1063,4378,2.02
1063,7166,0.9
1064,2156,1.15
1064,5092,0.26
1064,6042,0.51
1065,9500,0.98
1065,3062,3.33
1065,9132,9.87
1066,5872,2.83
1066,4550,3.21
1066,8197,0.81
1067,4606,3.71
1067,7532,8.64
1067,6089,2.1
1068,754,1.63
1068,6899,0.36
1068,4085,9.9
1069,428,8.23
1069,779,4.3
1069,6974,0.65
1070,2867,8.36
1070,631,7.3
1070,6742,2.77
1071,223,5.12
1071,5684,3.56
1071,2346,8.1
1072,7920,2.49
1072,1061,4.52
1072,2706,8.41
1073,8044,8.31
1073,2388,5.33
1073,8941,5.34
1074,7703,6.47
1074,7723,1.89
1074,263,3.64
1075,98,6.56
1075,9669,2.51
1075,5128,2.16
1076,6157,0.66
1076,7295,9.05
1076,2064,6.78
1077,8650,2.16
1077,4684,6.98
1077,1239,3.49
1078,864,7.54
1078,891,5.15
1078,157,3.5
1079,1667,2.68
1079,6746,2.08
1079,611,7.61
1080,1901,7.13
1080,4463,1.16
1080,8768,9.28
1081,8544,5.22
1081,2258,3.21
1081,5113,5.74
1082,304,5.15
1082,7308,6.29
1082,7912,5.05
1083,1204,8.41
1083,6417,3.72
1083,1671,5.7
1084,2889,4.98
1084,9587,7.04
1084,2451,4.83
1085,2318,2.85
1085,2122,6.09
1085,9705,0.82
1086,1839,0.56
1086,4941,8.53
1086,205,0.63
1087,495,4.07
1087,333,1.38
1087,7913,7.6
1088,4604,6.5
1088,9618,5.59
1088,3288,6.72
1089,5633,8.41
1089,810,5.76
1089,2873,4.76
1090,8968,9.97
1090,6324,3.26
1090,3179,5.33
1091,8171,7.9
1091,8437,3.44
1091,7168,5.68
1092,5733,5.15
1092,4895,9.61
1092,2999,9.44
1093,1972,1.11
1093,9759,9.2
1093,8667,7.21
1094,4582,10.0
1094,1109,3.53
1094,3631,5.24
1095,5082,5.99
1095,6219,4.38
1095,3442,1.83
1096,4386,5.28
1096,4071,3.56
1096,63,7.62
1097,3012,4.31
1097,2582,0.5
1097,5024,5.85
1098,2346,6.57
1098,1401,0.4
1098,5781,0.51
1099,5607,8.83
1099,4022,4.69
1099,8484,6.82
1100,4191,9.16
1100,2060,1.66
1100,4356,1.26
1101,5554,1.99
1101,4676,2.68
1101,4432,7.49
1102,1384,8.32
1102,3836,7.18
1102,5364,5.19
1103,6510,4.27
1103,6852,2.39
1103,3327,4.56
1104,6764,8.95
1104,6859,1.15
1104,351,1.49
1105,865,3.27
1105,7508,1.14
1105,388,2.67
1106,1002,7.27
1106,6367,1.01
1106,2174,5.6
1107,3952,3.56
1107,6521,5.07
1107,2059,7.5
1108,2881,9.24
1108,5842,8.1
1108,2606,7.84
1109,2981,1.11
1109,4081,5.64
1109,5218,9.42
1110,3569,3.24
1110,1755,3.3
1110,4891,3.19
1111,1123,7.32
1111,8839,8.64
1111,7795,1.49
1112,9767,8.24
1112,3825,0.89
1112,5918,2.68
1113,2725,0.67
1113,8354,4.32
1113,7495,3.84
1114,1432,0.27
1114,8880,1.69
1114,886,8.46
1115,6319,8.07
1115,1590,1.94
1115,5161,6.1
1116,758,7.68
1116,5695,1.92
1116,3185,8.83
1117,7108,3.46
1117,2229,1.23
1117,974,9.59
1118,1458,4.17
1118,5831,7.41
1118,5558,1.78
1119,3857,2.27
1119,5356,0.76
1119,2973,0.11
1120,343,2.14
1120,461,3.93
1120,4823,4.88
1121,2043,6.33
1121,1249,3.51
1121,7910,3.88
1122,5596,0.26
1122,8253,8.39
1122,2137,0.76
1123,5566,2.5
1123,6779,9.58
1123,6780,3.17
1124,1416,9.78
1124,8814,8.84
1124,3692,9.65
1125,3601,3.76
1125,1080,7.52
1125,4925,7.03
1126,7136,9.3
1126,4317,9.57
1126,4065,9.83
1127,9491,2.34
1127,8041,3.12
1127,9075,8.74
1128,1592,2.52
1128,4195,5.16
1128,9565,2.94
1129,5350,9.47
1129,9577,4.23
1129,6438,0.39
1130,3224,7.18
1130,1405,2.49
1130,3626,4.02
1131,5945,1.49
1131,6100,4.79
1131,8667,8.57
1132,3073,4.59
1132,76,5.51
1132,5837,1.87
1133,6023,5.08
1133,8057,1.26
1133,1323,1.48
1134,6025,5.14
1134,2143,6.49
1134,5160,9.27
1135,5918,6.72
1135,4840,7.32
1135,9896,1.11
1136,7826,5.83
1136,6531,0.66
1136,979,0.76
1137,6931,3.0
1137,739,5.01
1137,4062,6.99
1138,5354,4.34
1138,7766,4.43
1138,9779,1.25
1139,5287,8.43
1139,9780,2.93
1139,7979,0.38
1140,8994,0.84
1140,4108,1.18
1140,2699,8.61
1141,6395,6.86
1141,9994,6.79
1141,859,7.63
1142,845,2.86
1142,4889,5.53
1142,1726,6.32
1143,8343,1.09
1143,4314,0.22
1143,2691,3.06
1144,8160,7.93
1144,2903,5.26
1144,3070,9.52
1145,4035,1.5
1145,2195,0.53
1145,7489,5.06
1146,2112,4.95
1146,3143,5.86
1146,5845,2.69
1147,8621,9.53
1147,5375,0.19
1147,8999,5.66
1148,5067,2.74
1148,2894,3.73
1148,895,2.23
1149,3360,9.72
1149,5174,6.38
1149,8966,9.34
1150,9969,7.34
1150,7155,4.89
1150,7505,3.18
1151,3844,5.34
1151,8154,4.56
1151,9489,2.61
1152,2829,2.36
1152,7872,7.37
1152,67,3.18
1153,2807,0.81
1153,3250,3.58
1153,3723,0.55
1154,7603,6.88
1154,3740,5.79
1154,9271,5.05
1155,7988,6.24
1155,7641,6.35
1155,7380,7.22
1156,7285,1.7
1156,9675,2.19
1156,2333,6.1
1157,6290,2.98
1157,9174,8.04
1157,1567,8.35
1158,3449,4.55
1158,5762,2.01
1158,7962,5.84
1159,8544,6.18
1159,8498,1.36
1159,6407,7.2
1160,4826,4.68
1160,7352,9.0
1160,9539,3.3
1161,1488,1.74
1161,8340,2.08
1161,6847,8.04
1162,5558,2.33
1162,793,4.45
1162,8782,9.45
1163,8012,2.85
1163,6460,0.37
1163,5101,2.77
1164,4093,7.67
1164,8415,9.77
1164,23,9.35
1165,6789,1.66
1165,3158,3.84
1165,3109,9.35
1166,1525,4.46
1166,8377,2.71
1166,5981,1.81
1167,3913,2.53
1167,2102,4.67
1167,4102,5.26
1168,7622,2.3
1168,1872,9.16
1168,1316,7.45
1169,1949,7.63
1169,5138,0.99
1169,310,3.6
1170,8581,5.87
1170,4569,3.55
1170,46,6.28
1171,9546,1.02
1171,7229,2.62
1171,4688,2.19
1172,5690,9.33
1172,8719,7.03
1172,1319,2.5
1173,3312,9.81
1173,7905,4.28
1173,6017,8.36
1174,7532,0.48
1174,5082,0.52
1174,6864,4.59
1175,3562,8.76
1175,7661,4.66
1175,358,1.6
1176,2731,7.64
1176,7791,3.2
1176,5872,6.62
1177,3577,9.59
1177,5448,2.15
1177,2134,4.74
1178,204,3.26
1178,5914,6.91
1178,7640,3.83
1179,6103,5.03
1179,4811,4.53
1179,4163,9.15
1180,5663,9.31
1180,7596,6.72
1180,9858,0.92
1181,8015,3.97
1181,2050,3.23
1181,2822,6.42
1182,6540,9.3
1182,3964,1.31
1182,5087,9.31
1183,7035,0.37
1183,4242,9.33
1183,2253,9.95
1184,4423,2.83
1184,969,3.09
1184,8742,8.53
1185,9179,6.92
1185,9747,1.9
1185,4898,2.02
1186,4987,6.91
1186,6418,5.66
1186,5387,2.43
1187,7869,6.5
1187,7270,9.36
1187,7416,3.22
1188,3549,1.66
1188,6958,2.64
1188,5160,5.43
1189,8609,3.29
1189,5046,4.81
1189,1090,2.94
1190,2432,6.15
1190,5236,2.53
1190,458,7.39
1191,7645,6.51
1191,1210,9.5
1191,657,4.08
1192,7331,3.43
1192,715,8.83
1192,1144,3.09
1193,6094,3.91
1193,996,8.99
1193,1222,8.99
1194,9257,7.32
1194,9411,4.65
1194,6048,5.42
1195,4809,1.28
1195,3259,6.35
1195,4204,7.44
1196,8319,8.72
1196,697,0.91
1196,7280,8.72
1197,9656,4.59
1197,839,6.13
1197,5783,2.14
1198,8611,5.37
1198,4933,3.62
1198,6297,5.06
1199,7447,9.59
1199,1313,2.2
1199,5477,4.88
1200,2512,9.9
1200,5096,8.96
1200,595,1.66
1201,670,4.19
1201,1596,9.87
1201,479,1.95
1202,5731,5.88
1202,5881,3.3
1202,1608,0.36
1203,3555,0.64
1203,8094,3.58
1203,7050,4.36
1204,6484,6.34
1204,2787,4.27
1204,4688,8.42
1205,9363,7.3
1205,4265,0.4
1205,311,3.62
1206,2968,3.17
1206,7188,1.61
1206,2113,2.59
1207,9556,8.54
1207,8917,1.58
1207,4365,4.47
1208,9914,3.02
1208,891,3.28
1208,9195,5.16
1209,996,5.63
1209,2457,7.37
1209,2488,6.88
1210,1765,9.78
1210,1662,1.6
1210,37,1.21
1211,4621,3.72
1211,5671,4.69
1211,2218,6.52
1212,5055,8.96
1212,4775,5.51
1212,2188,0.84
1213,5166,6.84
1213,2021,2.67
1213,595,3.94
1214,9959,5.02
1214,7187,1.38
1214,3713,8.85
1215,6078,0.62
1215,1727,4.31
1215,5340,0.97
1216,2583,4.53
1216,3155,5.6
1216,842,9.65
1217,470,6.34
1217,914,1.18
1217,1028,5.57
1218,2075,3.53
1218,4136,1.59
1218,151,1.52
1219,1792,1.22
1219,1111,8.55
1219,159,6.59
1220,2275,5.73
1220,3538,1.68
1220,6293,2.9
1221,3638,3.62
1221,3422,8.92
1221,8456,2.04
1222,4937,4.04
1222,7275,1.42
1222,3220,3.93
1223,9543,2.13
1223,4460,3.0
1223,8483,3.44
1224,2219,4.38
1224,8535,3.47
1224,7850,9.68
1225,2736,2.39
1225,135,8.16
1225,7731,3.27
1226,9898,6.31
1226,2954,2.93
1226,4269,4.46
1227,6265,7.55
1227,4721,5.43
1227,5124,7.64
1228,8186,1.19
1228,7935,5.05
1228,2762,9.43
1229,6695,0.61
1229,1036,1.29
1229,3461,5.07
1230,2635,1.63
1230,3140,3.34
1230,1452,4.11
1231,6942,2.1
1231,4977,8.61
1231,8005,0.21
1232,9893,9.63
1232,7673,3.54
1232,6953,5.12
1233,2713,6.55
1233,1066,1.98
1233,6446,9.68
1234,2143,0.33
1234,6775,5.54
1234,8913,4.9
1235,8046,3.49
1235,8600,8.39
1235,2447,0.27
1236,4006,8.79
1236,748,8.74
1236,9803,8.32
1237,5728,8.07
1237,5147,4.63
1237,1099,8.54
1238,3541,1.33
1238,1649,4.78
1238,6765,0.16
1239,2981,9.74
1239,33,1.03
1239,2647,7.43
1240,8664,7.98
1240,1627,8.72
1240,5888,2.95
1241,273,7.52
1241,7024,1.97
1241,3345,9.04
1242,872,5.61
1242,3315,3.67
1242,6830,3.97
1243,5476,3.97
1243,6750,6.72
1243,8330,9.21
1244,5386,1.22
1244,9658,3.36
1244,7760,5.26
1245,2503,2.74
1245,3763,9.9
1245,7133,3.66
1246,3181,6.44
1246,8745,0.39
1246,8342,7.84
1247,3517,8.78
1247,8496,6.56
1247,6273,0.92
1248,2713,9.3
1248,358,4.24
1248,8900,7.4
1249,6812,6.59
1249,8356,9.86
1249,825,7.89
1250,7827,0.61
1250,6548,8.23
1250,2786,9.46
1251,3410,2.59
1251,2548,5.75
1251,2006,6.14
1252,922,9.81
1252,4039,0.56
1252,6901,4.21
1253,9748,3.67
1253,7086,0.15
1253,4917,1.49
1254,1960,5.78
1254,6329,0.98
1254,5528,3.34
1255,7654,1.37
1255,4855,9.56
1255,7997,4.81
1256,3584,5.59
1256,341,3.68
1256,8329,10.0
1257,8655,1.6
1257,2742,5.59
1257,2803,3.7
1258,8155,1.42
1258,6129,0.32
1258,6178,4.0
1259,9506,3.58
1259,7942,6.83
1259,9058,7.92
1260,6177,6.22
1260,5682,7.22
1260,6963,5.19
1261,4956,8.77
1261,5248,4.86
1261,5433,5.93
1262,7426,1.35
1262,8888,3.09
1262,1270,8.19
1263,1708,2.78
1263,8449,6.51
1263,9436,4.14
1264,1311,9.23
1264,2873,7.46
1264,3657,1.49
1265,9355,9.69
1265,6924,6.03
1265,2963,8.28
1266,7183,9.12
1266,8613,5.73
1266,4625,2.52
1267,639,1.65
1267,6782,9.98
1267,2349,1.3
1268,9846,5.05
1268,3542,7.64
1268,8790,1.12
1269,5192,8.63
1269,6013,5.05
1269,4692,1.26
1270,6056,2.79
1270,5778,9.81
1270,393,1.23
1271,8571,7.33
1271,2069,3.33
1271,976,9.7
1272,5606,3.87
1272,5457,7.16
1272,4734,6.73
1273,1890,7.04
1273,7175,3.06
1273,7944,3.77
1274,7166,2.51
1274,818,8.05
1274,6190,2.01
1275,9371,4.24
1275,8361,2.14
1275,2727,2.13
1276,432,6.93
1276,5080,0.73
1276,1837,4.7
1277,1495,1.05
1277,9725,7.53
1277,9436,7.18
1278,3148,3.78
1278,8237,3.24
1278,7694,3.66
1279,1174,7.25
1279,2141,7.13
1279,1258,4.56
1280,609,1.38
1280,7841,0.45
1280,4868,5.2
1281,8316,4.04
1281,7649,0.19
1281,1316,9.24
1282,899,7.44
1282,6716,4.18
1282,7767,9.64
1283,3305,3.34
1283,4674,3.36
1283,2243,5.11
1284,7376,7.35
1284,753,7.66
1284,1338,9.0
1285,4383,5.83
1285,9024,8.23
1285,2817,7.82
1286,7960,1.82
1286,7480,2.84
1286,748,1.18
1287,8152,8.27
1287,296,0.55
1287,1647,9.27
1288,1181,4.71
1288,720,2.5
1288,9791,5.06
1289,5011,1.9
1289,9764,2.03
1289,8999,3.65
1290,7927,7.67
1290,4122,0.78
1290,5560,1.21
1291,8062,9.65
1291,7467,7.39
1291,9701,4.16
1292,9004,3.77
1292,5102,2.7
1292,7909,6.07
1293,9926,4.48
1293,6797,9.34
1293,6992,9.09
1294,2265,0.25
1294,9584,3.46
1294,180,3.27
1295,5356,2.81
1295,9057,8.46
1295,5296,9.89
1296,5397,2.87
1296,1594,5.33
1296,9333,7.08
1297,9998,0.24
1297,5809,4.01
1297,5149,9.43
1298,9021,2.86
1298,9456,4.11
1298,588,3.0
1299,5435,0.38
1299,6065,4.16
1299,5671,9.87
1300,7374,6.49
1300,2417,5.2
1300,2380,1.89
1301,2438,8.28
1301,9019,9.31
1301,5296,2.89
1302,4756,6.75
1302,8875,8.48
1302,9367,4.75
1303,6273,9.87
1303,5489,1.33
1303,4931,4.23
1304,8871,2.12
1304,3267,9.54
1304,8382,4.66
1305,2564,9.19
1305,5075,3.86
1305,3236,0.33
1306,3384,3.6
1306,4639,3.7
1306,3624,5.5
1307,5684,0.19
1307,9154,4.79
1307,9384,6.77
1308,8444,2.97
1308,2912,6.1
1308,1473,4.83
1309,433,2.52
1309,3354,9.74
1309,8670,7.44
1310,575,5.96
1310,7410,3.64
1310,603,9.28
1311,9046,9.79
1311,9995,9.88
1311,8378,1.93
1312,5948,1.65
1312,7680,2.58
1312,5597,4.53
1313,661,4.06
1313,8506,5.16
1313,1380,3.33
1314,2987,7.68
1314,4378,2.89
1314,5724,5.8
1315,1460,9.87
1315,6196,9.5
1315,7664,5.11
1316,4481,5.77
1316,4631,6.93
1316,2230,5.38
1317,7587,6.15
1317,1433,3.18
1317,3687,4.33
1318,5184,2.58
1318,7959,4.09
1318,3459,4.43
1319,3367,1.85
1319,2691,1.54
1319,4722,5.23
1320,2524,6.49
1320,3102,6.46
1320,9619,1.34
1321,3369,1.71
1321,2732,9.46
1321,5922,9.13
1322,2228,9.83
1322,5520,7.38
1322,6648,9.7
1323,4653,6.36
1323,4547,0.62
1323,9828,4.45
1324,9724,3.12
1324,4885,7.1
1324,4889,5.43
1325,8043,8.26
1325,468,9.45
1325,6603,5.33
1326,6513,6.59
1326,6193,6.38
1326,4819,8.08
1327,5776,2.13
1327,4359,0.87
1327,1814,9.24
1328,5389,1.25
1328,7294,1.84
1328,9745,5.04
1329,513,5.18
1329,508,5.14
1329,6751,0.64
1330,8144,8.93
1330,4521,7.01
1330,2713,10.0
1331,8910,7.37
1331,2672,2.93
1331,6876,0.55
1332,9869,5.96
1332,2622,6.98
1332,4105,3.11
1333,3154,5.3
1333,8075,7.16
1333,77,7.49
1334,1224,2.8
1334,4466,4.45
1334,4262,3.25
1335,3496,1.22
1335,5018,9.6
1335,9828,5.25
1336,1029,6.35
1336,6179,3.97
1336,5183,2.79
1337,1203,1.56
1337,1876,1.35
1337,1141,9.91
1338,1843,3.35
1338,3911,6.4
1338,5264,2.9
1339,3251,9.98
1339,491,9.07
1339,496,7.65
1340,6264,8.11
1340,5392,6.28
1340,922,7.19
1341,6532,9.79
1341,5570,1.84
1341,906,1.64
1342,5924,2.27
1342,4569,3.1
1342,1649,8.65
1343,8759,3.19
1343,6745,7.3
1343,6729,5.13
1344,3089,6.73
1344,8356,7.36
1344,7814,9.93
1345,4474,9.34
1345,1535,3.67
1345,8463,0.29
1346,652,0.6
1346,5522,4.56
1346,4087,0.18
1347,4233,0.89
1347,7615,4.13
1347,8511,8.78
1348,1509,3.59
1348,8809,6.84
1348,7756,7.74
1349,1643,3.89
1349,2537,5.16
1349,5158,5.27
1350,387,2.19
1350,6340,9.16
1350,2951,0.48
1351,9670,3.61
1351,7040,0.61
1351,993,0.34
1352,8000,0.62
1352,1764,3.47
1352,6032,0.26
1353,6552,5.27
1353,776,6.62
1353,8446,1.92
1354,3090,0.29
1354,615,4.97
1354,3757,9.44
1355,60,2.34
1355,9399,0.81
1355,3564,2.16
1356,7590,8.12
1356,5650,0.31
1356,8068,2.04
1357,6217,1.71
1357,1123,4.98
1357,3498,6.54
1358,671,2.08
1358,7231,6.05
1358,4568,6.19
1359,6168,5.48
1359,6048,1.01
1359,185,3.04
1360,3636,5.42
1360,9685,5.23
1360,743,3.23
1361,1809,1.38
1361,9239,5.18
1361,6885,1.86
1362,2947,7.46
1362,6127,9.33
1362,3806,3.31
1363,4721,3.97
1363,556,3.04
1363,5526,2.57
1364,3055,4.62
1364,1868,3.63
1364,1938,8.27
1365,2048,8.2
1365,5143,2.84
1365,742,3.91
1366,4703,2.32
1366,1143,6.7
1366,8583,5.29
1367,6622,6.73
1367,5102,3.23
1367,7682,0.64
1368,4307,7.72
1368,6898,0.45
1368,4083,4.8
1369,3132,6.0
1369,3921,1.9
1369,2318,9.9
1370,4008,5.76
1370,2359,5.04
1370,1915,0.98
1371,8308,8.63
1371,6120,8.55
1371,312,7.64
1372,2233,3.74
1372,3817,6.84
1372,1491,7.38
1373,8545,4.65
1373,7269,3.82
1373,5803,2.07
1374,2530,9.39
1374,9280,8.47
1374,9835,0.72
1375,1186,6.84
1375,8096,6.26
1375,5525,9.86
1376,2393,7.63
1376,3047,4.11
1376,4635,4.64
1377,7320,4.88
1377,5242,5.39
1377,4921,9.06
1378,6036,0.6
1378,3893,0.31
1378,1622,8.28
1379,3916,4.13
1379,6886,2.71
1379,1685,4.15
1380,5485,2.69
1380,5744,6.39
1380,7427,9.7
1381,1542,2.53
1381,244,1.43
1381,3099,6.15
1382,5809,2.6
1382,6157,6.8
1382,4331,7.38
1383,6311,4.33
1383,2671,3.52
1383,889,6.65
1384,5060,6.49
1384,6610,0.72
1384,5274,5.58
1385,3384,4.63
1385,5415,8.32
1385,5874,5.83
1386,1351,8.08
1386,5969,3.82
1386,8693,6.21
1387,8083,0.9
1387,2866,0.86
1387,5277,8.89
1388,4334,5.1
1388,2447,5.84
1388,680,1.15
1389,4584,1.79
1389,1694,1.33
1389,134,4.06
1390,4226,9.12
1390,9675,0.25
1390,3984,5.39
1391,2593,8.26
1391,1463,3.62
1391,1572,8.39
1392,7010,7.07
1392,9816,6.76
1392,1238,0.15
1393,6552,7.22
1393,3888,6.61
1393,2848,9.52
1394,7171,8.75
1394,7707,3.48
1394,5939,6.74
1395,4630,6.09
1395,5275,6.83
1395,9714,0.83
1396,231,7.98
1396,6358,6.03
1396,738,0.11
1397,1657,0.14
1397,262,3.7
1397,7860,5.52
1398,6802,9.45
1398,9761,4.38
1398,2159,8.13
1399,4468,4.19
1399,2282,7.88
1399,5868,1.95
1400,8302,5.35
1400,6238,9.66
1400,5643,9.86
1401,9412,6.91
1401,8666,5.28
1401,5892,1.55
1402,4499,0.38
1402,8167,5.54
1402,1390,9.1
1403,6830,0.85
1403,3566,2.75
1403,8429,8.84
1404,7352,5.1
1404,8912,7.13
1404,7449,9.61
1405,628,3.4
1405,8572,2.54
1405,7536,9.53
1406,254,0.61
1406,7010,7.27
1406,3833,9.33
1407,3499,2.1
1407,6071,2.27
1407,5220,2.55
1408,7290,3.09
1408,1601,4.72
1408,8601,8.64
1409,6883,4.85
1409,6124,0.76
1409,4086,8.93
1410,2509,3.16
1410,2730,8.97
1410,4014,0.39
1411,8401,8.55
1411,5846,6.56
1411,9743,8.18
1412,8035,8.36
1412,6702,2.08
1412,24,8.3
1413,2848,5.43
1413,3958,6.42
1413,9853,2.79
1414,8423,5.67
1414,9610,7.5
1414,430,6.93
1415,7158,1.86
1415,8337,6.15
1415,5033,1.04
1416,167,2.48
1416,3892,3.76
1416,9138,0.12
1417,6684,2.81
1417,9437,0.77
1417,1105,3.33
1418,7941,2.18
1418,2864,3.07
1418,313,4.83
1419,2534,5.78
1419,2399,6.53
1419,9326,9.23
1420,4097,6.49
1420,7894,2.67
1420,3749,8.43
1421,7725,1.7
1421,1241,7.36
1421,3523,8.24
1422,5046,10.0
1422,5246,5.47
1422,3756,7.8
1423,6895,8.64
1423,9016,5.31
1423,6363,7.09
1424,3040,4.66
1424,4433,5.06
1424,150,6.27
1425,6589,9.82
1425,2794,5.04
1425,1083,4.08
1426,2530,4.76
1426,9599,4.24
1426,5819,6.78
1427,3986,6.79
1427,4016,8.69
1427,5941,4.58
1428,5557,2.59
1428,5783,4.4
1428,3483,9.87
1429,1762,8.24
1429,2448,7.64
1429,6111,2.19
1430,7045,0.7
1430,1646,0.37
1430,4905,8.03
1431,3642,4.68
1431,732,0.56
1431,7420,0.97
1432,8504,7.82
1432,662,2.17
1432,340,0.88
1433,4322,5.96
1433,3843,9.85
1433,7713,1.3
1434,2458,7.12
1434,2160,5.93
1434,7392,2.87
1435,317,6.63
1435,294,7.46
1435,9281,6.83
1436,2343,6.38
1436,7415,9.86
1436,1628,4.52
1437,2697,8.89
1437,8225,9.64
1437,3120,6.46
1438,1023,7.74
1438,9143,0.75
1438,3883,2.31
1439,1416,2.82
1439,594,8.6
1439,4182,4.8
1440,7994,6.41
1440,5952,4.85
1440,6256,1.26
1441,6377,6.16
1441,9876,8.31
1441,84,1.55
1442,1385,0.38
1442,5352,7.43
1442,9277,3.65
1443,9047,4.09
1443,6666,0.72
1443,3206,8.99
1444,7298,5.68
1444,2465,2.34
1444,6992,3.01
1445,1763,7.22
1445,3948,0.61
1445,9310,4.23
1446,3958,9.03
1446,2353,4.15
1446,3528,2.18
1447,2619,8.57
1447,4162,2.76
1447,6829,5.75
1448,8581,0.67
1448,9193,9.26
1448,9728,9.1
1449,3670,7.08
1449,1572,9.35
1449,7237,8.57
1450,7212,6.07
1450,5659,5.56
1450,2316,3.86
1451,6632,0.39
1451,4748,4.38
1451,1852,9.27
1452,1162,9.93
1452,9946,6.62
1452,7908,3.04
1453,9193,9.63
1453,1848,5.42
1453,1687,9.39
1454,8148,9.03
1454,1034,4.27
1454,6725,2.95
1455,9739,4.65
1455,6158,3.23
1455,2768,1.49
1456,2419,4.7
1456,5537,8.08
1456,7038,9.63
1457,9502,1.5
1457,4149,7.3
1457,8484,9.33
1458,8116,3.3
1458,6780,3.88
1458,7739,1.9
1459,6570,5.05
1459,6590,3.14
1459,5898,6.04
1460,2862,7.04
1460,4553,2.45
1460,2394,1.94
1461,1767,4.87
1461,7723,2.29
1461,7015,3.16
1462,8960,2.19
1462,99,8.36
1462,6475,4.07
1463,182,4.99
1463,1485,6.26
1463,321,2.9
1464,7513,5.72
1464,5299,5.7
1464,8571,6.61
1465,3387,9.52
1465,4734,8.26
1465,6861,0.3
1466,7330,5.99
1466,5344,9.88
1466,6224,4.31
1467,7467,7.38
1467,6221,1.7
1467,2403,0.84
1468,2017,7.61
1468,5645,1.61
1468,5907,4.69
1469,1789,5.09
1469,2612,3.85
1469,1533,8.59
1470,1365,6.05
1470,7832,0.3
1470,3279,6.37
1471,9690,8.81
1471,8510,4.6
1471,3605,4.9
1472,4704,0.95
1472,4763,7.57
1472,2433,7.51
1473,933,0.91
1473,8229,1.11
1473,1017,3.48
1474,1878,9.54
1474,5324,6.79
1474,6197,2.14
1475,4448,1.59
1475,1439,9.26
1475,5517,4.93
1476,1339,7.51
1476,7211,8.2
1476,9287,3.85
1477,9599,7.89
1477,7715,0.5
1477,3893,8.17
1478,89,9.07
1478,6631,1.76
1478,8543,6.35
1479,3359,1.49
1479,84,8.58
1479,6565,9.21
1480,9287,6.35
1480,7060,8.09
1480,3891,3.61
1481,1656,1.22
1481,4952,6.45
1481,5360,5.74
1482,4695,2.34
1482,8005,0.71
1482,804,7.75
1483,1599,0.5
1483,955,9.12
1483,9481,1.29
1484,3607,6.66
1484,7083,2.88
1484,2015,8.05
1485,271,9.49
1485,1924,6.97
1485,1706,8.02
1486,2458,1.66
1486,5829,1.59
1486,9237,9.34
1487,824,2.73
1487,273,0.3
1487,7666,7.97
1488,5677,9.02
1488,9773,3.87
1488,1304,5.42
1489,7450,4.31
1489,2607,5.32
1489,2927,1.27
1490,4592,6.26
1490,3590,1.94
1490,9134,0.19
1491,2374,3.35
1491,7097,8.46
1491,3058,6.46
1492,5508,7.13
1492,638,7.36
1492,5636,4.7
1493,841,6.02
1493,148,1.2
1493,435,8.27
1494,9276,7.87
1494,6337,8.95
1494,3540,4.59
1495,9369,8.35
1495,6888,4.61
1495,1929,1.41
1496,383,7.27
1496,5350,7.37
1496,16,9.17
1497,9012,1.23
1497,4122,4.39
1497,5540,6.31
1498,6569,5.16
1498,171,9.55
1498,2209,2.02
1499,7997,7.45
1499,445,5.67
1499,1818,6.45
1500,2918,0.58
1500,4869,8.34
1500,1551,5.91
1501,3938,2.42
1501,2007,9.41
1501,2413,6.73
1502,276,8.24
1502,3268,6.44
1502,2902,1.78
1503,418,5.52
1503,786,4.11
1503,8500,3.81
1504,6864,7.9
1504,4899,9.17
1504,8777,9.15
1505,4622,9.28
1505,9700,6.99
1505,2688,7.79
1506,1409,6.78
1506,3645,4.06
1506,7719,3.6
1507,4161,2.87
1507,804,5.62
1507,9974,9.87
1508,4180,0.29
1508,3258,2.88
1508,868,1.51
1509,9555,0.5
1509,1239,5.81
1509,5467,9.44
1510,8131,9.54
1510,5541,1.02
1510,5112,5.96
1511,1519,7.04
1511,9403,5.86
1511,5941,7.03
1512,1184,4.97
1512,3345,5.86
1512,9876,7.54
1513,1962,7.43
1513,8351,6.53
1513,4120,8.17
1514,8998,0.79
1514,9293,2.49
1514,857,0.7
1515,8806,0.6
1515,6701,6.16
1515,4359,4.99
1516,1544,8.92
1516,522,9.38
1516,6657,6.03
1517,7216,9.73
1517,7201,8.62
1517,7629,2.75
1518,1374,2.46
1518,7578,1.15
1518,3932,6.82
1519,440,0.72
1519,1554,1.0
1519,3531,5.96
1520,1046,3.09
1520,9462,0.34
1520,4039,0.71
1521,4605,2.78
1521,7217,2.84
1521,9778,0.95
1522,8492,0.48
1522,6019,9.48
1522,2042,3.71
1523,8159,1.52
1523,5781,5.2
1523,571,3.32
1524,434,4.61
1524,4774,3.09
1524,1262,7.58
1525,6374,7.17
1525,823,2.89
1525,4232,4.8
1526,2058,0.52
1526,5205,0.72
1526,6997,0.22
1527,8456,3.1
1527,461,9.94
1527,2780,3.83
1528,6195,9.58
1528,5325,5.94
1528,3213,6.32
1529,8547,6.97
1529,7776,6.85
1529,5272,9.79
1530,5218,0.11
1530,7925,5.65
1530,2685,5.28
1531,9590,3.21
1531,7556,4.0
1531,2617,9.25
1532,1494,8.06
1532,4660,0.37
1532,7970,5.51
1533,1949,5.84
1533,3373,0.79
1533,9704,3.98
1534,1822,4.59
1534,8862,8.51
1534,8959,6.99
1535,1508,9.32
1535,687,2.22
1535,7722,9.07
1536,13,4.71
1536,256,7.17
1536,9630,6.25
1537,2433,5.99
1537,1471,9.32
1537,3901,6.22
1538,8058,3.28
1538,5894,7.26
1538,386,3.95
1539,1599,4.5
1539,6405,8.7
1539,7324,0.89
1540,9645,1.53
1540,8323,3.7
1540,3728,3.68
1541,3423,5.93
1541,1229,9.01
1541,386,8.41
1542,8804,9.04
1542,6431,0.94
1542,4498,0.79
1543,7599,2.92
1543,654,1.37
1543,6740,2.36
1544,976,5.54
1544,450,5.07
1544,8114,8.99
1545,6606,5.54
1545,3767,1.34
1545,855,0.53
1546,938,2.32
1546,3374,3.06
1546,4323,7.53
1547,9547,9.33
1547,425,1.69
1547,1340,6.33
1548,9861,3.99
1548,127,6.7
1548,8954,1.84
1549,4216,2.02
1549,6840,4.79
1549,2485,9.88
1550,7240,2.23
1550,6059,3.53
1550,6711,9.36
1551,6369,1.91
1551,7913,4.16
1551,5404,0.43
1552,7910,8.15
1552,9831,0.71
1552,9944,3.77
1553,8900,6.39
1553,2740,8.76
1553,2426,4.27
1554,9216,1.61
1554,5411,8.96
1554,9778,7.14
1555,3088,7.61
1555,8514,2.89
1555,9975,6.27
1556,4455,0.62
1556,3522,6.68
1556,10,3.6
1557,2867,9.41
1557,1107,6.11
1557,953,9.84
1558,4420,6.65
1558,8376,9.78
1558,1324,5.43
1559,3652,6.1
1559,9475,1.73
1559,627,6.9
1560,3592,1.38
1560,3777,4.77
1560,9056,7.27
1561,9303,4.22
1561,5292,0.56
1561,5060,5.75
1562,9647,2.39
1562,9028,4.93
1562,3107,6.85
1563,9721,3.8
1563,2348,8.15
1563,1121,3.72
1564,2273,3.42
1564,5669,3.83
1564,718,1.9
1565,9541,9.06
1565,5649,7.9
1565,8979,4.95
1566,6232,9.96
1566,7765,9.33
1566,4493,0.83
1567,642,7.56
1567,9003,0.28
1567,483,6.83
1568,8806,7.21
1568,1978,5.88
1568,6884,0.94
1569,719,6.84
1569,3013,3.54
1569,4029,0.76
1570,517,4.06
1570,4772,6.12
1570,3510,0.61
1571,1195,8.16
1571,5287,5.49
1571,8041,5.28
1572,7639,5.32
1572,2101,7.75
1572,4996,2.73
1573,4853,9.38
1573,1087,4.98
1573,813,3.87
1574,9995,2.0
1574,6476,7.11
1574,8686,0.2
1575,9024,3.03
1575,7635,8.12
1575,4157,9.46
1576,8246,4.36
1576,399,4.02
1576,552,2.52
1577,4355,9.05
1577,1178,8.12
1577,4825,9.54
1578,1775,2.61
1578,4737,5.63
1578,6120,8.97
1579,1922,6.74
1579,5677,3.37
1579,3211,8.77
1580,233,4.01
1580,9493,6.47
1580,278,6.65
1581,2072,0.27
1581,4853,9.15
1581,2600,8.86
1582,1463,5.14
1582,7793,8.08
1582,3694,9.34
1583,9205,6.41
1583,1935,3.91
1583,3451,2.59
1584,8654,2.23
1584,7014,6.32
1584,4009,3.76
1585,3981,0.81
1585,1541,7.69
1585,859,9.11
1586,6916,9.74
1586,8802,2.62
1586,6045,9.6
1587,4747,0.23
1587,4954,5.77
1587,9556,4.49
1588,7989,8.63
1588,94,3.75
1588,7317,1.92
1589,9867,4.88
1589,8525,8.5
1589,7731,6.9
1590,6087,6.17
1590,1148,4.08
1590,5615,4.33
1591,8591,4.36
1591,624,6.1
1591,1931,7.84
1592,3939,6.47
1592,25,0.33
1592,2186,6.7
1593,6974,8.39
1593,1417,6.05
1593,8427,2.35
1594,6788,0.91
1594,8365,9.55
1594,8463,8.11
1595,7502,2.54
1595,7700,0.99
1595,8677,5.94
1596,4038,6.68
1596,9132,7.81
1596,8899,7.22
1597,8812,8.26
1597,6614,8.03
1597,2735,5.52
1598,2138,7.39
1598,7294,1.0
1598,7884,9.05
1599,5059,7.28
1599,7487,7.47
1599,2916,2.42
1600,8555,5.08
1600,8598,1.17
1600,3031,5.96
1601,1921,8.42
1601,5107,1.29
1601,5647,5.53
1602,106,4.06
1602,7312,2.68
1602,7486,7.04
1603,2125,7.43
1603,6995,0.74
1603,5731,5.2
1604,8073,4.72
1604,58,1.33
1604,6786,2.14
1605,2347,5.84
1605,597,9.64
1605,172,6.46
1606,6103,3.59
1606,5993,8.19
1606,6634,6.94
1607,1981,8.88
1607,652,7.86
1607,3673,9.03
1608,258,4.9
1608,8324,9.39
1608,1549,3.23
1609,7129,9.7
1609,1350,2.45
1609,8246,2.0
1610,4521,6.13
1610,6462,4.42
1610,2679,4.16
1611,4646,6.37
1611,2929,3.1
1611,6822,4.72
1612,3875,6.72
1612,5272,2.65
1612,2228,6.49
1613,9079,9.5
1613,8070,1.78
1613,1902,6.51
1614,8491,2.87
1614,7305,0.94
1614,5061,0.46
1615,4352,8.21
1615,4301,7.39
1615,8686,1.92
1616,1904,0.42
1616,5396,4.89
1616,5456,5.2
1617,2052,6.92
1617,6308,2.11
1617,3731,9.55
1618,9704,2.07
1618,4912,3.39
1618,1692,8.6
1619,5984,3.07
1619,3423,8.78
1619,1626,0.63
1620,547,9.76
1620,8075,0.88
1620,4442,7.96
1621,727,8.62
1621,8531,2.11
1621,377,4.66
1622,1971,4.92
1622,1120,5.97
1622,7473,7.11
1623,1442,5.26
1623,3025,3.29
1623,6184,4.73
1624,1703,7.58
1624,6918,6.71
1624,6469,4.67
1625,6968,1.17
1625,1786,6.75
1625,8029,7.04
1626,8714,2.77
1626,5529,7.82
1626,5308,0.19
1627,5209,7.97
1627,5808,1.14
1627,3667,3.35
1628,8871,8.25
1628,8730,0.48
1628,6335,0.33
1629,6807,2.91
1629,9422,1.28
1629,5807,2.81
1630,3390,3.8
1630,9105,7.77
1630,2354,5.58
1631,9141,4.86
1631,8679,1.18
1631,6855,8.99
1632,1671,2.15
1632,8492,0.54
1632,2753,3.34
1633,241,0.76
1633,8252,3.41
1633,9140,5.41
1634,9996,7.44
1634,649,8.68
1634,7710,5.29
1635,1713,8.89
1635,8507,2.88
1635,2890,3.81
1636,2603,3.07
1636,6517,7.43
1636,1969,4.83
1637,5408,7.43
1637,6913,8.74
1637,7476,6.29
1638,3461,5.62
1638,9511,6.64
1638,4139,6.79
1639,5554,8.34
1639,6988,8.83
1639,4925,9.47
1640,5776,0.52
1640,7974,5.59
1640,6693,2.17
1641,6079,5.93
1641,5554,1.73
1641,8596,1.51
1642,7488,2.97
1642,4489,0.1
1642,9907,3.81
1643,3270,8.43
1643,7106,8.51
1643,5819,6.33
1644,4160,4.37
1644,8199,0.99
1644,5932,5.33
1645,6737,3.18
1645,1870,2.52
1645,2699,5.66
1646,8416,9.69
1646,31,0.75
1646,3532,3.31
1647,3989,5.77
1647,4128,6.86
1647,4683,7.59
1648,931,6.49
1648,6261,3.48
1648,7169,2.09
1649,5250,2.62
1649,8033,5.84
1649,8958,9.29
1650,4389,0.26
1650,4337,1.79
1650,3296,0.64
1651,8194,5.84
1651,5191,4.21
1651,7928,4.01
1652,3426,0.64
1652,9624,1.39
1652,6403,7.77
1653,9180,3.8
1653,237,3.8
1653,5817,0.41
1654,2179,8.04
1654,7178,3.41
1654,8846,6.22
1655,2700,4.32
1655,7859,1.54
1655,3641,5.67
1656,2399,1.46
1656,9689,6.49
1656,6888,7.17
1657,7031,4.81
1657,5394,6.15
1657,359,2.7
1658,8039,7.45
1658,7818,9.64
1658,455,5.29
1659,2143,1.46
1659,4643,1.44
1659,2861,2.77
1660,3166,1.74
1660,4302,8.52
1660,5524,6.24
1661,2323,6.5
1661,9777,7.34
1661,6012,7.85
1662,7360,3.05
1662,1993,8.81
1662,9053,6.64
1663,8104,1.23
1663,6654,1.46
1663,6579,5.13
1664,458,5.89
1664,3266,7.08
1664,4047,9.83
1665,7618,1.23
1665,7556,9.68
1665,2563,4.2
1666,1409,7.92
1666,3877,9.43
1666,843,9.67
1667,1120,0.48
1667,6843,9.94
1667,3910,7.01
1668,5137,2.58
1668,8069,7.7
1668,801,9.67
1669,5655,9.74
1669,3216,1.44
1669,2354,6.03
1670,6081,0.49
1670,4639,7.5
1670,6342,7.8
1671,6811,1.18
1671,4899,5.59
1671,1201,1.47
1672,6191,7.61
1672,9376,3.07
1672,7321,7.62
1673,639,1.12
1673,219,7.88
1673,2449,1.31
1674,8044,4.02
1674,1618,9.1
1674,8258,2.41
1675,1220,5.75
1675,2804,3.52
1675,8119,7.73
1676,9487,0.12
1676,5820,5.65
1676,8356,4.89
1677,863,0.76
1677,1932,7.83
1677,9871,1.79
1678,6158,5.47
1678,354,5.16
1678,437,7.86
1679,8474,9.97
1679,3976,3.32
1679,445,0.71
1680,9368,7.63
1680,880,4.61
1680,5309,6.41
1681,2258,9.81
1681,5476,6.2
1681,3174,4.43
1682,8699,7.1
1682,9448,6.51
1682,2211,8.13
1683,7005,3.08
1683,9719,3.66
1683,7283,4.38
1684,5412,9.59
1684,7508,5.86
1684,6369,8.86
1685,3038,4.9
1685,9443,6.77
1685,6917,3.0
1686,2421,4.64
1686,1157,3.37
1686,5675,6.98
1687,7040,0.89
1687,198,8.72
1687,2162,8.5
1688,6070,2.43
1688,1442,2.21
1688,2003,8.41
1689,7888,9.36
1689,9381,4.05
1689,4407,8.3
1690,262,2.85
1690,1676,2.02
1690,7382,5.44
1691,7934,0.91
1691,1412,1.31
1691,1632,5.88
1692,9526,7.96
1692,2612,1.83
1692,8715,5.69
1693,1810,7.44
1693,5937,2.24
1693,7157,3.38
1694,4283,2.83
1694,6067,3.38
1694,8952,7.64
1695,5345,7.07
1695,1873,7.06
1695,3842,9.4
1696,506,0.74
1696,5930,4.93
1696,7105,8.33
1697,4144,2.35
1697,8632,4.37
1697,448,6.26
1698,1299,4.67
1698,112,0.6
1698,4914,4.51
1699,7293,9.38
1699,8172,1.63
1699,5565,9.35
1700,1130,5.71
1700,6732,0.75
1700,5464,3.02
1701,7215,9.77
1701,3615,9.06
1701,5558,3.27
1702,7001,7.3
1702,6147,6.26
1702,924,2.56
1703,4690,3.09
1703,2920,5.77
1703,5216,3.83
1704,1535,8.7
1704,8228,5.58
1704,7095,2.44
1705,424,5.23
1705,9103,2.12
1705,9703,7.09
1706,9969,2.38
1706,2062,5.0
1706,1980,1.54
1707,5927,7.55
1707,9437,7.04
1707,9571,6.92
1708,5828,8.56
1708,9571,9.78
1708,9709,5.17
1709,2680,9.29
1709,6101,0.81
1709,7300,6.55
1710,8350,1.48
1710,3327,8.42
1710,1855,0.56
1711,6788,2.5
1711,5273,5.85
1711,1744,4.31
1712,6342,8.17
1712,7184,4.81
1712,4881,4.68
1713,7795,6.6
1713,3146,0.16
1713,7000,4.36
1714,1272,9.02
1714,8707,2.15
1714,3930,9.3
1715,9359,8.8
1715,8484,9.41
1715,3163,7.88
1716,3322,7.98
1716,2545,1.66
1716,7400,4.2
1717,4900,3.28
1717,6594,0.63
1717,7194,3.83
1718,9739,5.96
1718,3786,6.4
1718,7623,7.77
1719,2976,9.32
1719,5122,1.88
1719,7074,9.92
1720,6177,8.73
1720,2276,5.94
1720,1719,3.02
1721,4825,8.3
1721,7455,4.92
1721,3778,0.78
1722,3393,7.01
1722,6636,9.28
1722,2472,0.5
1723,6912,2.61
1723,5532,7.72
1723,628,7.59
1724,2240,5.71
1724,3387,6.04
1724,7308,4.42
1725,3551,5.77
1725,4453,1.25
1725,5679,8.67
1726,7477,5.9
1726,2018,2.87
1726,9551,8.8
1727,1234,3.41
1727,2359,8.3
1727,8983,2.38
1728,1670,7.36
1728,5765,0.8
1728,9191,7.01
1729,4801,2.43
1729,6835,7.26
1729,250,4.04
1730,1259,9.42
1730,8394,6.26
1730,8762,4.13
1731,4274,9.56
1731,4277,8.86
1731,3683,2.67
1732,9168,4.38
1732,3532,0.85
1732,50,9.42
1733,550,4.42
1733,2912,0.95
1733,1124,2.14
1734,913,0.99
1734,1107,7.2
1734,598,3.66
1735,7953,5.94
1735,7385,0.23
1735,8057,5.99
1736,2208,0.25
1736,4521,3.43
1736,9090,6.04
1737,8567,4.94
1737,347,0.36
1737,3575,0.87
1738,464,2.26
1738,255,2.68
1738,8054,1.58
1739,480,3.8
1739,2756,1.63
1739,7184,7.83
1740,1517,6.79
1740,3593,6.98
1740,815,6.2
1741,7264,2.31
1741,6552,8.51
1741,2441,6.1
1742,9274,3.97
1742,8529,4.4
1742,8506,9.83
1743,1478,0.35
1743,9828,6.45
1743,3912,1.06
1744,1295,8.19
1744,8664,2.09
1744,8437,8.96
1745,4417,7.03
1745,3683,0.53
1745,6072,1.03
1746,5125,7.4
1746,4646,1.44
1746,9973,2.08
1747,3026,5.27
1747,696,6.46
1747,6464,3.86
1748,1595,7.49
1748,7568,1.18
1748,5055,0.9
1749,1514,6.2
1749,8335,6.99
1749,8884,1.44
1750,5979,4.28
1750,4491,0.18
1750,9335,7.21
1751,7614,9.21
1751,2043,2.82
1751,6958,5.51
1752,5075,0.14
1752,2748,1.87
1752,6421,2.94
1753,6675,4.31
1753,6051,8.23
1753,5542,2.26
1754,6355,9.59
1754,672,7.93
1754,8134,9.17
1755,7873,9.67
1755,6077,6.01
1755,3116,4.46
1756,9741,3.71
1756,6895,1.74
1756,4149,7.73
1757,3744,3.24
1757,4632,6.9
1757,2557,0.89
1758,1548,8.42
1758,3378,5.9
1758,2422,0.11
1759,7055,8.0
1759,3342,7.8
1759,496,7.04
1760,5286,3.49
1760,5139,5.68
1760,3985,2.32
1761,7901,1.11
1761,1542,4.47
1761,5265,9.08
1762,6357,9.78
1762,2005,8.31
1762,5804,0.31
1763,6995,0.22
1763,183,6.15
1763,3075,3.36
1764,2568,4.95
1764,4078,2.22
1764,3727,2.57
1765,7109,4.2
1765,2291,1.03
1765,6948,6.62
1766,4918,4.12
1766,8905,9.19
1766,2580,5.87
1767,682,6.45
1767,7436,7.36
1767,5870,3.45
1768,5351,1.71
1768,9876,0.38
1768,7726,6.06
1769,8612,6.06
1769,4403,0.69
1769,8285,4.07
1770,113,1.16
1770,9263,0.38
1770,4668,5.75
1771,475,1.99
1771,6019,2.3
1771,3521,2.02
1772,6839,4.13
1772,9669,7.03
1772,7855,8.02
1773,2105,4.18
1773,856,1.67
1773,5016,5.56
1774,6578,4.98
1774,7363,8.05
1774,3758,5.12
1775,5192,0.13
1775,3696,9.81
1775,4189,6.06
1776,2259,9.15
1776,1179,0.59
1776,1226,7.51
1777,3961,9.76
1777,8009,6.32
1777,7930,6.4
1778,8119,1.58
1778,6752,5.65
1778,3305,4.31
1779,9200,8.93
1779,6675,6.01
1779,2537,7.25
1780,9749,2.13
1780,8333,4.34
1780,6982,5.99
1781,9192,8.52
1781,219,7.28
1781,7144,3.41
1782,2427,5.41
1782,7440,0.55
1782,6009,1.42
1783,5942,5.49
1783,3858,7.51
1783,5191,1.52
1784,1342,1.55
1784,9731,2.74
1784,6701,1.37
1785,3024,8.05
1785,7015,8.89
1785,3328,9.8
1786,8125,1.8
1786,6104,8.09
1786,2130,9.35
1787,4056,9.35
1787,9554,5.62
1787,2881,6.23
1788,9065,6.42
1788,2336,6.09
1788,1900,1.45
1789,5376,9.65
1789,3648,0.48
1789,1929,4.17
1790,871,6.32
1790,693,6.04
1790,7138,0.13
1791,381,8.71
1791,7614,8.8
1791,4813,4.23
1792,436,3.86
1792,9066,5.63
1792,8736,8.87
1793,2340,4.97
1793,8419,0.69
1793,9666,2.88
1794,3131,0.43
1794,9975,6.62
1794,4839,7.86
1795,1256,1.41
1795,2531,1.99
1795,8813,9.26
1796,4105,4.62
1796,7589,8.6
1796,1774,6.69
1797,9232,5.2
1797,6148,7.12
1797,9919,8.34
1798,6934,6.44
1798,9286,4.77
1798,1294,5.69
1799,1362,5.73
1799,866,6.26
1799,1692,6.56
1800,6654,1.87
1800,7023,1.15
1800,7890,0.84
1801,248,8.77
1801,2827,8.92
1801,8559,6.35
1802,5510,9.49
1802,9997,6.19
1802,9067,8.2
1803,4659,9.53
1803,8410,6.54
1803,2092,9.39
1804,3343,1.72
1804,184,7.43
1804,7774,8.43
1805,4106,2.83
1805,7796,4.05
1805,3709,7.64
1806,791,4.33
1806,2363,8.39
1806,7866,3.39
1807,8899,5.6
1807,5274,7.98
1807,5829,5.0
1808,8355,8.39
1808,7127,4.57
1808,9614,5.27
1809,6354,4.61
1809,3821,4.79
1809,8935,9.69
1810,9843,6.33
1810,5712,0.74
1810,6382,3.72
1811,8981,3.74
1811,8586,9.0
1811,9812,4.89
1812,8065,0.79
1812,1881,3.48
1812,1336,0.92
1813,2305,0.69
1813,327,9.97
1813,6726,2.77
1814,2245,6.26
1814,3505,1.77
1814,5087,1.5
1815,6350,3.5
1815,80,7.38
1815,3475,9.84
1816,5024,4.58
1816,345,8.61
1816,9599,3.87
1817,4127,4.53
1817,2699,1.43
1817,570,9.63
1818,5689,5.51
1818,3629,7.06
1818,1989,9.31
1819,5841,4.28
1819,5557,2.92
1819,143,2.98
1820,8688,6.56
1820,9506,4.38
1820,1781,2.55
1821,7052,6.11
1821,2399,9.32
1821,1341,3.36
1822,9867,0.33
1822,2816,9.33
1822,6020,1.42
1823,7664,7.41
1823,3723,3.17
1823,4913,7.2
1824,9057,6.84
1824,2479,9.38
1824,3521,9.59
1825,1759,8.04
1825,9533,9.46
1825,6998,6.7
1826,6918,5.65
1826,473,4.71
1826,361,2.89
1827,6874,7.3
1827,3200,3.28
1827,5202,6.01
1828,3756,8.54
1828,5859,3.0
1828,4618,7.44
1829,2495,6.43
1829,7774,4.89
1829,5904,7.1
1830,5015,1.78
1830,9785,2.7
1830,1372,2.86
1831,1752,5.82
1831,6474,4.15
1831,6010,1.5
1832,272,5.12
1832,2272,1.07
1832,5333,9.85
1833,5073,4.41
1833,8652,3.3
1833,7555,7.63
1834,7232,7.42
1834,4089,9.95
1834,5546,1.33
1835,701,8.64
1835,2525,4.39
1835,9632,8.96
1836,4331,0.9
1836,2467,5.0
1836,534,1.27
1837,5058,8.81
1837,310,4.05
1837,7838,8.97
1838,91,5.56
1838,8986,2.2
1838,2375,6.3
1839,3292,4.55
1839,8069,2.29
1839,316,1.59
1840,8334,5.52
1840,2671,3.85
1840,5615,6.94
1841,2585,4.53
1841,790,1.62
1841,2515,6.11
1842,2605,8.06
1842,3481,4.27
1842,6358,8.58
1843,8866,2.69
1843,2078,7.31
1843,7144,3.32
1844,6674,0.95
1844,8379,0.91
1844,3818,9.8
1845,737,2.38
1845,6548,7.8
1845,2950,7.46
1846,8642,8.82
1846,7660,9.13
1846,7397,1.75
1847,8128,3.85
1847,8948,9.31
1847,4420,2.25
1848,211,4.82
1848,6094,2.85
1848,7388,5.82
1849,4071,2.87
1849,772,0.29
1849,5701,7.39
1850,5891,5.01
1850,6198,7.84
1850,9033,7.69
1851,38,6.99
1851,5611,0.38
1851,9486,4.85
1852,7967,3.59
1852,873,8.48
1852,5759,3.13
1853,4254,5.44
1853,2988,9.17
1853,9472,2.6
1854,6347,5.2
1854,6857,6.15
1854,9805,4.03
1855,3224,2.99
1855,4631,8.82
1855,1066,1.19
1856,9126,5.84
1856,9586,3.87
1856,6563,5.65
1857,7100,6.86
1857,9432,1.77
1857,1386,7.14
1858,6733,9.8
1858,1173,6.93
1858,9142,2.19
1859,9637,3.39
1859,8584,9.42
1859,1217,9.7
1860,32,8.2
1860,6611,5.31
1860,5490,3.36
1861,6100,1.1
1861,2066,2.76
1861,3700,3.06
1862,4870,5.51
1862,5499,4.89
1862,7332,1.82
1863,1047,1.49
1863,7582,2.26
1863,1989,8.7
1864,5913,1.96
1864,1114,1.13
1864,2799,4.04
1865,2030,0.94
1865,3425,9.55
1865,4309,2.13
1866,9332,9.97
1866,4011,5.96
1866,4229,5.87
1867,6723,7.87
1867,5764,8.11
1867,9028,3.28
1868,6405,5.99
1868,9906,5.29
1868,6250,7.45
1869,6481,4.52
1869,6864,8.05
1869,8528,5.2
1870,11,7.81
1870,7340,9.17
1870,7593,7.94
1871,9700,8.12
1871,2483,3.93
1871,6940,2.91
1872,7949,3.9
1872,2499,0.24
1872,7942,8.8
1873,4373,8.85
1873,7888,5.1
1873,3576,5.11
1874,242,5.54
1874,6333,4.61
1874,2457,5.53
1875,998,1.24
1875,4972,9.43
1875,364,7.69
1876,318,3.56
1876,7371,5.36
1876,6009,6.72
1877,1089,2.84
1877,1966,6.72
1877,1418,8.33
1878,9582,1.77
1878,5067,8.7
1878,8497,5.32
1879,8393,1.19
1879,7396,6.72
1879,9982,9.53
1880,708,3.61
1880,4471,7.25
1880,8385,0.58
1881,9542,6.46
1881,3022,9.7
1881,915,4.35
1882,7761,0.27
1882,5625,4.79
1882,6558,2.27
1883,3694,3.57
1883,3453,3.64
1883,466,9.51
1884,531,2.66
1884,1349,2.91
1884,1946,5.37
1885,4368,4.13
1885,4158,3.58
1885,2958,5.59
1886,9146,9.25
1886,1468,5.27
1886,9898,2.35
1887,5006,1.61
1887,3191,0.74
1887,9086,6.77
1888,8700,2.58
1888,8817,8.17
1888,3751,6.42
1889,3365,2.39
1889,4518,5.74
1889,9671,9.99
1890,2408,8.93
1890,1556,9.46
1890,9535,9.57
1891,1729,1.57
1891,5407,1.52
1891,6359,1.19
1892,9724,6.47
1892,1984,4.85
1892,4570,3.54
1893,9723,1.75
1893,6852,6.08
1893,1404,1.72
1894,9934,7.06
1894,7629,8.49
1894,8506,8.06
1895,7001,9.91
1895,3794,2.02
1895,2420,9.58
1896,2493,9.82
1896,2296,3.43
1896,9824,4.92
1897,257,1.72
1897,8559,6.17
1897,6336,1.94
1898,5362,1.45
1898,4265,4.09
1898,5191,4.28
1899,8621,0.94
1899,1116,5.66
1899,5393,7.98
1900,32,2.35
1900,8410,4.35
1900,7568,3.81
1901,3580,5.92
1901,2730,7.51
1901,1138,3.17
1902,2433,5.26
1902,1523,4.48
1902,4012,8.61
1903,9033,5.95
1903,2729,8.71
1903,3204,2.49
1904,7010,6.47
1904,1936,7.18
1904,8138,2.12
1905,3215,1.59
1905,9141,1.3
1905,3866,1.71
1906,9080,1.19
1906,4143,8.31
1906,5769,4.91
1907,6202,6.08
1907,1486,6.65
1907,7640,2.55
1908,7998,3.89
1908,991,9.09
1908,5854,9.37
1909,4636,6.95
1909,7555,8.82
1909,2947,7.84
1910,2464,5.17
1910,9678,5.46
1910,6050,4.12
1911,1209,4.78
1911,4394,7.4
1911,9667,1.64
1912,3857,9.2
1912,3642,6.12
1912,1229,7.91
1913,8218,3.18
1913,7680,3.71
1913,2269,3.05
1914,6225,5.07
1914,3209,7.15
1914,6344,8.13
1915,6444,5.2
1915,3339,5.5
1915,4063,5.93
1916,5888,1.58
1916,8924,5.25
1916,8463,4.72
1917,1595,2.5
1917,7934,1.78
1917,4442,8.61
1918,6944,6.79
1918,9175,5.27
1918,8216,3.29
1919,5739,5.57
1919,6266,6.69
1919,8777,0.25
1920,8466,8.85
1920,5246,1.39
1920,2911,3.49
1921,1090,5.61
1921,2721,1.34
1921,1305,3.52
1922,6334,6.23
1922,9617,1.61
1922,3065,8.5
1923,6827,4.94
1923,3891,5.71
1923,8475,8.72
1924,632,2.53
1924,383,9.73
1924,125,7.4
1925,3465,6.68
1925,4089,9.98
1925,1158,1.94
1926,493,9.82
1926,891,2.38
1926,5992,5.28
1927,4922,0.97
1927,9592,5.27
1927,4247,9.99
1928,751,9.03
1928,5728,7.91
1928,2772,6.77
1929,9191,6.28
1929,2047,0.59
1929,5628,4.6
1930,9386,3.81
1930,3557,4.97
1930,5777,6.68
1931,6749,9.79
1931,5201,5.84
1931,7595,6.29
1932,8386,2.02
1932,9653,5.18
1932,2505,0.53
1933,1250,8.99
1933,9815,8.28
1933,9741,5.68
1934,7640,4.92
1934,2620,3.61
1934,7537,0.57
1935,515,5.14
1935,7569,1.72
1935,6393,7.38
1936,215,8.62
1936,7499,1.53
1936,7417,3.21
1937,8410,0.84
1937,7212,8.01
1937,6776,8.69
1938,7894,5.76
1938,7926,4.47
1938,8786,4.21
1939,4877,9.61
1939,8293,5.26
1939,1924,1.52
1940,1970,3.67
1940,6237,9.55
1940,191,1.79
1941,8106,8.06
1941,3830,8.05
1941,5060,3.91
1942,357,5.01
1942,121,7.63
1942,9932,7.51
1943,6881,8.38
1943,8997,4.76
1943,2141,9.55
1944,9255,4.39
1944,956,8.07
1944,7256,1.79
1945,2978,8.05
1945,9241,6.77
1945,9471,5.75
1946,9629,3.73
1946,3007,8.87
1946,1792,2.08
1947,3900,5.31
1947,2171,5.76
1947,4859,3.0
1948,1526,2.33
1948,2990,0.74
1948,6644,8.05
1949,9756,4.17
1949,2282,3.07
1949,5947,6.23
1950,2758,4.92
1950,7382,8.16
1950,2798,5.58
1951,3537,7.73
1951,4032,7.94
1951,7046,7.59
1952,4012,5.54
1952,5058,6.07
1952,6785,5.92
1953,9194,9.03
1953,9907,7.65
1953,7348,3.44
1954,8027,8.81
1954,5402,1.73
1954,6876,8.31
1955,1857,2.85
1955,2911,2.58
1955,3337,7.1
1956,4767,5.36
1956,8690,4.44
1956,451,5.72
1957,4069,4.09
1957,9683,9.14
1957,8533,4.02
1958,1245,4.47
1958,3393,8.1
1958,8205,6.35
1959,5588,4.32
1959,7565,8.01
1959,6645,9.85
1960,569,9.83
1960,9121,6.49
1960,3149,5.36
1961,3830,9.11
1961,2989,6.49
1961,9565,8.6
1962,8466,1.75
1962,2607,2.53
1962,398,6.6
1963,1787,9.52
1963,5774,8.68
1963,2130,6.36
1964,7133,3.5
1964,8611,6.65
1964,754,4.92
1965,7570,7.85
1965,5121,6.64
1965,9805,4.49
1966,3809,6.25
1966,4114,4.42
1966,7806,3.13
1967,4943,2.63
1967,3615,4.34
1967,2676,4.78
1968,140,0.67
1968,2651,9.63
1968,8672,6.76
1969,7200,3.58
1969,1249,5.01
1969,2387,2.73
1970,1840,6.95
1970,9224,5.6
1970,7661,8.88
1971,1596,0.28
1971,7021,6.02
1971,1333,2.14
1972,2546,9.98
1972,6208,6.74
1972,3567,3.16
1973,5967,2.94
1973,6660,4.22
1973,6987,0.26
1974,7306,2.6
1974,9824,8.17
1974,7895,5.77
1975,7545,9.78
1975,4378,6.8
1975,3656,9.69
1976,405,0.57
1976,9271,2.85
1976,9422,0.76
1977,9700,0.79
1977,3599,5.6
1977,8502,5.6
1978,5727,4.24
1978,3186,1.38
1978,988,8.79
1979,1542,5.65
1979,2354,2.79
1979,5953,5.83
1980,1415,0.18
1980,7541,6.13
1980,7259,6.54
1981,8760,4.47
1981,6682,6.44
1981,4077,5.3
1982,9495,2.81
1982,903,8.17
1982,2933,6.28
1983,5916,5.18
1983,5797,0.55
1983,6588,8.03
1984,4484,7.19
1984,6321,6.9
1984,2966,3.86
1985,6847,7.8
1985,6512,8.92
1985,8582,0.97
1986,3251,1.15
1986,3660,9.45
1986,1529,8.18
1987,8739,8.97
1987,5042,1.91
1987,3798,7.07
1988,756,0.37
1988,644,0.49
1988,2031,9.33
1989,6687,2.8
1989,2548,2.22
1989,1087,5.35
1990,26,7.13
1990,3843,9.64
1990,3437,1.95
1991,8032,7.67
1991,8866,6.53
1991,4600,9.41
1992,2445,0.54
1992,4182,1.51
1992,7238,3.01
1993,8161,0.6
1993,7315,3.33
1993,865,1.53
1994,1872,5.79
1994,283,6.25
1994,8468,4.84
1995,9448,8.6
1995,6031,0.77
1995,5932,9.99
1996,6531,4.39
1996,3801,9.69
1996,35,6.1
1997,5703,6.38
1997,5102,0.37
1997,9523,2.16
1998,9962,3.72
1998,3876,2.41
1998,6976,2.58
1999,2055,9.42
1999,8892,7.05
1999,4216,1.44
2000,7117,6.09
2000,4870,9.44
2000,8033,0.39
2001,7415,2.63
2001,1663,9.12
2001,3727,4.22
2002,9093,5.61
2002,3036,6.38
2002,1153,4.48
2003,8959,3.85
2003,6542,2.35
2003,7071,6.7
2004,8558,7.03
2004,3604,1.03
2004,7715,0.62
2005,3974,2.71
2005,9520,7.13
2005,9187,5.48
2006,8183,9.85
2006,5592,8.76
2006,986,1.97
2007,227,2.55
2007,3105,5.55
2007,5244,3.06
2008,2685,5.54
2008,3024,4.01
2008,2584,2.87
2009,3792,1.33
2009,2475,7.24
2009,3449,2.83
2010,493,5.06
2010,5113,7.34
2010,7559,8.58
2011,5068,2.35
2011,8009,9.97
2011,3953,9.57
2012,1031,5.53
2012,887,7.64
2012,5898,2.05
2013,8416,6.35
2013,6503,5.25
2013,2502,7.04
2014,2080,3.7
2014,9844,0.53
2014,9306,1.31
2015,1116,3.75
2015,362,1.31
2015,1405,3.23
2016,6746,4.62
2016,4596,8.65
2016,7648,8.86
2017,8618,6.89
2017,7317,2.03
2017,8098,8.97
2018,7841,3.64
2018,74,9.76
2018,7263,7.16
2019,1422,8.86
2019,2818,2.67
2019,6380,4.42
2020,6741,6.01
2020,6759,3.54
2020,2853,1.95
2021,8172,7.66
2021,266,9.26
2021,6154,5.28
2022,8395,9.47
2022,6936,1.7
2022,1537,8.01
2023,2004,2.71
2023,5998,7.61
2023,9919,9.41
2024,5703,0.15
2024,8976,8.7
2024,3513,7.68
2025,9453,1.6
2025,9896,0.73
2025,7424,7.26
2026,3341,2.13
2026,7552,7.53
2026,9559,7.97
2027,4673,4.96
2027,4039,2.45
2027,8632,5.38
2028,1101,7.09
2028,4220,0.57
2028,2113,2.95
2029,3112,4.7
2029,5477,7.64
2029,830,9.86
2030,5369,5.41
2030,2264,8.61
2030,2447,1.15
2031,9075,0.18
2031,8564,6.64
2031,6585,9.16
2032,8149,5.12
2032,4205,0.17
2032,5089,2.13
2033,3930,7.26
2033,9003,4.31
2033,9971,1.1
2034,3438,1.54
2034,1034,2.39
2034,494,6.95
2035,8187,5.9
2035,2183,1.02
2035,9959,7.91
2036,1339,7.48
2036,70,7.03
2036,1591,2.37
2037,7770,0.91
2037,9070,3.72
2037,8882,1.38
2038,9369,8.53
2038,2381,3.12
2038,9913,0.88
2039,9462,9.63
2039,4486,6.55
2039,5112,0.69
2040,3307,4.88
2040,3939,1.07
2040,2858,1.39
2041,128,0.65
2041,1536,4.17
2041,8838,4.21
2042,6702,6.33
2042,3441,0.57
2042,8322,2.25
2043,1991,2.14
2043,3479,1.25
2043,9205,8.37
2044,5426,4.2
2044,3122,8.66
2044,8167,2.79
2045,2578,5.38
2045,6375,4.49
2045,2184,6.98
2046,6558,7.28
2046,3803,7.68
2046,8896,0.8
2047,4585,5.11
2047,3661,7.48
2047,1861,1.63
2048,6572,6.16
2048,730,4.74
2048,3604,7.14
2049,9186,7.92
2049,6729,7.21
2049,1807,4.13
2050,1593,2.42
2050,5391,6.5
2050,6638,4.19
2051,6693,7.56
2051,9612,5.54
2051,3103,4.3
2052,781,8.73
2052,5858,8.54
2052,1285,2.88
2053,172,8.14
2053,6682,5.74
2053,3715,8.21
2054,2687,5.05
2054,8652,7.68
2054,3212,4.1
2055,7506,2.44
2055,8957,4.74
2055,7364,6.13
2056,1030,1.9
2056,5422,7.24
2056,602,2.16
2057,5722,5.96
2057,8615,5.83
2057,3567,3.41
2058,3586,6.5
2058,7501,1.4
2058,589,7.03
2059,3317,3.89
2059,5787,0.63
2059,975,5.89
2060,3310,1.65
2060,2368,8.45
2060,346,9.89
2061,3119,1.1
2061,801,7.08
2061,9889,2.64
2062,5617,5.98
2062,3466,0.92
2062,875,0.34
2063,822,5.99
2063,7502,8.3
2063,3788,9.65
2064,1315,8.68
2064,9648,1.24
2064,901,3.29
2065,7222,3.37
2065,5780,3.46
2065,9743,1.93
2066,1371,6.41
2066,934,2.07
2066,1431,8.65
2067,5546,4.04
2067,6470,2.42
2067,2179,6.23
2068,7554,3.66
2068,5718,5.39
2068,1324,8.51
2069,2172,1.54
2069,9145,7.11
2069,3793,9.63
2070,5740,6.26
2070,4746,0.17
2070,7690,6.63
2071,7966,3.21
2071,6127,3.92
2071,506,9.1
2072,9783,4.37
2072,4547,1.26
2072,998,6.8
2073,1157,7.72
2073,7493,2.28
2073,6333,0.11
2074,6475,5.32
2074,956,7.04
2074,8639,8.53
2075,8635,9.64
2075,1093,6.8
2075,7125,1.62
2076,5682,0.44
2076,5033,5.88
2076,1801,9.72
2077,4109,6.89
2077,4105,9.15
2077,9514,1.65
2078,75,5.08
2078,2837,0.19
2078,4741,9.05
2079,7814,9.13
2079,1891,9.14
2079,9589,2.47
2080,6420,1.85
2080,4318,9.13
2080,36,5.05
2081,5424,5.33
2081,8503,6.78
2081,2031,4.5
2082,9696,5.97
2082,8354,1.98
2082,9087,6.2
2083,9620,2.62
2083,5693,0.96
2083,2446,7.73
2084,7490,7.11
2084,343,9.34
2084,6052,5.92
2085,2269,1.64
2085,2057,8.65
2085,9949,0.64
2086,1832,1.94
2086,6191,0.39
2086,7153,8.2
2087,869,2.64
2087,9286,3.26
2087,8601,9.12
2088,1695,7.12
2088,343,5.1
2088,4704,8.5
2089,681,2.51
2089,5671,3.04
2089,745,0.82
2090,2859,4.71
2090,163,1.03
2090,8598,5.9
2091,7186,7.36
2091,3526,9.54
2091,5625,0.25
2092,3295,7.27
2092,7737,3.7
2092,3971,5.33
2093,8177,2.97
2093,6843,8.09
2093,234,8.64
2094,6172,1.71
2094,8741,5.54
2094,9014,1.24
2095,437,5.41
2095,4387,8.44
2095,1394,1.46
2096,6080,3.61
2096,6155,7.73
2096,6611,6.64
2097,9894,6.75
2097,6377,3.01
2097,5506,4.5
2098,557,5.23
2098,715,1.05
2098,1134,0.75
2099,6690,7.41
2099,712,5.08
2099,8952,6.54
2100,6159,9.29
2100,711,4.66
2100,2950,7.28
2101,8560,2.13
2101,6442,8.93
2101,3504,4.0
2102,9497,2.47
2102,3113,1.89
2102,7884,5.86
2103,714,7.42
2103,3776,9.4
2103,5537,0.58
2104,6822,3.03
2104,1808,9.63
2104,4758,8.01
2105,6656,9.58
2105,8033,4.13
2105,2706,1.09
2106,2743,2.37
2106,8299,8.79
2106,4661,9.31
2107,9404,7.74
2107,3634,2.49
2107,296,6.49
2108,855,3.42
2108,3317,0.79
2108,1724,4.24
2109,9680,7.64
2109,7545,7.23
2109,7471,3.05
2110,428,8.16
2110,9727,8.97
2110,889,8.9
2111,1224,6.76
2111,1448,2.78
2111,5808,2.26
2112,1087,5.57
2112,2489,3.91
2112,9332,7.32
2113,8362,9.4
2113,9814,4.74
2113,2163,7.34
2114,7042,0.14
2114,2601,5.39
2114,9005,5.07
2115,6412,5.51
2115,1737,8.76
2115,1655,0.18
2116,1635,6.75
2116,1552,5.02
2116,2093,1.64
2117,2809,2.51
2117,6409,5.9
2117,2113,1.77
2118,6847,0.22
2118,5139,9.8
2118,5700,8.65
2119,2945,5.46
2119,4235,9.58
2119,8024,9.19
2120,5990,8.02
2120,5842,9.22
2120,4470,5.27
2121,9211,5.86
2121,1696,4.89
2121,8559,2.49
2122,1050,5.63
2122,6765,3.58
2122,7960,2.96
2123,993,4.77
2123,5762,2.33
2123,7955,0.9
2124,5983,6.78
2124,1312,5.99
2124,8069,8.89
2125,8315,2.66
2125,2678,1.66
2125,8630,3.22
2126,8195,4.55
2126,603,9.61
2126,9169,9.76
2127,7712,2.22
2127,3050,1.97
2127,3820,9.16
2128,9792,9.76
2128,66,2.45
2128,7270,9.98
2129,7277,9.35
2129,172,6.45
2129,6305,0.43
2130,8417,1.7
2130,5212,4.34
2130,4616,5.44
2131,2852,6.82
2131,4477,4.67
2131,3696,6.14
2132,548,4.39
2132,4354,0.68
2132,1915,2.46
2133,1801,1.62
2133,3954,4.86
2133,2341,9.17
2134,2380,3.33
2134,1439,8.58
2134,9412,5.77
2135,1723,6.23
2135,1523,6.76
2135,4958,6.33
2136,7753,0.15
2136,2519,5.06
2136,2844,5.87
2137,2756,2.53
2137,1158,6.12
2137,5923,1.39
2138,8482,6.09
2138,490,4.51
2138,5115,3.08
2139,7192,4.69
2139,7909,8.43
2139,5093,4.02
2140,5877,3.03
2140,4827,7.33
2140,9689,9.62
2141,4451,4.31
2141,6818,9.22
2141,5758,2.26
2142,3025,9.29
2142,2864,4.78
2142,5106,6.95
2143,2256,3.41
2143,4809,6.83
2143,5883,3.22
2144,3974,0.76
2144,6436,6.69
2144,2167,6.22
2145,7315,7.55
2145,7343,8.01
2145,1189,7.7
2146,3409,9.7
2146,6386,9.2
2146,9802,0.96
2147,301,2.9
2147,9558,8.23
2147,6603,4.91
2148,5883,3.68
2148,4513,7.81
2148,2463,9.63
2149,4474,9.13
2149,1530,0.3
2149,4555,0.78
2150,3621,2.84
2150,8693,2.84
2150,3687,3.79
2151,8215,6.22
2151,840,2.93
2151,3506,7.0
2152,7686,7.09
2152,1334,8.44
2152,8732,2.67
2153,910,7.44
2153,1686,5.03
2153,4891,6.58
2154,5734,4.14
2154,6135,3.52
2154,857,5.99
2155,1052,1.58
2155,4465,2.22
2155,6136,6.37
2156,60,0.35
2156,5161,1.73
2156,5820,7.77
2157,1040,0.14
2157,5426,1.79
2157,7113,5.16
2158,9989,9.38
2158,1204,8.49
2158,1860,9.48
2159,4334,2.42
2159,8389,1.08
2159,8240,5.05
2160,2362,9.23
2160,9929,7.25
2160,2676,9.3
2161,2415,2.38
2161,7424,5.89
2161,5273,7.02
2162,3542,9.56
2162,7966,9.17
2162,6794,9.1
2163,839,2.46
2163,954,5.03
2163,6112,3.57
2164,981,9.7
2164,9765,6.36
2164,2575,0.14
2165,6596,8.97
2165,7902,4.51
2165,5824,8.71
2166,7961,1.06
2166,1809,9.43
2166,7219,9.42
2167,5461,8.44
2167,594,7.44
2167,9268,9.01
2168,8868,8.23
2168,8389,9.98
2168,6346,1.96
2169,9678,7.79
2169,4369,4.09
2169,4210,4.48
2170,6085,9.55
2170,3364,6.84
2170,702,6.46
2171,6406,8.29
2171,9508,3.21
2171,3083,9.87
2172,2047,4.96
2172,2031,4.47
2172,1434,3.78
2173,5792,4.05
2173,5696,5.39
2173,7124,8.85
2174,2010,1.33
2174,2795,0.9
2174,1376,9.11
2175,2278,9.49
2175,8922,5.87
2175,4501,5.68
2176,8823,0.22
2176,178,7.32
2176,9860,3.25
2177,739,6.43
2177,9206,1.62
2177,9273,9.66
2178,9498,0.49
2178,3621,7.65
2178,7425,9.91
2179,4934,5.65
2179,5235,4.89
2179,1470,4.5
2180,5589,3.59
2180,1790,5.58
2180,6019,9.9
2181,3036,2.33
2181,8755,8.07
2181,4424,1.24
2182,1623,0.53
2182,220,4.01
2182,8691,9.73
2183,8321,0.38
2183,700,4.23
2183,43,7.5
2184,5995,2.11
2184,5537,6.76
2184,2745,2.21
2185,6854,1.44
2185,4001,2.99
2185,6639,9.67
2186,2459,9.8
2186,2438,2.19
2186,4210,0.8
2187,8147,3.47
2187,8503,7.03
2187,3666,9.89
2188,8527,4.75
2188,9575,4.51
2188,3473,8.97
2189,5520,7.2
2189,9595,2.04
2189,474,4.0
2190,6677,7.19
2190,8711,4.87
2190,1722,2.2
2191,2595,4.54
2191,2277,5.56
2191,4120,2.36
2192,1471,3.23
2192,1034,4.51
2192,9306,3.39
2193,5479,6.2
2193,8648,7.86
2193,4460,4.39
2194,5907,2.13
2194,3838,1.88
2194,1397,4.07
2195,8656,0.7
2195,9717,7.34
2195,5727,3.34
2196,6651,9.72
2196,1953,5.05
2196,8412,4.48
2197,2126,3.82
2197,9092,0.24
2197,3083,8.29
2198,1823,0.8
2198,7793,4.62
2198,187,7.01
2199,7987,9.43
2199,9761,3.81
2199,7824,1.79
2200,1325,7.87
2200,537,0.38
2200,424,0.59
2201,3209,6.99
2201,3498,0.39
2201,8762,3.35
2202,3484,1.52
2202,7823,8.82
2202,9709,1.93
2203,7421,9.79
2203,5010,4.06
2203,2688,5.39
2204,7445,6.15
2204,511,4.39
2204,551,1.51
2205,9868,9.29
2205,2720,7.85
2205,4140,9.13
2206,6847,0.5
2206,4323,3.23
2206,3186,8.23
2207,9631,7.2
2207,6808,9.8
2207,6228,4.96
2208,1273,1.73
2208,103,3.69
2208,4957,1.91
2209,9529,2.37
2209,5061,9.3
2209,1350,3.88
2210,5580,4.56
2210,2931,4.77
2210,4099,7.67
2211,7573,6.47
2211,3155,1.17
2211,151,0.66
2212,1131,7.5
2212,4678,7.47
2212,2785,6.87
2213,2816,0.62
2213,2128,1.12
2213,4855,1.54
2214,4849,3.53
2214,3051,7.82
2214,9437,7.73
2215,1701,5.53
2215,5975,5.36
2215,3927,6.16
2216,5626,1.1
2216,8754,8.43
2216,9442,4.66
2217,4675,1.98
2217,419,8.79
2217,2573,7.73
2218,1796,5.34
2218,1467,7.42
2218,4112,2.42
2219,5991,3.28
2219,2891,3.35
2219,7451,9.81
2220,8775,5.53
2220,2861,4.21
2220,6111,3.02
2221,4529,1.13
2221,2105,9.81
2221,8356,5.11
2222,1518,8.43
2222,2273,6.3
2222,554,9.03
2223,2233,7.7
2223,6402,5.47
2223,6455,3.51
2224,8560,9.86
2224,4809,4.79
2224,1075,5.33
2225,2433,1.7
2225,8059,5.19
2225,2352,1.08
2226,8084,0.86
2226,1017,8.75
2226,881,6.09
2227,5201,9.19
2227,1411,9.68
2227,4432,9.37
2228,2482,0.5
2228,361,2.51
2228,9683,5.62
2229,5718,3.23
2229,8073,1.3
2229,4720,1.39
2230,6242,0.5
2230,2819,6.24
2230,7249,3.0
2231,2066,4.54
2231,8890,7.69
2231,8896,6.51
2232,7620,9.1
2232,6017,1.56
2232,2582,9.84
2233,7544,9.87
2233,8095,4.06
2233,8230,9.79
2234,3944,4.81
2234,8982,6.62
2234,8751,9.0
2235,5103,4.88
2235,2834,4.0
2235,637,2.88
2236,9266,5.13
2236,7962,4.29
2236,4160,7.94
2237,9520,5.48
2237,191,8.34
2237,2957,1.39
2238,6404,8.18
2238,4960,7.26
2238,2107,3.84
2239,3449,7.95
2239,9810,3.17
2239,3875,4.63
2240,6140,1.72
2240,9053,6.85
2240,619,1.69
2241,8611,1.01
2241,2603,5.28
2241,3721,5.86
2242,4638,4.96
2242,7893,8.51
2242,6688,1.83
2243,5894,2.74
2243,6509,3.63
2243,1599,1.81
2244,6668,9.75
2244,7153,0.33
2244,4161,0.56
2245,6293,0.34
2245,782,4.25
2245,6700,2.96
2246,9987,7.12
2246,3447,6.46
2246,3629,3.95
2247,1668,2.11
2247,2059,3.91
2247,8033,7.5
2248,836,9.16
2248,118,9.69
2248,3399,1.3
2249,6123,8.89
2249,4152,1.47
2249,982,8.45
2250,6129,6.16
2250,7085,1.49
2250,1078,8.55
2251,486,5.75
2251,6078,1.44
2251,4532,7.01
2252,3834,3.32
2252,2918,0.18
2252,5962,6.26
2253,5342,2.08
2253,2931,1.95
2253,9112,5.39
2254,1667,0.7
2254,3107,0.99
2254,9128,6.12
2255,1225,2.02
2255,1652,9.84
2255,8929,2.0
2256,1092,2.08
2256,1276,1.08
2256,7632,7.35
2257,7815,9.55
2257,4342,5.47
2257,7148,5.22
2258,2839,1.85
2258,5174,8.54
2258,1322,5.28
2259,7717,9.35
2259,2868,4.79
2259,4652,3.79
2260,7863,6.23
2260,4815,5.07
2260,2147,6.14
2261,8698,7.92
2261,9591,3.71
2261,9600,9.58
2262,1971,2.93
2262,5182,7.09
2262,8116,2.76
2263,7174,0.48
2263,6802,2.45
2263,8832,7.23
2264,6554,0.81
2264,4763,9.72
2264,3889,9.66
2265,3679,6.62
2265,9417,8.07
2265,7539,4.9
2266,5563,6.91
2266,2942,3.12
2266,5400,6.38
2267,7284,3.04
2267,490,6.96
2267,4795,3.07
2268,7239,3.47
2268,7744,1.56
2268,7399,7.37
2269,1484,9.84
2269,1619,9.51
2269,2019,7.57
2270,8076,5.66
2270,8401,9.85
2270,8570,8.47
2271,7212,1.98
2271,3431,3.66
2271,2120,0.3
2272,5983,3.84
2272,2817,0.24
2272,3499,9.33
2273,9811,4.1
2273,4497,6.11
2273,8752,3.48
2274,526,6.72
2274,3257,0.86
2274,9972,1.53
2275,4807,1.96
2275,9134,4.48
2275,7453,1.29
2276,8739,8.85
2276,1735,3.84
2276,5905,6.54
2277,3700,2.54
2277,2538,7.16
2277,2798,5.23
2278,8336,4.82
2278,4877,9.22
2278,1292,4.38
2279,6274,8.52
2279,3105,0.86
2279,8684,6.71
2280,6201,3.93
2280,1567,4.56
2280,8123,0.33
2281,1236,5.21
2281,2850,8.53
2281,1828,8.25
2282,1264,2.54
2282,3431,3.79
2282,4322,9.15
2283,620,8.24
2283,2378,7.49
2283,3604,2.19
2284,5316,8.83
2284,4031,8.12
2284,4648,9.82
2285,7127,7.73
2285,9929,0.6
2285,15,6.64
2286,1638,9.87
2286,4160,3.76
2286,3317,10.0
2287,6470,7.94
2287,3794,1.03
2287,6129,4.97
2288,7929,5.13
2288,2481,8.34
2288,2723,8.44
2289,39,3.08
2289,1178,0.38
2289,6342,4.43
2290,9779,4.15
2290,7735,2.34
2290,4567,6.08
2291,2314,6.39
2291,5425,9.0
2291,5076,8.43
2292,3355,4.61
2292,6037,8.65
2292,9666,1.51
2293,188,8.53
2293,7188,9.11
2293,9121,7.28
2294,6957,9.69
2294,3587,9.88
2294,1880,3.21
2295,5696,5.77
2295,643,9.36
2295,8475,3.69
2296,6748,2.07
2296,9022,2.98
2296,1466,8.42
2297,4454,2.99
2297,483,5.03
2297,6576,3.89
2298,2278,6.59
2298,3600,3.88
2298,4754,3.12
2299,5029,5.05
2299,4175,1.74
2299,7168,7.78
2300,9066,3.84
2300,4894,6.09
2300,1575,1.42
2301,333,5.5
2301,4413,1.37
2301,9008,7.75
2302,6066,4.76
2302,312,1.76
2302,373,3.1
2303,1990,5.3
2303,6130,0.24
2303,4399,6.55
2304,4098,3.32
2304,4503,6.9
2304,2120,4.56
2305,8709,2.57
2305,3236,2.46
2305,8271,9.51
2306,8803,4.13
2306,1494,6.82
2306,1805,8.28
2307,4027,7.93
2307,5388,5.81
2307,2847,1.43
2308,7828,8.47
2308,4418,1.35
2308,5919,8.57
2309,6360,5.57
2309,8131,9.06
2309,5389,5.42
2310,4200,1.78
2310,5837,2.54
2310,4478,8.99
2311,14,1.23
2311,8482,1.39
2311,4717,4.27
2312,8695,7.65
2312,2309,6.33
2312,7030,1.49
2313,9876,9.03
2313,2668,5.51
2313,8012,7.42
2314,168,1.07
2314,6183,7.08
2314,6706,8.73
2315,2370,5.35
2315,565,2.09
2315,7219,3.5
2316,7892,6.13
2316,705,1.24
2316,6699,4.39
2317,1061,6.27
2317,2970,2.84
2317,6543,7.03
2318,4486,6.63
2318,6749,6.56
2318,1459,4.73
2319,8798,4.24
2319,483,0.67
2319,1704,6.45
2320,3961,8.46
2320,6164,6.91
2320,8937,2.27
2321,9779,6.45
2321,8197,3.39
2321,1505,6.13
2322,7664,6.45
2322,9870,3.64
2322,2685,8.15
2323,3364,2.25
2323,4438,1.89
2323,990,3.64
2324,5803,5.53
2324,3513,8.53
2324,4635,8.66
2325,3096,2.95
2325,9312,2.08
2325,8848,2.97
2326,7508,4.59
2326,1596,8.41
2326,1654,2.41
2327,7912,4.22
2327,8344,4.11
2327,8388,8.71
2328,9365,2.89
2328,6997,7.58
2328,9929,1.27
2329,8189,8.78
2329,8491,1.19
2329,8323,7.86
2330,6,0.71
2330,9209,3.21
2330,758,6.86
2331,9990,6.88
2331,4181,9.95
2331,7438,2.86
2332,325,5.8
2332,4145,5.23
2332,6594,6.01
2333,3450,6.91
2333,9388,1.55
2333,2320,6.86
2334,3382,7.9
2334,2037,0.17
2334,9078,8.86
2335,897,8.13
2335,9417,7.74
2335,418,5.35
2336,3993,3.89
2336,5232,4.38
2336,8421,0.66
2337,8033,7.49
2337,5534,6.65
2337,6299,0.97
2338,8084,8.05
2338,4900,2.71
2338,6326,8.61
2339,7959,4.26
2339,2046,1.31
2339,5442,2.9
2340,5710,4.96
2340,3585,3.97
2340,1168,4.16
2341,3524,1.78
2341,8351,2.18
2341,3333,7.65
2342,578,4.59
2342,4957,3.61
2342,9215,2.97
2343,8854,2.32
2343,8842,5.82
2343,7544,8.88
2344,1002,5.99
2344,6067,0.22
2344,4910,1.6
2345,8249,0.34
2345,625,9.35
2345,8328,5.42
2346,3031,7.7
2346,6798,8.29
2346,4839,5.32
2347,9507,2.8
2347,6616,7.53
2347,4601,1.31
2348,9820,9.02
2348,5116,1.16
2348,9609,1.63
2349,8371,4.1
2349,2635,1.48
2349,1338,4.49
2350,5969,4.56
2350,3116,4.7
2350,3147,4.42
2351,9746,9.32
2351,8527,6.01
2351,6185,6.54
2352,8708,0.49
2352,7655,1.83
2352,3885,6.98
2353,9982,1.7
2353,1135,1.09
2353,2896,9.19
2354,4662,8.08
2354,931,6.08
2354,1854,4.73
2355,3333,1.79
2355,7087,4.03
2355,2953,9.54
2356,2125,3.45
2356,1151,0.88
2356,9669,0.56
2357,7049,5.13
2357,3234,6.18
2357,8149,4.65
2358,2950,9.18
2358,7185,6.71
2358,5970,7.93
2359,7033,3.87
2359,6832,2.97
2359,7606,4.47
2360,3957,1.73
2360,6116,2.58
2360,2014,6.43
2361,4726,7.37
2361,8549,8.23
2361,3176,9.5
2362,3186,6.98
2362,814,2.57
2362,8466,9.23
2363,5329,2.11
2363,2360,1.29
2363,8382,3.17
2364,3759,0.84
2364,3154,3.26
2364,9431,2.76
2365,3924,1.78
2365,1232,0.38
2365,9701,9.53
2366,427,2.5
2366,9982,1.46
2366,4162,5.5
2367,2139,1.05
2367,4730,0.91
2367,6844,6.07
2368,5828,4.69
2368,5547,9.03
2368,8995,5.86
2369,3854,5.02
2369,1359,0.4
2369,9127,5.49
2370,5833,4.44
2370,6698,5.27
2370,9399,2.42
2371,5476,8.48
2371,1663,5.78
2371,8601,6.22
2372,1744,0.55
2372,1704,6.45
2372,9336,4.78
2373,2966,2.01
2373,8496,6.62
2373,5835,1.1
2374,1318,3.63
2374,4591,0.73
2374,8594,2.85
2375,1503,8.04
2375,9625,2.89
2375,7955,2.43
2376,7062,4.18
2376,4774,7.79
2376,6703,0.21
2377,4834,9.79
2377,5351,5.51
2377,2980,6.91
2378,8739,1.22
2378,231,3.32
2378,9135,9.66
2379,8573,4.61
2379,3221,4.69
2379,3433,4.72
2380,5132,8.12
2380,1401,1.43
2380,1266,6.14
2381,8540,3.21
2381,3723,4.03
2381,8387,9.7
2382,2482,9.6
2382,3594,5.89
2382,8072,1.62
2383,4495,5.66
2383,7529,5.98
2383,1501,2.31
2384,4697,7.6
2384,3148,1.74
2384,9303,7.16
2385,1407,3.26
2385,4551,0.91
2385,9709,1.71
2386,1741,7.66
2386,630,5.01
2386,3662,8.3
2387,7779,9.49
2387,1077,6.66
2387,7223,8.12
2388,6268,2.39
2388,8136,9.18
2388,8737,4.17
2389,2902,5.71
2389,5765,2.47
2389,5778,8.74
2390,2508,3.79
2390,1644,0.82
2390,3395,4.51
2391,5756,4.58
2391,6755,5.71
2391,5624,1.95
2392,7146,7.15
2392,4438,6.12
2392,5600,8.87
2393,1837,2.42
2393,90,8.29
2393,2065,6.59
2394,1051,1.59
2394,3574,5.58
2394,5040,1.85
2395,1593,4.47
2395,3833,7.19
2395,6544,1.68
2396,6715,8.66
2396,3851,7.45
2396,8241,8.76
2397,3660,1.54
2397,6617,2.43
2397,4773,4.33
2398,3291,4.09
2398,8464,1.05
2398,2222,8.71
2399,7339,2.53
2399,3401,5.38
2399,9140,0.49
2400,3410,0.38
2400,1167,4.47
2400,155,4.64
2401,3852,4.12
2401,2210,5.46
2401,99,6.94
2402,5153,6.94
2402,3133,5.21
2402,4236,3.31
2403,6985,1.16
2403,7055,3.11
2403,3048,6.45
2404,8046,7.3
2404,5411,1.84
2404,6855,3.91
2405,4417,0.89
2405,9014,0.37
2405,5895,9.56
2406,3320,7.63
2406,5466,3.5
2406,6617,9.33
2407,9179,8.55
2407,4955,1.28
2407,6111,6.11
2408,3654,5.03
2408,5778,1.92
2408,9535,9.64
2409,2519,9.65
2409,4113,2.16
2409,1723,2.0
2410,6316,5.58
2410,6152,1.72
2410,490,1.78
2411,5194,4.05
2411,2979,3.69
2411,7073,0.3
2412,3021,3.42
2412,4610,7.73
2412,6222,6.82
2413,5549,4.85
2413,4282,8.67
2413,9634,7.64
2414,7620,1.97
2414,8615,3.04
2414,7451,2.7
2415,6460,2.25
2415,2480,4.03
2415,90,4.48
2416,4952,8.03
2416,4281,9.74
2416,5770,8.42
2417,5798,3.47
2417,1198,3.97
2417,6955,7.0
2418,811,6.74
2418,5653,0.48
2418,1139,2.44
2419,2151,7.98
2419,7477,9.14
2419,7226,7.9
2420,8391,7.14
2420,2903,6.21
2420,4171,5.61
2421,5830,4.6
2421,2760,9.93
2421,2206,9.81
2422,8154,8.37
2422,6961,9.29
2422,3380,5.03
2423,5023,3.96
2423,6760,8.45
2423,205,8.71
2424,1511,8.84
2424,1871,4.06
2424,5952,7.37
2425,5948,0.37
2425,3398,8.48
2425,1304,9.95
2426,9883,0.68
2426,4595,2.04
2426,7735,7.59
2427,3422,4.25
2427,671,9.07
2427,6452,0.68
2428,2023,5.8
2428,7689,1.75
2428,9588,5.95
2429,2727,4.02
2429,5545,9.43
2429,139,9.11
2430,396,2.1
2430,6952,4.91
2430,794,0.59
2431,1241,4.68
2431,5254,8.33
2431,6928,5.57
2432,5573,7.73
2432,4144,9.49
2432,4734,3.45
2433,5601,8.79
2433,589,1.3
2433,2455,3.88
2434,4145,1.61
2434,6218,2.48
2434,7342,6.41
2435,7268,7.75
2435,3964,3.77
2435,9055,4.1
2436,3375,4.59
2436,3004,5.54
2436,8015,4.58
2437,1584,7.09
2437,5036,5.02
2437,5110,9.15
2438,773,6.16
2438,6304,3.1
2438,4067,1.38
2439,770,2.86
2439,5336,7.88
2439,9477,4.69
2440,610,3.08
2440,1199,5.39
2440,1745,3.69
2441,4824,8.66
2441,1199,7.42
2441,4908,5.75
2442,8354,4.44
2442,3979,6.69
2442,123,0.62
2443,736,6.08
2443,6045,7.99
2443,3474,7.89
2444,8721,1.3
2444,1976,1.37
2444,1284,2.2
2445,2572,4.38
2445,9333,9.65
2445,1608,4.19
2446,2309,9.32
2446,8789,5.88
2446,5282,1.92
2447,8025,6.2
2447,3403,8.03
2447,9425,7.58
2448,2362,0.61
2448,6180,8.68
2448,7464,8.13
2449,4264,5.38
2449,4611,1.16
2449,4942,5.2
2450,7183,1.6
2450,3138,8.85
2450,3200,1.38
2451,9902,6.25
2451,767,0.64
2451,110,6.2
2452,6202,0.36
2452,3706,8.64
2452,2105,3.01
2453,6948,8.55
2453,8262,7.16
2453,2142,5.12
2454,2724,8.38
2454,2699,7.11
2454,5560,3.17
2455,5082,2.3
2455,5077,1.17
2455,1257,2.92
2456,6480,7.19
2456,1232,4.01
2456,5454,4.5
2457,1402,4.4
2457,5983,9.47
2457,6403,5.02
2458,582,0.71
2458,2756,4.02
2458,7347,7.09
2459,162,9.3
2459,4800,4.76
2459,3799,9.53
2460,1602,9.9
2460,8816,4.19
2460,7411,3.8
2461,3651,2.45
2461,7050,8.09
2461,8809,6.46
2462,5287,5.84
2462,3492,8.85
2462,4686,0.57
2463,8815,9.52
2463,5952,4.99
2463,9576,1.45
2464,8722,4.55
2464,8697,1.37
2464,5137,3.48
2465,8225,1.48
2465,9143,1.01
2465,7625,9.24
2466,75,1.86
2466,6024,6.09
2466,9316,7.46
2467,1889,8.12
2467,8009,1.89
2467,7345,2.99
2468,4553,9.75
2468,2588,5.64
2468,1235,2.69
2469,3351,7.75
2469,72,8.48
2469,4004,5.38
2470,2582,6.03
2470,3073,4.32
2470,1798,2.29
2471,932,7.77
2471,6622,5.11
2471,2758,9.74
2472,2278,4.58
2472,463,4.0
2472,3504,3.0
2473,9834,4.96
2473,7029,4.59
2473,7885,8.81
2474,5097,8.19
2474,8390,5.28
2474,8698,2.76
2475,2805,7.54
2475,4400,4.83
2475,9035,7.79
2476,8551,6.45
2476,3029,5.73
2476,4684,4.52
2477,8585,2.54
2477,2560,8.75
2477,6618,6.2
2478,3814,4.49
2478,7246,0.88
2478,5578,2.03
2479,1861,9.21
2479,9744,0.68
2479,2740,6.01
2480,7162,9.89
2480,5452,6.98
2480,4509,6.36
2481,6224,2.06
2481,9732,3.91
2481,6743,5.66
2482,3603,9.16
2482,2389,8.24
2482,2791,2.73
2483,6764,2.09
2483,8727,6.53
2483,6098,8.35
2484,5709,6.64
2484,3598,6.49
2484,3786,3.09
2485,3869,5.04
2485,1598,6.34
2485,3910,3.42
2486,6742,3.11
2486,7250,8.64
2486,3875,6.48
2487,7880,1.82
2487,6278,6.79
2487,9455,1.02
2488,5202,9.66
2488,8558,0.34
2488,0,0.94
2489,6942,0.49
2489,6385,8.03
2489,7940,6.35
2490,729,6.81
2490,5929,7.05
2490,2665,4.41
2491,3537,8.4
2491,3285,0.23
2491,8981,2.81
2492,9705,5.77
2492,1153,8.98
2492,9324,2.03
2493,3784,5.93
2493,253,2.17
2493,9592,8.07
2494,3318,8.54
2494,9627,4.51
2494,4700,1.37
2495,6443,6.73
2495,872,8.6
2495,2823,9.9
2496,6662,4.88
2496,5828,6.61
2496,3957,3.64
2497,9871,4.63
2497,2906,3.16
2497,6369,7.08
2498,7882,1.37
2498,7614,8.28
2498,2194,1.45
2499,1552,8.65
2499,595,0.84
2499,8157,7.83
2500,9711,4.32
2500,5575,3.32
2500,7384,4.66
2501,1458,9.33
2501,9345,0.58
2501,7034,3.3
2502,4377,4.97
2502,3929,9.43
2502,3528,5.92
2503,7724,4.87
2503,5469,3.27
2503,2293,0.2
2504,1437,8.85
2504,6281,1.96
2504,64,8.52
2505,3782,1.26
2505,9334,7.06
2505,4364,4.86
2506,123,7.44
2506,8074,4.42
2506,9918,9.55
2507,5006,2.83
2507,7979,3.53
2507,5273,8.97
2508,5764,2.71
2508,3856,0.33
2508,4839,3.38
2509,2085,3.52
2509,7657,3.28
2509,1349,5.24
2510,8741,0.64
2510,3266,3.27
2510,5422,5.76
2511,5816,8.98
2511,1863,5.9
2511,1907,8.67
2512,1549,7.06
2512,4162,2.6
2512,8228,6.34
2513,877,3.41
2513,7013,6.1
2513,9518,3.16
2514,6605,6.32
2514,6032,8.68
2514,1763,9.88
2515,9984,5.96
2515,5434,0.51
2515,4523,5.46
2516,8389,3.32
2516,3602,3.13
2516,1273,0.75
2517,3012,8.68
2517,6744,1.05
2517,7278,9.6
2518,6742,9.82
2518,1760,8.92
2518,4723,4.07
2519,7451,5.51
2519,3334,2.2
2519,6481,4.66
2520,6592,4.15
2520,9665,8.33
2520,7815,6.81
2521,1589,9.11
2521,1347,9.88
2521,3692,2.23
2522,7343,2.19
2522,8387,2.18
2522,2903,0.29
2523,9569,9.31
2523,1030,8.79
2523,8035,9.66
2524,5909,3.69
2524,4869,1.1
2524,4477,1.99
2525,8925,4.75
2525,2453,2.71
2525,2647,5.28
2526,6561,3.82
2526,2121,6.44
2526,9937,9.25
2527,9599,3.64
2527,5202,7.67
2527,4584,0.59
2528,8326,7.71
2528,6118,9.01
2528,4413,9.08
2529,1787,1.35
2529,83,7.88
2529,7477,5.06
2530,6372,7.25
2530,8943,3.89
2530,2220,3.84
2531,1775,3.52
2531,5826,0.55
2531,5900,4.52
2532,3577,1.21
2532,6389,6.29
2532,2055,2.38
2533,23,8.24
2533,7160,3.46
2533,3001,5.93
2534,1247,9.59
2534,4895,2.77
2534,3420,1.36
2535,1310,6.76
2535,9217,9.17
2535,9406,4.12
2536,539,9.35
2536,3292,2.38
2536,6867,8.67
2537,4623,7.8
2537,6337,7.6
2537,3014,1.87
2538,4131,4.44
2538,751,2.57
2538,734,9.25
2539,6725,3.52
2539,8739,9.88
2539,8603,8.55
2540,2107,3.64
2540,6106,1.31
2540,5846,8.7
2541,9676,4.14
2541,328,0.48
2541,6080,7.09
2542,9887,7.62
2542,9744,8.76
2542,3016,6.55
2543,9969,6.94
2543,4137,1.64
2543,8011,7.7
2544,8084,4.23
2544,9891,8.24
2544,326,3.61
2545,6263,7.28
2545,3542,1.36
2545,5418,8.27
2546,1256,2.94
2546,8137,0.14
2546,5897,8.11
2547,3288,0.65
2547,6282,8.44
2547,1504,4.84
2548,620,1.42
2548,8881,3.48
2548,2271,8.91
2549,4338,0.81
2549,4448,2.88
2549,8400,4.77
2550,3704,6.88
2550,3520,1.05
2550,1436,8.17
2551,7802,6.95
2551,8484,8.97
2551,62,3.84
2552,6600,5.56
2552,4387,4.21
2552,4023,7.77
2553,6648,9.29
2553,5493,8.72
2553,4036,8.8
2554,9524,4.59
2554,699,3.97
2554,3741,3.16
2555,311,2.21
2555,755,6.25
2555,22,3.86
2556,5946,6.04
2556,3718,1.53
2556,105,1.26
2557,9077,7.32
2557,9600,7.66
2557,1794,0.15
2558,8354,1.0
2558,126,1.61
2558,5521,6.95
2559,1505,6.16
2559,1268,7.56
2559,42,1.95
2560,2010,4.72
2560,7748,5.96
2560,4859,8.27
2561,4029,9.84
2561,7532,5.25
2561,6966,7.14
2562,390,2.56
2562,2362,1.86
2562,1812,1.32
2563,462,2.91
2563,8516,3.39
2563,6490,3.35
2564,6880,5.16
2564,1766,4.3
2564,4049,0.16
2565,7850,6.04
2565,7161,9.28
2565,9480,3.86
2566,4697,2.19
2566,2067,4.04
2566,6785,8.76
2567,1835,6.42
2567,4922,5.65
2567,4069,4.98
2568,8189,9.59
2568,2626,2.6
2568,7474,6.63
2569,7978,0.88
2569,4716,2.0
2569,3813,3.11
2570,4038,2.93
2570,2500,3.18
2570,5443,2.14
2571,6210,7.3
2571,7158,6.16
2571,4120,3.08
2572,4962,8.02
2572,7134,0.71
2572,3636,5.23
2573,8052,1.57
2573,9860,2.52
2573,2402,3.98
2574,6857,9.2
2574,621,8.56
2574,6252,2.41
2575,7573,1.98
2575,4224,5.35
2575,8149,3.21
2576,4831,1.48
2576,9608,6.95
2576,4713,9.84
2577,2168,5.85
2577,3945,2.2
2577,8888,7.06
2578,9371,9.75
2578,275,8.82
2578,4559,6.49
2579,2402,1.81
2579,9989,7.58
2579,9282,3.05
2580,6796,6.22
2580,1640,4.27
2580,6361,7.57
2581,363,7.36
2581,4758,0.73
2581,5114,6.55
2582,7035,8.1
2582,5052,9.33
2582,5542,5.97
2583,724,2.32
2583,9167,6.06
2583,9378,8.43
2584,9627,5.07
2584,584,7.48
2584,3322,3.67
2585,8159,8.7
2585,1544,3.15
2585,2470,9.38
2586,9488,1.36
2586,4456,3.48
2586,2083,4.43
2587,5336,2.53
2587,2756,9.84
2587,1330,2.28
2588,9609,9.51
2588,7554,8.89
2588,8801,1.89
2589,3418,1.76
2589,6669,8.88
2589,2356,6.48
2590,1249,6.53
2590,5793,5.76
2590,2568,8.63
2591,2459,9.36
2591,605,7.22
2591,8502,6.84
2592,2689,4.44
2592,4401,6.0
2592,8889,1.87
2593,1158,9.13
2593,4086,1.05
2593,9218,6.69
2594,3101,5.51
2594,2896,8.74
2594,4224,0.98
2595,8676,8.76
2595,8632,1.14
2595,2708,9.86
2596,7059,2.53
2596,2503,8.72
2596,5033,4.85
2597,4379,3.43
2597,6003,8.05
2597,6526,7.68
2598,113,8.56
2598,5061,3.46
2598,2491,5.69
2599,1011,3.8
2599,5581,1.09
2599,6832,0.21
2600,8942,9.91
2600,4405,1.31
2600,8401,7.7
2601,7933,7.37
2601,3802,3.68
2601,8258,4.55
2602,299,4.56
2602,3022,8.57
2602,9501,1.42
2603,2143,4.9
2603,2894,2.01
2603,8869,3.93
2604,8149,1.2
2604,4025,9.74
2604,848,9.05
2605,764,0.73
2605,8572,7.14
2605,5391,2.53
2606,2692,9.17
2606,4187,8.62
2606,1619,1.32
2607,2819,6.8
2607,4891,5.5
2607,4942,8.06
2608,2570,5.34
2608,7142,7.98
2608,269,9.1
2609,4609,4.33
2609,9274,1.01
2609,5698,9.61
2610,3746,2.57
2610,9925,2.15
2610,8137,7.65
2611,2285,0.96
2611,1975,1.94
2611,5978,1.03
2612,357,4.99
2612,3754,4.63
2612,3261,6.26
2613,9436,5.93
2613,9019,6.11
2613,5831,9.65
2614,8750,7.08
2614,7403,3.55
2614,9631,1.26
2615,8223,8.26
2615,4313,7.07
2615,6557,4.0
2616,3415,6.89
2616,3734,4.44
2616,3921,4.63
2617,3982,0.41
2617,4076,0.7
2617,1850,1.16
2618,5570,5.69
2618,2104,9.61
2618,991,2.15
2619,8582,2.29
2619,4812,4.02
2619,4226,2.26
2620,3156,8.98
2620,3613,6.51
2620,7497,4.55
2621,30,8.76
2621,5084,3.92
2621,2936,9.21
2622,3483,6.3
2622,3918,9.53
2622,7153,8.96
2623,3401,7.7
2623,2712,9.44
2623,7862,3.08
2624,8137,5.77
2624,1098,1.9
2624,1485,0.2
2625,5230,5.59
2625,3241,3.73
2625,5841,7.89
2626,8524,4.1
2626,9483,5.28
2626,3169,1.52
2627,3387,4.52
2627,2409,3.77
2627,5931,2.47
2628,7992,0.28
2628,3248,0.3
2628,8601,4.77
2629,9943,4.38
2629,6558,2.44
2629,2725,7.38
2630,7241,0.69
2630,1943,5.45
2630,3269,4.29
2631,3223,2.49
2631,5011,9.02
2631,7617,3.06
2632,9629,1.54
2632,9555,1.26
2632,229,4.25
2633,2668,2.7
2633,6337,3.15
2633,5106,3.74
2634,7157,2.73
2634,6986,5.26
2634,620,7.8
2635,483,4.55
2635,6424,0.23
2635,6578,2.39
2636,8512,5.85
2636,811,9.25
2636,9759,9.29
2637,1393,7.21
2637,7778,8.58
2637,7859,8.26
2638,8133,7.66
2638,2929,2.73
2638,7427,2.78
2639,9816,4.72
2639,6831,5.94
2639,8668,6.96
2640,7050,2.42
2640,2646,2.26
2640,3181,7.55
2641,9877,1.11
2641,1808,5.65
2641,7650,0.33
2642,1866,9.44
2642,9779,4.69
2642,495,2.45
2643,5240,4.74
2643,6655,0.3
2643,283,0.31
2644,705,0.64
2644,8710,6.91
2644,766,1.98
2645,6630,7.31
2645,9496,2.09
2645,6529,9.68
2646,8957,1.17
2646,2571,9.39
2646,5260,6.85
2647,112,4.28
2647,6398,6.67
2647,402,2.06
2648,5026,3.49
2648,9770,9.74
2648,7377,3.45
2649,3027,1.59
2649,6692,9.37
2649,3936,4.8
2650,989,2.86
2650,7510,2.0
2650,8098,0.91
2651,4539,7.0
2651,1693,8.14
2651,6244,7.88
2652,7854,9.46
2652,4660,3.59
2652,4429,9.12
2653,4993,0.85
2653,128,1.02
2653,9600,2.21
2654,1593,0.98
2654,3208,5.5
2654,4694,4.86
2655,9800,5.4
2655,9572,8.15
2655,1612,7.16
2656,244,1.47
2656,9492,7.1
2656,9346,2.47
2657,8759,9.24
2657,7582,6.1
2657,1899,3.6
2658,1480,7.94
2658,6863,9.11
2658,8777,9.26
2659,4429,2.9
2659,7815,2.56
2659,983,3.6
2660,5397,7.62
2660,110,8.95
2660,9853,3.67
2661,3321,2.94
2661,4187,5.59
2661,1799,1.47
2662,5871,6.78
2662,2634,9.47
2662,6670,8.39
2663,2918,3.73
2663,1605,3.43
2663,1065,6.78
2664,7518,7.51
2664,3805,0.93
2664,7794,4.98
2665,6380,0.37
2665,8008,10.0
2665,1375,1.87
2666,2151,8.91
2666,2166,9.63
2666,3430,5.88
2667,3069,6.55
2667,3256,4.81
2667,9281,1.01
2668,9147,1.24
2668,885,6.38
2668,9697,0.44
2669,8323,2.82
2669,3696,6.46
2669,272,3.96
2670,1359,3.69
2670,3723,1.1
2670,2651,7.67
2671,3606,9.74
2671,8035,7.31
2671,955,7.95
2672,633,0.97
2672,3617,4.88
2672,5932,6.33
2673,8361,3.65
2673,635,0.25
2673,6338,7.09
2674,8236,5.19
2674,7810,2.54
2674,870,5.79
2675,2641,0.46
2675,9490,6.81
2675,1015,1.76
2676,234,7.86
2676,5106,5.97
2676,4006,0.15
2677,2358,2.24
2677,6414,2.1
2677,9877,4.83
2678,446,8.87
2678,4900,2.88
2678,7255,8.09
2679,4250,1.31
2679,6807,7.91
2679,5957,5.09
2680,2341,1.34
2680,5435,8.3
2680,5830,2.47
2681,3359,7.23
2681,3997,4.46
2681,5561,4.34
2682,2972,7.4
2682,8671,2.69
2682,2750,0.92
2683,4125,5.17
2683,7871,9.5
2683,8185,3.32
2684,4805,5.7
2684,297,4.22
2684,9752,8.88
2685,1523,0.49
2685,3053,6.73
2685,3670,7.21
2686,5655,7.37
2686,1475,0.94
2686,4305,8.14
2687,6152,1.34
2687,1718,8.68
2687,3232,9.57
2688,3865,4.29
2688,7483,1.3
2688,7294,5.07
2689,4223,6.92
2689,9190,6.21
2689,5569,5.44
2690,7395,9.08
2690,5038,0.46
2690,5498,6.63
2691,7272,2.93
2691,2627,5.89
2691,5599,4.71
2692,668,0.12
2692,3421,9.0
2692,4335,1.12
2693,6968,5.23
2693,3365,3.08
2693,2535,7.95
2694,2417,2.31
2694,6146,5.82
2694,9927,0.77
2695,9185,6.53
2695,3444,4.21
2695,4332,8.33
2696,8645,4.46
2696,4220,5.79
2696,6419,4.1
2697,1849,3.51
2697,4552,2.51
2697,7601,4.88
2698,2919,8.95
2698,1892,2.74
2698,6100,3.02
2699,594,1.58
2699,6094,0.91
2699,3259,4.39
2700,8007,8.64
2700,6315,3.93
2700,946,6.82
2701,388,3.02
2701,1755,7.25
2701,7177,6.28
2702,8266,7.2
2702,6947,9.65
2702,7129,2.38
2703,260,2.63
2703,8496,2.33
2703,5092,2.48
2704,2481,7.07
2704,8285,9.66
2704,5410,8.55
2705,8887,5.88
2705,499,6.73
2705,4330,1.27
2706,9495,7.48
2706,2525,0.63
2706,9690,7.63
2707,6898,5.62
2707,848,6.7
2707,7865,3.04
2708,7444,9.4
2708,1215,1.09
2708,5539,4.91
2709,2610,3.21
2709,3601,6.41
2709,6719,9.25
2710,8698,2.71
2710,1994,6.92
2710,1104,8.22
2711,6862,8.8
2711,6538,9.39
2711,4874,1.78
2712,3218,8.94
2712,8205,7.93
2712,9953,5.91
2713,2614,4.23
2713,4297,6.44
2713,6356,0.74
2714,3045,1.66
2714,9051,5.79
2714,7631,0.9
2715,3549,6.43
2715,5120,1.29
2715,5302,8.24
2716,7975,1.34
2716,8216,2.75
2716,4714,4.5
2717,8779,0.39
2717,1112,6.44
2717,3320,1.88
2718,3417,3.84
2718,9036,6.81
2718,3432,2.02
2719,2577,9.07
2719,8560,9.64
2719,3421,9.71
2720,6809,8.02
2720,245,3.55
2720,8245,4.84
2721,6770,1.48
2721,4359,5.77
2721,2597,7.97
2722,6958,8.1
2722,9042,1.73
2722,8902,1.15
2723,3701,7.63
2723,4202,2.87
2723,8628,0.57
2724,5361,8.7
2724,4360,1.44
2724,4281,6.37
2725,7674,7.76
2725,62,5.55
2725,4488,2.26
2726,173,9.36
2726,2452,4.33
2726,6592,7.65
2727,6526,9.62
2727,6163,0.15
2727,8565,9.14
2728,6351,2.58
2728,1766,1.1
2728,4919,0.53
2729,7720,9.81
2729,8263,8.57
2729,2821,9.67
2730,6061,3.56
2730,1184,4.13
2730,7111,8.13
2731,8746,7.25
2731,6664,8.12
2731,7019,3.48
2732,7424,6.83
2732,6212,5.79
2732,8118,1.0
2733,4971,4.72
2733,3026,9.36
2733,1687,2.35
2734,8215,4.05
2734,9179,6.29
2734,5283,5.63
2735,8410,1.77
2735,608,3.2
2735,150,2.22
2736,4650,3.89
2736,4754,2.44
2736,1753,0.21
2737,6538,6.8
2737,283,4.48
2737,2866,9.72
2738,7012,0.5
2738,9766,3.0
2738,9229,6.1
2739,999,7.41
2739,1712,7.77
2739,3469,0.17
2740,2936,3.74
2740,911,2.83
2740,1221,6.88
2741,9133,9.87
2741,4205,4.66
2741,8829,4.74
2742,9489,8.95
2742,8838,2.81
2742,2688,6.97
2743,887,0.18
2743,1,1.51
2743,8527,4.71
2744,1526,5.0
2744,3657,8.57
2744,5170,3.97
2745,7222,2.93
2745,7000,0.61
2745,2833,2.24
2746,681,7.62
2746,8061,0.72
2746,8529,7.68
2747,1702,4.09
2747,2317,8.01
2747,8090,3.46
2748,3916,9.6
2748,5955,8.69
2748,5295,9.32
2749,6836,1.13
2749,888,2.25
2749,3748,2.16
2750,3074,2.29
2750,3849,2.31
2750,1676,0.96
2751,4417,5.87
2751,9020,0.65
2751,1009,0.22
2752,1462,8.99
2752,4734,3.99
2752,6866,8.97
2753,7645,5.98
2753,6402,4.73
2753,5065,0.44
2754,1558,3.73
2754,2303,2.8
2754,979,0.21
2755,3768,1.32
2755,7430,8.86
2755,2831,4.86
2756,764,1.68
2756,7506,8.13
2756,6072,3.25
2757,6829,4.35
2757,5243,8.32
2757,9925,7.98
2758,9625,8.91
2758,568,6.06
2758,6006,3.5
2759,7238,6.57
2759,319,4.25
2759,722,8.14
2760,8336,7.69
2760,8595,3.59
2760,4324,2.43
2761,1643,6.95
2761,6804,3.09
2761,8373,1.25
2762,9371,7.37
2762,3794,6.53
2762,2114,1.74
2763,2740,7.38
2763,6584,3.4
2763,387,5.06
2764,2934,4.23
2764,6174,7.36
2764,4874,2.83
2765,7846,7.76
2765,728,9.79
2765,3601,3.06
2766,8783,2.99
2766,3924,9.42
2766,8499,8.22
2767,6641,5.64
2767,2442,2.52
2767,1650,3.29
2768,6242,7.6
2768,3247,4.75
2768,2992,6.76
2769,8492,7.73
2769,4544,7.41
2769,4992,7.22
2770,204,3.71
2770,5090,5.51
2770,4894,3.2
2771,4404,7.59
2771,5847,4.05
2771,703,2.44
2772,1759,3.77
2772,4313,2.26
2772,2596,6.53
2773,2272,6.04
2773,573,8.38
2773,4907,3.88
2774,9192,7.08
2774,6645,7.54
2774,7387,6.75
2775,3870,8.3
2775,6891,1.59
2775,2905,6.38
2776,6292,5.07
2776,1839,7.3
2776,9776,2.78
2777,1680,3.45
2777,9866,3.31
2777,7040,9.58
2778,9794,2.05
2778,5819,9.74
2778,1517,0.74
2779,7554,4.01
2779,5082,9.11
2779,2530,5.5
2780,4180,9.46
2780,1074,4.12
2780,111,1.3
2781,2086,2.88
2781,5637,0.2
2781,5985,1.76
2782,5613,8.6
2782,9023,1.02
2782,5294,9.66
2783,7828,3.57
2783,2198,6.67
2783,3774,1.5
2784,5463,9.8
2784,2249,1.35
2784,5599,6.01
2785,5143,9.82
2785,7768,6.02
2785,8883,5.88
2786,4418,4.61
2786,3110,2.99
2786,8251,2.53
2787,4241,3.12
2787,220,0.29
2787,4573,1.74
2788,4344,8.57
2788,4796,6.4
2788,9618,0.38
2789,2400,4.68
2789,2859,6.77
2789,5468,1.29
2790,1267,4.19
2790,5010,9.45
2790,2220,8.57
2791,6782,5.36
2791,7921,2.38
2791,5295,8.56
2792,9585,5.38
2792,4376,2.13
2792,4517,8.63
2793,6432,5.59
2793,926,3.42
2793,569,4.89
2794,4711,7.45
2794,5097,4.82
2794,3681,6.53
2795,1253,6.95
2795,8057,2.03
2795,9877,8.32
2796,9918,2.85
2796,3763,2.6
2796,5565,6.4
2797,1288,2.59
2797,5730,4.8
2797,237,8.92
2798,9725,3.81
2798,6418,1.16
2798,6638,0.79
2799,3068,7.43
2799,839,3.87
2799,7005,3.64
2800,6213,1.08
2800,9733,6.95
2800,5232,9.68
2801,4843,7.68
2801,7455,8.78
2801,4273,5.14
2802,8292,8.6
2802,2401,2.56
2802,2498,6.63
2803,664,1.42
2803,149,3.12
2803,6274,3.89
2804,9735,8.49
2804,5042,6.67
2804,7885,3.29
2805,2705,3.36
2805,3087,7.75
2805,2198,2.2
2806,2498,1.39
2806,4252,0.28
2806,7158,9.53
2807,3972,3.5
2807,1243,8.68
2807,3256,2.69
2808,3838,4.57
2808,4164,0.46
2808,827,3.94
2809,4392,8.84
2809,8098,1.17
2809,827,4.92
2810,2368,1.89
2810,7632,2.94
2810,1093,0.85
2811,8333,5.08
2811,4493,6.51
2811,6367,0.79
2812,3060,8.89
2812,7244,3.12
2812,9349,9.67
2813,5801,9.15
2813,1295,2.34
2813,4848,1.19
2814,6082,2.69
2814,4051,8.09
2814,5612,5.93
2815,7830,7.27
2815,7708,6.73
2815,9361,5.2
2816,3325,0.9
2816,1848,0.82
2816,6085,0.99
2817,3014,4.6
2817,5512,9.3
2817,9567,4.32
2818,6675,7.67
2818,8026,1.17
2818,7539,1.93
2819,3402,7.52
2819,8066,5.56
2819,2387,1.21
2820,5893,6.73
2820,4093,3.11
2820,269,0.54
2821,6536,2.99
2821,6470,0.32
2821,6554,0.11
2822,9312,3.57
2822,7623,1.67
2822,423,9.82
2823,851,4.01
2823,4340,5.87
2823,4386,6.23
2824,6481,1.53
2824,304,5.53
2824,4187,5.31
2825,4863,9.14
2825,8136,7.34
2825,4766,6.16
2826,5400,3.56
2826,3439,5.99
2826,7280,3.97
2827,1277,5.58
2827,326,7.2
2827,7871,1.77
2828,1495,5.2
2828,9435,0.57
2828,7329,0.66
2829,411,6.63
2829,732,0.15
2829,3737,7.82
2830,3990,4.4
2830,3205,4.96
2830,3117,1.58
2831,177,2.3
2831,4196,6.48
2831,125,1.69
2832,7806,8.18
2832,5974,0.3
2832,2146,0.84
2833,5172,2.47
2833,1393,4.31
2833,2145,4.86
2834,2164,9.3
2834,600,7.72
2834,6655,8.67
2835,6815,2.73
2835,3984,7.85
2835,3536,4.47
2836,7575,9.86
2836,9433,3.84
2836,7594,6.47
2837,9160,2.82
2837,3777,8.29
2837,1889,7.97
2838,5402,9.37
2838,1038,7.19
2838,169,5.86
2839,6784,8.65
2839,5881,2.71
2839,1139,9.26
2840,297,2.12
2840,93,7.19
2840,731,7.64
2841,3916,0.7
2841,105,7.98
2841,5248,7.18
2842,5173,1.6
2842,3177,7.4
2842,3609,7.09
2843,3427,7.34
2843,1600,8.86
2843,3835,4.87
2844,9814,9.96
2844,4796,7.45
2844,8674,0.63
2845,2898,4.59
2845,9790,6.58
2845,5774,1.38
2846,3220,2.3
2846,7785,5.88
2846,1413,8.16
2847,7423,6.59
2847,8446,2.38
2847,6923,3.55
2848,8448,3.74
2848,2387,7.29
2848,4754,0.42
2849,6104,3.8
2849,6233,3.82
2849,3287,9.47
2850,6949,7.7
2850,8989,2.25
2850,4765,4.39
2851,9495,6.29
2851,598,6.85
2851,1430,0.69
2852,1255,0.15
2852,4300,3.49
2852,4386,8.76
2853,6129,6.14
2853,5533,5.04
2853,5837,4.89
2854,1550,4.24
2854,7175,0.97
2854,775,5.06
2855,4344,4.04
2855,382,4.7
2855,7787,4.44
2856,8867,5.45
2856,7708,4.56
2856,3242,0.3
2857,1187,8.36
2857,9105,6.06
2857,1537,2.11
2858,1128,4.76
2858,6007,7.72
2858,2474,8.66
2859,6748,0.64
2859,1016,4.41
2859,970,3.23
2860,6244,6.58
2860,2128,7.62
2860,6865,7.23
2861,959,9.63
2861,8665,0.51
2861,4353,6.98
2862,8584,0.78
2862,5210,4.95
2862,2004,1.26
2863,9646,4.49
2863,3648,4.35
2863,8642,9.95
2864,4673,0.69
2864,9011,8.14
2864,3290,6.04
2865,9439,3.69
2865,9581,0.57
2865,1724,1.33
2866,8177,5.78
2866,3191,7.51
2866,9570,8.58
2867,376,5.75
2867,8528,0.29
2867,7886,2.45
2868,330,1.74
2868,7335,8.52
2868,7060,2.97
2869,2659,3.37
2869,4379,0.44
2869,9050,7.39
2870,3059,6.84
2870,4395,3.81
2870,6459,7.77
2871,2092,8.38
2871,1712,8.49
2871,2925,7.95
2872,6639,5.61
2872,7747,6.03
2872,955,9.41
2873,6294,8.75
2873,3577,7.21
2873,3501,8.68
2874,3031,1.34
2874,1401,2.24
2874,4870,2.39
2875,2011,8.07
2875,9310,2.56
2875,4169,5.95
2876,6060,6.55
2876,6053,2.03
2876,8048,5.65
2877,6234,0.54
2877,3813,6.47
2877,8049,5.5
2878,7744,3.07
2878,5655,2.52
2878,8276,1.77
2879,3304,0.91
2879,279,5.85
2879,3828,7.63
2880,9629,6.35
2880,9215,1.74
2880,9689,6.0
2881,1489,0.25
2881,5335,3.45
2881,590,6.28
2882,4862,0.25
2882,9028,5.75
2882,4058,4.34
2883,9363,9.24
2883,9916,3.94
2883,6059,9.06
2884,1165,1.45
2884,6635,5.9
2884,5090,0.75
2885,9093,6.66
2885,8902,0.51
2885,2017,6.43
2886,3700,9.94
2886,5757,7.16
2886,7309,6.87
2887,4101,5.29
2887,4350,4.22
2887,4324,9.36
2888,4655,9.26
2888,2247,9.87
2888,6912,1.23
2889,1425,8.99
2889,9857,4.47
2889,2019,1.45
2890,4297,4.06
2890,2827,9.64
2890,9640,6.74
2891,5363,6.0
2891,9735,7.2
2891,2022,6.74
2892,9967,4.15
2892,9368,0.38
2892,8564,6.74
2893,8194,1.63
2893,2648,7.32
2893,2000,3.32
2894,7858,4.16
2894,5444,6.79
2894,6063,9.27
2895,8356,4.17
2895,3925,7.73
2895,453,3.61
2896,5979,9.1
2896,8423,4.84
2896,6807,2.55
2897,9746,9.49
2897,9125,3.45
2897,932,0.5
2898,713,3.67
2898,6576,5.56
2898,3238,4.68
2899,1130,9.93
2899,7237,4.3
2899,9112,1.3
2900,4558,9.25
2900,9262,3.69
2900,1523,5.84
2901,7245,3.05
2901,7152,8.85
2901,1544,6.9
2902,1489,6.82
2902,5110,2.49
2902,9223,1.75
2903,556,4.52
2903,1154,5.72
2903,9899,4.31
2904,1376,5.92
2904,711,2.47
2904,8444,1.88
2905,3882,5.93
2905,774,2.6
2905,4339,3.31
2906,4414,0.7
2906,2580,6.58
2906,4330,6.15
2907,5167,5.47
2907,9404,9.43
2907,7993,7.63
2908,8158,9.22
2908,2215,6.22
2908,2834,1.03
2909,4000,2.43
2909,4335,3.13
2909,8443,9.0
2910,7126,7.3
2910,2750,9.22
2910,2924,8.0
2911,1828,6.51
2911,6998,9.86
2911,4760,2.86
2912,992,8.28
2912,5051,2.13
2912,5123,6.11
2913,4264,2.7
2913,3485,2.69
2913,743,4.27
2914,2678,2.63
2914,2015,1.36
2914,8335,1.87
2915,6160,4.52
2915,6857,5.22
2915,7522,8.92
2916,5745,5.81
2916,8839,2.55
2916,4029,2.45
2917,6544,4.4
2917,5411,0.15
2917,3683,5.38
2918,3308,8.96
2918,4287,9.06
2918,3271,8.77
2919,7664,2.61
2919,4514,7.12
2919,6993,3.91
2920,8467,6.95
2920,1874,4.32
2920,3095,1.41
2921,679,7.89
2921,7499,4.59
2921,8510,9.76
2922,9641,4.22
2922,24,1.79
2922,6653,0.26
2923,6248,9.37
2923,1053,8.74
2923,2001,7.26
2924,6154,0.2
2924,6291,2.23
2924,8435,1.98
2925,3515,1.99
2925,4815,2.53
2925,8837,3.24
2926,1282,7.09
2926,841,8.46
2926,9872,4.58
2927,2108,1.98
2927,5592,0.6
2927,949,3.11
2928,2415,4.15
2928,2290,1.71
2928,7573,5.19
2929,222,6.81
2929,4608,3.52
2929,8459,1.98
2930,3123,5.53
2930,6488,4.52
2930,9139,5.35
2931,543,0.33
2931,3655,2.13
2931,2738,9.46
2932,9744,5.56
2932,7623,4.5
2932,6622,7.26
2933,2457,5.78
2933,2159,0.58
2933,4277,0.24
2934,1445,7.35
2934,912,2.96
2934,4147,9.02
2935,1443,1.39
2935,8267,3.1
2935,7708,9.93
2936,9055,4.44
2936,4142,4.76
2936,9329,7.92
2937,6696,1.43
2937,4322,6.82
2937,4987,5.88
2938,4684,8.8
2938,757,7.14
2938,6998,0.16
2939,4146,8.24
2939,3362,7.54
2939,4376,9.03
2940,7256,9.44
2940,7206,1.16
2940,3952,4.36
2941,9860,1.65
2941,4451,6.12
2941,3404,6.16
2942,6871,5.95
2942,1885,7.11
2942,1272,6.62
2943,7234,8.97
2943,3488,9.38
2943,3255,4.19
2944,3950,7.99
2944,5239,0.57
2944,6322,0.5
2945,3486,8.13
2945,61,2.45
2945,3730,9.25
2946,7308,6.15
2946,5076,5.53
2946,7420,4.2
2947,247,6.72
2947,59,1.48
2947,8183,5.08
2948,2807,4.33
2948,3245,8.86
2948,9815,3.19
2949,1266,6.14
2949,5729,8.4
2949,296,0.58
2950,4353,7.94
2950,502,4.85
2950,3274,5.62
2951,8291,5.98
2951,7512,2.38
2951,8198,9.89
2952,3074,5.12
2952,3053,6.36
2952,9386,6.1
2953,1922,3.66
2953,8104,9.24
2953,6056,1.51
2954,2387,6.09
2954,1680,7.11
2954,5594,4.28
2955,7192,8.31
2955,6778,6.38
2955,1300,8.87
2956,1193,2.73
2956,947,0.89
2956,5931,4.82
2957,3211,0.13
2957,47,8.23
2957,2839,5.16
2958,304,4.83
2958,8069,5.67
2958,5934,6.9
2959,4799,6.6
2959,1816,0.28
2959,5675,3.2
2960,9095,9.96
2960,2033,2.39
2960,7294,0.17
2961,8921,4.11
2961,9014,8.84
2961,9933,0.97
2962,190,4.02
2962,9327,5.49
2962,1554,0.47
2963,483,4.45
2963,1915,1.23
2963,563,3.02
2964,6778,9.39
2964,972,0.12
2964,8061,7.63
2965,2629,0.69
2965,3293,5.54
2965,7681,8.21
2966,7710,3.31
2966,1825,2.22
2966,7853,4.64
2967,3396,5.38
2967,5230,2.55
2967,4007,6.52
2968,4855,9.06
2968,9962,2.54
2968,572,6.16
2969,9128,4.59
2969,8817,8.24
2969,9653,8.78
2970,4971,9.09
2970,6564,2.31
2970,6062,7.06
2971,8084,7.6
2971,8374,8.03
2971,7192,5.25
2972,1338,3.72
2972,1033,1.88
2972,114,6.95
2973,9929,2.97
2973,5933,3.87
2973,5908,8.98
2974,9932,8.74
2974,7845,9.11
2974,5076,5.71
2975,3713,5.58
2975,5962,3.59
2975,9228,7.2
2976,100,1.56
2976,8266,7.03
2976,9099,1.11
2977,1368,2.83
2977,4932,6.32
2977,6103,6.36
2978,2683,4.79
2978,6406,0.62
2978,4365,7.82
2979,7722,7.83
2979,4581,8.17
2979,8331,4.19
2980,8181,0.26
2980,4741,8.9
2980,7777,9.86
2981,1814,6.65
2981,2687,3.61
2981,1618,2.0
2982,1069,0.77
2982,5731,5.96
2982,7243,5.84
2983,3710,5.2
2983,8890,9.29
2983,3506,6.96
2984,548,0.36
2984,7326,7.19
2984,6109,7.4
2985,3973,8.82
2985,4898,7.28
2985,7556,2.81
2986,4532,8.14
2986,9722,4.48
2986,1861,5.53
2987,81,1.72
2987,9694,2.41
2987,9378,6.19
2988,4006,9.4
2988,9671,0.54
2988,8100,2.48
2989,1091,9.69
2989,8872,3.18
2989,9640,4.74
2990,6544,3.13
2990,2095,6.56
2990,6288,8.7
2991,2525,3.58
2991,1134,1.56
2991,8379,7.08
2992,5090,6.29
2992,2592,4.13
2992,3289,2.07
2993,2588,7.93
2993,3215,1.19
2993,305,1.79
2994,2000,7.95
2994,2866,3.96
2994,3310,4.63
2995,3639,9.32
2995,9766,4.59
2995,920,1.21
2996,7800,5.39
2996,1952,5.6
2996,8544,5.09
2997,6311,5.02
2997,4294,6.17
2997,353,0.21
2998,411,3.96
2998,6810,2.64
2998,9692,2.09
2999,2802,6.79
2999,5766,7.22
2999,8813,5.04
3000,383,9.69
3000,7502,9.26
3000,6642,7.82
3001,2290,9.58
3001,8343,1.61
3001,9239,3.72
3002,4190,6.49
3002,6863,1.24
3002,5951,5.06
3003,4092,2.99
3003,138,2.92
3003,149,8.73
3004,2268,2.28
3004,6660,4.52
3004,3772,5.15
3005,8236,9.14
3005,3333,0.73
3005,9047,3.73
3006,1492,9.98
3006,2687,2.23
3006,8039,0.78
3007,7012,2.39
3007,2221,7.17
3007,9728,7.53
3008,1131,2.0
3008,9539,4.8
3008,6505,6.3
3009,7604,5.94
3009,3041,5.25
3009,6630,9.22
3010,5269,9.22
3010,4864,8.84
3010,7307,9.66
3011,9305,1.89
3011,2105,4.02
3011,6605,1.28
3012,1208,9.43
3012,4626,6.04
3012,4075,2.11
3013,9719,5.61
3013,4731,7.77
3013,7032,8.73
3014,6284,5.76
3014,4376,5.89
3014,8498,8.1
3015,6634,1.99
3015,7573,0.24
3015,4584,6.38
3016,283,1.24
3016,5663,0.42
3016,1270,2.61
3017,7646,2.46
3017,5530,2.69
3017,2278,3.55
3018,3837,8.07
3018,7282,4.7
3018,4648,0.24
3019,348,0.83
3019,4534,5.5
3019,2494,9.38
3020,6785,6.73
3020,1486,8.03
3020,7806,8.24
3021,559,1.81
3021,5763,2.81
3021,8071,3.89
3022,5625,0.5
3022,995,0.79
3022,6336,7.71
3023,1070,2.61
3023,5827,8.5
3023,7084,0.98
3024,2920,2.77
3024,1268,9.35
3024,3357,6.22
3025,7170,0.71
3025,3660,8.73
3025,9427,5.24
3026,8300,1.59
3026,9233,6.67
3026,9440,3.42
3027,5639,9.85
3027,2329,0.34
3027,3361,5.33
3028,9708,6.04
3028,758,3.34
3028,9595,9.76
3029,9514,4.6
3029,3554,3.84
3029,3853,7.8
3030,7512,2.96
3030,4842,9.28
3030,9053,8.49
3031,5844,6.98
3031,6588,0.5
3031,5005,1.17
3032,4956,7.34
3032,4445,2.6
3032,3282,7.49
3033,2683,3.14
3033,2510,4.59
3033,3585,2.37
3034,7056,8.48
3034,1901,2.34
3034,3158,8.98
3035,372,1.88
3035,1868,1.39
3035,2357,3.54
3036,796,4.37
3036,3945,3.86
3036,5224,2.16
3037,7401,1.64
3037,4101,7.18
3037,5470,9.67
3038,4349,2.27
3038,1710,4.25
3038,7598,3.42
3039,7829,1.05
3039,4013,1.16
3039,5896,5.85
3040,730,6.16
3040,4876,0.5
3040,5377,5.33
3041,1451,2.24
3041,5100,8.66
3041,9956,7.61
3042,9607,5.14
3042,1520,4.61
3042,4622,7.1
3043,6689,3.89
3043,1537,7.72
3043,201,3.61
3044,502,5.21
3044,385,3.06
3044,7306,8.49
3045,5618,0.77
3045,1308,1.52
3045,2768,2.11
3046,2858,4.73
3046,1376,9.21
3046,4183,0.94
3047,7012,5.9
3047,9726,8.26
3047,1212,9.45
3048,2632,2.33
3048,8595,9.05
3048,9919,7.71
3049,9619,2.05
3049,8788,6.79
3049,6817,6.54
3050,6217,0.68
3050,5458,7.75
3050,2152,8.54
3051,8180,8.33
3051,8904,6.12
3051,8322,5.98
3052,1398,2.33
3052,3932,7.03
3052,6325,2.17
3053,3824,2.49
3053,897,5.09
3053,2104,9.05
3054,9786,6.43
3054,7474,8.2
3054,3949,9.96
3055,6206,4.25
3055,9680,4.61
3055,1718,8.55
3056,5458,2.79
3056,250,1.01
3056,5540,4.84
3057,8576,8.38
3057,264,9.08
3057,9684,5.9
3058,9679,6.39
3058,1705,7.12
3058,1991,8.47
3059,747,0.94
3059,905,3.61
3059,4691,0.76
3060,1662,0.33
3060,2854,0.35
3060,7896,5.38
3061,1315,5.29
3061,4184,8.67
3061,764,7.4
3062,2790,7.68
3062,4241,1.58
3062,7073,6.72
3063,5229,8.3
3063,4515,1.53
3063,5376,5.51
3064,491,1.81
3064,9139,4.87
3064,4140,3.24
3065,5897,4.74
3065,4613,6.07
3065,9295,7.08
3066,8604,9.01
3066,3676,8.99
3066,2550,1.41
3067,2974,8.54
3067,4621,7.3
3067,9087,4.87
3068,1249,0.76
3068,9757,0.4
3068,7172,3.87
3069,5568,6.01
3069,5063,6.84
3069,8546,5.46
3070,2733,5.2
3070,9804,6.55
3070,5634,8.62
3071,9835,5.17
3071,4043,8.89
3071,9825,0.78
3072,893,8.91
3072,8980,5.44
3072,6808,6.96
3073,6201,4.39
3073,3231,7.79
3073,301,4.29
3074,1428,2.65
3074,7718,4.65
3074,8715,0.61
3075,4883,7.21
3075,6628,0.56
3075,7339,0.89
3076,171,1.8
3076,9220,8.21
3076,5545,7.22
3077,5181,0.64
3077,5524,7.32
3077,9514,9.26
3078,9779,8.83
3078,1716,5.82
3078,2462,7.64
3079,9653,0.48
3079,8225,6.94
3079,5108,2.83
3080,951,9.22
3080,9568,1.86
3080,222,9.07
3081,3550,7.69
3081,7452,6.17
3081,9398,7.08
3082,5766,7.2
3082,4976,2.87
3082,3551,3.8
3083,4423,8.89
3083,4647,8.02
3083,5332,5.13
3084,9921,9.0
3084,497,2.41
3084,8665,1.64
3085,2398,8.45
3085,5378,1.07
3085,9270,4.15
3086,3764,6.41
3086,2178,5.15
3086,7126,3.94
3087,2091,9.26
3087,5662,6.69
3087,5747,8.98
3088,8641,7.67
3088,8737,3.57
3088,8635,7.17
3089,4752,8.31
3089,9399,2.62
3089,5785,3.38
3090,3689,8.87
3090,1108,0.14
3090,1545,4.28
3091,8243,0.29
3091,9984,1.55
3091,5234,4.67
3092,465,2.5
3092,4701,2.74
3092,852,4.74
3093,346,9.67
3093,1136,5.61
3093,2190,8.15
3094,7745,7.97
3094,5740,9.62
3094,556,2.69
3095,2484,4.1
3095,5938,4.51
3095,730,8.86
3096,2111,10.0
3096,4673,9.31
3096,8918,6.8
3097,6053,3.91
3097,8407,3.75
3097,5832,8.67
3098,1582,5.22
3098,8959,8.09
3098,3484,6.04
3099,1279,1.47
3099,5562,8.0
3099,4429,4.28
3100,8144,4.23
3100,6377,7.0
3100,1921,4.27
3101,3736,6.74
3101,5972,3.42
3101,4253,6.82
3102,5286,1.98
3102,6610,2.3
3102,1929,1.06
3103,7416,4.26
3103,2353,0.45
3103,8232,0.86
3104,5484,7.81
3104,7938,0.34
3104,828,4.86
3105,150,1.84
3105,9881,7.35
3105,8103,3.1
3106,2117,7.77
3106,8328,9.7
3106,4641,0.12
3107,7674,9.18
3107,9531,7.57
3107,1355,6.14
3108,2212,2.15
3108,5120,0.94
3108,884,3.65
3109,5873,6.23
3109,9968,0.26
3109,7470,2.51
3110,4527,7.68
3110,8066,1.49
3110,1453,4.2
3111,8491,4.41
3111,3382,1.52
3111,4900,9.08
3112,8486,6.54
3112,6709,0.47
3112,8829,6.11
3113,9105,3.99
3113,150,1.99
3113,4349,8.08
3114,3750,4.1
3114,5674,0.72
3114,9172,0.18
3115,51,1.76
3115,8495,3.05
3115,2728,4.73
3116,1908,2.7
3116,1561,4.52
3116,1451,6.84
3117,996,4.34
3117,7636,1.19
3117,3700,5.52
3118,5759,2.26
3118,2463,7.6
3118,2096,9.85
3119,6255,4.45
3119,8956,3.82
3119,9460,4.1
3120,7341,8.36
3120,1185,6.03
3120,2061,9.97
3121,330,2.61
3121,9046,8.01
3121,9671,3.32
3122,2480,3.18
3122,9955,8.62
3122,6635,2.9
3123,6122,8.34
3123,4161,5.58
3123,5030,3.65
3124,6525,5.47
3124,3774,2.9
3124,7072,0.61
3125,1430,3.81
3125,7055,1.33
3125,1886,7.76
3126,1370,9.07
3126,8407,5.04
3126,8141,2.98
3127,341,6.51
3127,843,6.89
3127,9867,8.39
3128,5596,8.69
3128,931,4.84
3128,2077,4.49
3129,1453,5.96
3129,7557,0.53
3129,5908,4.48
3130,9365,9.57
3130,6274,2.34
3130,9098,5.81
3131,9071,6.4
3131,6845,3.37
3131,5088,9.97
3132,9711,9.0
3132,8609,6.0
3132,1020,5.89
3133,9695,5.82
3133,1946,8.74
3133,2815,5.72
3134,5664,9.07
3134,6356,5.92
3134,3295,1.43
3135,6173,1.28
3135,4698,3.42
3135,8362,5.9
3136,5601,2.32
3136,5681,8.78
3136,3282,9.59
3137,1660,8.88
3137,7577,4.0
3137,5125,9.84
3138,2892,7.53
3138,1838,2.72
3138,2357,2.39
3139,4251,4.03
3139,8503,4.34
3139,9063,6.07
3140,4592,5.72
3140,3357,3.85
3140,7020,4.3
3141,874,2.72
3141,3378,3.72
3141,5793,3.19
3142,4261,2.35
3142,2955,5.59
3142,7714,3.31
3143,8597,8.83
3143,6244,3.46
3143,6253,3.56
3144,6754,7.46
3144,6098,6.43
3144,4676,8.69
3145,9641,2.87
3145,4183,5.57
3145,8398,1.12
3146,2616,0.79
3146,2583,0.28
3146,6076,1.65
3147,2652,1.88
3147,1027,2.91
3147,4934,6.35
3148,2550,0.26
3148,2277,2.43
3148,9194,7.52
3149,3400,3.78
3149,2887,6.76
3149,3087,4.82
3150,7358,9.76
3150,7927,5.75
3150,9487,0.24
3151,2416,7.29
3151,2602,5.71
3151,8814,6.87
3152,569,7.95
3152,1966,7.56
3152,9242,2.76
3153,3303,8.8
3153,8066,7.71
3153,6762,8.99
3154,9440,0.71
3154,3836,9.96
3154,1603,9.31
3155,6508,0.79
3155,4337,1.27
3155,585,8.66
3156,2665,8.18
3156,7756,9.63
3156,2964,8.73
3157,9557,5.18
3157,3493,0.23
3157,9258,7.58
3158,5928,5.65
3158,5653,1.07
3158,9415,1.82
3159,4118,0.99
3159,9738,0.36
3159,9274,7.26
3160,2177,1.29
3160,371,7.52
3160,1786,6.48
3161,5448,0.1
3161,9384,9.1
3161,4773,0.4
3162,8925,9.93
3162,7799,8.88
3162,8084,5.67
3163,6548,8.97
3163,3779,5.21
3163,2183,1.63
3164,9965,5.27
3164,795,6.74
3164,2507,4.08
3165,6678,5.36
3165,4390,9.03
3165,192,5.81
3166,2668,0.66
3166,2779,2.32
3166,9593,3.35
3167,6567,4.4
3167,6511,6.08
3167,8626,0.49
3168,4307,6.38
3168,780,8.36
3168,1416,8.55
3169,9323,0.64
3169,9275,9.43
3169,7050,8.56
3170,7180,4.7
3170,8154,4.93
3170,3014,9.76
3171,61,8.87
3171,6557,8.57
3171,442,4.46
3172,2364,1.31
3172,3848,2.28
3172,4099,9.34
3173,9603,4.53
3173,6813,2.32
3173,3294,3.01
3174,4413,0.1
3174,1555,2.17
3174,8657,6.21
3175,1712,3.62
3175,3665,7.52
3175,1904,0.61
3176,8643,3.4
3176,8721,2.75
3176,3387,0.2
3177,3974,8.61
3177,3359,3.68
3177,2229,6.03
3178,4197,3.34
3178,8101,5.06
3178,3299,1.35
3179,3175,5.45
3179,3955,1.98
3179,3290,4.0
3180,6952,7.69
3180,1537,6.7
3180,6138,1.01
3181,6515,9.89
3181,9637,8.62
3181,8381,5.79
3182,9640,6.05
3182,8959,2.81
3182,9896,4.22
3183,796,9.55
3183,2733,8.03
3183,4373,2.34
3184,1586,0.67
3184,6869,4.7
3184,1940,2.88
3185,8948,9.1
3185,8377,5.77
3185,2280,4.83
3186,2278,4.19
3186,8298,2.53
3186,5080,3.24
3187,485,1.45
3187,9491,0.8
3187,6992,3.32
3188,2120,7.45
3188,2238,8.81
3188,375,3.95
3189,1273,3.42
3189,9358,1.88
3189,9008,4.76
3190,4633,0.23
3190,3027,7.28
3190,9848,8.37
3191,5822,2.46
3191,5721,3.65
3191,6814,4.52
3192,3087,6.1
3192,3097,5.86
3192,6423,2.43
3193,6716,7.47
3193,733,0.32
3193,681,0.95
3194,4426,4.86
3194,5871,3.3
3194,233,8.45
3195,8120,7.03
3195,5437,3.94
3195,8081,3.09
3196,1010,1.97
3196,4912,1.54
3196,6526,8.84
3197,9304,1.07
3197,5176,6.06
3197,3496,8.81
3198,9155,4.68
3198,7375,2.33
3198,2852,6.14
3199,8166,7.25
3199,7587,9.31
3199,1562,8.75
3200,8718,3.7
3200,8034,6.13
3200,3235,2.77
3201,3024,2.11
3201,4129,1.21
3201,5131,4.19
3202,5597,1.0
3202,1876,2.1
3202,9470,3.27
3203,8894,8.72
3203,1111,2.87
3203,3149,0.78
3204,1134,4.37
3204,3235,9.44
3204,4598,9.34
3205,5857,0.37
3205,5389,0.33
3205,8530,0.67
3206,239,7.75
3206,8764,3.01
3206,3665,0.44
3207,8694,9.08
3207,4395,2.7
3207,7663,2.3
3208,1467,8.35
3208,522,8.11
3208,8468,4.62
3209,4001,6.13
3209,406,6.37
3209,7787,6.06
3210,5104,0.73
3210,5805,1.83
3210,7009,1.18
3211,4410,0.4
3211,5469,7.63
3211,7797,4.7
3212,9738,9.76
3212,4825,1.48
3212,2225,9.93
3213,3231,6.98
3213,8038,4.5
3213,9309,5.07
3214,9165,0.57
3214,3689,4.18
3214,6866,1.67
3215,1069,0.62
3215,8995,8.26
3215,7916,2.79
3216,4305,1.53
3216,4795,6.44
3216,2455,6.05
3217,2788,9.48
3217,2954,0.83
3217,7219,5.59
3218,8991,6.2
3218,1488,8.59
3218,9045,4.25
3219,4892,3.68
3219,5076,4.05
3219,2224,3.58
3220,8880,5.7
3220,3550,1.33
3220,2767,2.1
3221,9758,4.12
3221,6064,2.07
3221,9970,2.21
3222,6097,9.01
3222,7955,3.48
3222,6091,5.94
3223,4575,0.82
3223,6524,2.78
3223,8037,4.77
3224,2651,0.47
3224,8617,6.03
3224,7367,4.27
3225,3455,4.83
3225,3950,2.73
3225,4161,0.48
3226,426,9.75
3226,1733,0.92
3226,2493,3.82
3227,3585,9.21
3227,7088,6.29
3227,6686,8.7
3228,9814,3.46
3228,2511,4.22
3228,3594,8.34
3229,1864,0.19
3229,3541,4.01
3229,9724,0.54
3230,3682,8.57
3230,8352,5.89
3230,7020,1.85
3231,7640,1.38
3231,6581,2.95
3231,3270,5.16
3232,7977,7.62
3232,6077,4.4
3232,7233,7.13
3233,1295,1.57
3233,8017,7.89
3233,2638,5.63
3234,3060,9.54
3234,3402,4.11
3234,8743,1.74
3235,1942,5.84
3235,7732,9.16
3235,3143,9.07
3236,369,2.23
3236,1471,0.49
3236,496,6.94
3237,2942,4.85
3237,7136,9.89
3237,9768,6.75
3238,1466,2.51
3238,3333,1.43
3238,3792,3.3
3239,7826,1.29
3239,5788,4.91
3239,9490,2.0
3240,930,2.28
3240,5725,3.76
3240,7200,6.72
3241,258,2.93
3241,8233,3.73
3241,9080,6.65
3242,2166,8.2
3242,8374,6.64
3242,1535,6.93
3243,331,8.56
3243,6339,9.71
3243,4235,5.75
3244,2502,9.36
3244,2189,8.08
3244,2486,0.85
3245,6651,5.16
3245,8164,4.97
3245,3362,5.21
3246,4589,1.18
3246,3549,2.67
3246,2223,0.41
3247,4783,6.12
3247,1358,4.73
3247,6844,0.29
3248,6843,3.8
3248,1896,8.94
3248,4069,5.14
3249,6134,8.82
3249,1388,8.48
3249,2992,4.78
3250,8631,5.18
3250,1336,0.56
3250,5074,0.6
3251,2506,6.86
3251,3814,6.45
3251,692,2.6
3252,6348,4.64
3252,9448,8.71
3252,2621,5.98
3253,4054,4.69
3253,2599,1.51
3253,6449,7.1
3254,3141,9.61
3254,5336,4.85
3254,624,3.56
3255,8987,3.26
3255,5821,8.36
3255,1725,5.81
3256,6115,4.6
3256,6621,9.07
3256,9619,1.86
3257,3155,9.2
3257,6296,5.65
3257,3547,0.69
3258,3003,3.06
3258,7548,5.36
3258,4027,5.78
3259,983,4.66
3259,9130,6.5
3259,8617,3.64
3260,2027,8.45
3260,4795,2.38
3260,5160,4.44
3261,7905,5.67
3261,8247,9.92
3261,7354,7.37
3262,3538,3.78
3262,5800,7.98
3262,712,3.69
3263,3519,6.53
3263,3837,3.66
3263,3660,2.65
3264,1529,7.5
3264,9347,0.55
3264,4190,8.9
3265,2205,0.41
3265,2251,9.71
3265,5506,8.09
3266,6065,3.34
3266,3326,3.28
3266,9709,6.43
3267,9672,9.06
3267,8355,9.93
3267,8414,0.53
3268,3301,4.03
3268,8570,6.66
3268,2243,2.23
3269,9460,9.87
3269,1655,0.62
3269,5612,7.18
3270,7630,6.78
3270,947,6.3
3270,5265,0.58
3271,3630,3.07
3271,7872,7.85
3271,5192,2.88
3272,5424,1.16
3272,6218,9.63
3272,3971,0.17
3273,5696,3.15
3273,351,9.2
3273,817,7.71
3274,4785,0.83
3274,8742,5.3
3274,9380,3.19
3275,9835,5.83
3275,1259,8.91
3275,5617,7.69
3276,8324,5.77
3276,2344,0.68
3276,8880,0.8
3277,3561,9.21
3277,4269,9.21
3277,2670,3.1
3278,6085,1.76
3278,8758,7.24
3278,3427,8.58
3279,7485,5.14
3279,754,2.22
3279,5019,1.77
3280,2585,9.49
3280,2836,9.82
3280,2230,3.95
3281,3022,7.23
3281,7217,0.9
3281,7421,9.86
3282,3756,2.78
3282,2659,6.17
3282,5864,6.05
3283,1641,9.47
3283,9254,9.91
3283,7124,4.84
3284,2783,0.32
3284,682,5.96
3284,5405,8.04
3285,4807,8.32
3285,6275,6.57
3285,1375,4.9
3286,1624,8.49
3286,1880,5.43
3286,2753,6.26
3287,242,0.7
3287,4271,8.82
3287,4429,1.96
3288,8639,6.66
3288,2861,5.01
3288,8325,1.68
3289,7860,1.0
3289,1305,1.55
3289,9087,3.92
3290,1505,8.76
3290,5515,1.72
3290,7654,0.58
3291,2108,3.98
3291,8299,3.97
3291,4090,7.25
3292,9098,5.19
3292,3385,7.31
3292,8947,9.63
3293,9521,5.59
3293,2139,1.56
3293,8618,7.01
3294,6915,8.84
3294,8585,7.83
3294,642,6.96
3295,3638,7.5
3295,9382,5.34
3295,2218,8.29
3296,60,3.74
3296,7420,3.69
3296,5305,6.86
3297,5094,1.74
3297,3956,5.37
3297,6060,5.64
3298,1488,0.19
3298,5903,5.78
3298,1352,6.49
3299,9578,5.77
3299,8544,0.62
3299,3126,8.37
3300,8844,6.73
3300,4767,0.72
3300,2091,6.09
3301,4305,5.36
3301,5957,7.8
3301,4335,2.63
3302,2480,6.87
3302,5532,4.39
3302,4246,7.18
3303,2543,8.78
3303,8884,0.4
3303,2183,2.89
3304,5027,8.39
3304,665,5.89
3304,230,2.07
3305,2447,9.52
3305,7175,2.08
3305,2522,7.91
3306,7147,1.48
3306,5430,4.62
3306,6190,3.5
3307,9345,3.31
3307,7449,3.69
3307,5016,3.86
3308,9911,6.74
3308,642,2.36
3308,5596,7.86
3309,7830,9.55
3309,3928,8.49
3309,3862,0.54
3310,7642,3.4
3310,1088,5.94
3310,4340,0.48
3311,9529,9.13
3311,5445,6.81
3311,6971,3.54
3312,7322,8.67
3312,962,9.07
3312,9710,2.43
3313,3761,7.54
3313,1137,8.44
3313,7843,4.83
3314,2024,1.44
3314,8082,8.25
3314,1028,3.57
3315,6605,4.61
3315,2703,6.2
3315,4125,1.05
3316,2713,3.01
3316,2513,0.59
3316,7431,1.49
3317,9694,6.47
3317,7677,7.91
3317,4738,8.02
3318,6182,6.86
3318,6187,8.04
3318,4379,6.36
3319,9386,6.4
3319,6920,9.76
3319,131,0.84
3320,2494,6.45
3320,4767,6.29
3320,915,8.92
3321,1940,9.19
3321,3915,2.47
3321,6234,1.81
3322,3473,1.27
3322,2611,8.57
3322,4063,1.89
3323,9610,5.81
3323,5788,6.94
3323,3966,9.51
3324,573,8.91
3324,6135,9.88
3324,588,6.9
3325,1337,9.62
3325,3989,2.49
3325,9160,0.67
3326,5098,5.89
3326,4286,4.18
3326,1253,5.24
3327,3355,9.62
3327,3710,6.62
3327,1640,6.91
3328,9609,6.71
3328,9357,4.5
3328,844,9.08
3329,7047,7.34
3329,6085,8.6
3329,5821,5.82
3330,9011,9.64
3330,1662,4.08
3330,4194,9.28
3331,9033,0.91
3331,6072,3.06
3331,6561,9.14
3332,5309,7.79
3332,2577,7.34
3332,3755,0.19
3333,6891,3.97
3333,4278,4.76
3333,3079,5.37
3334,28,3.07
3334,4420,8.02
3334,3150,6.34
3335,5818,7.81
3335,1781,8.57
3335,7997,1.15
3336,9310,8.4
3336,8281,5.38
3336,78,4.41
3337,7697,3.32
3337,1531,7.42
3337,5849,7.86
3338,2315,1.36
3338,5521,9.19
3338,9062,6.95
3339,297,2.77
3339,6990,4.17
3339,7727,2.41
3340,8876,3.49
3340,3739,0.91
3340,4992,9.66
3341,5548,1.26
3341,1804,9.9
3341,4685,2.65
3342,4595,9.67
3342,8585,1.11
3342,5433,7.9
3343,4210,9.47
3343,21,9.96
3343,3042,3.88
3344,7351,3.94
3344,3394,3.84
3344,1753,9.41
3345,3865,4.64
3345,8381,1.12
3345,594,4.91
3346,6639,8.42
3346,5059,4.32
3346,31,1.84
3347,4579,3.82
3347,2581,3.05
3347,6049,0.94
3348,473,7.07
3348,5558,3.83
3348,3547,6.42
3349,8846,5.53
3349,9867,7.26
3349,3510,9.95
3350,8602,6.51
3350,5852,0.87
3350,9075,6.99
3351,8422,8.46
3351,9648,1.79
3351,2954,7.02
3352,2501,1.18
3352,4323,9.08
3352,9247,3.97
3353,2359,5.43
3353,54,5.55
3353,7634,8.85
3354,4322,4.27
3354,5615,1.78
3354,5469,7.92
3355,2484,5.12
3355,4150,2.65
3355,7349,5.23
3356,3259,0.87
3356,543,1.07
3356,858,3.54
3357,8000,2.47
3357,4184,0.89
3357,2082,7.18
3358,366,7.68
3358,7701,8.53
3358,2534,1.86
3359,9210,9.52
3359,5394,5.18
3359,7250,4.54
3360,8335,1.31
3360,1448,1.17
3360,2785,1.05
3361,9846,8.04
3361,4703,8.94
3361,3371,0.46
3362,8363,0.69
3362,4420,7.46
3362,6564,7.12
3363,1070,7.18
3363,8745,3.11
3363,3072,1.26
3364,5800,7.55
3364,1134,0.89
3364,719,4.35
3365,5221,6.15
3365,9181,6.91
3365,1935,4.87
3366,6822,2.62
3366,1182,5.22
3366,1336,9.76
3367,1788,8.52
3367,6484,4.78
3367,4121,1.65
3368,3434,6.07
3368,9320,2.11
3368,3523,3.4
3369,9052,4.78
3369,8593,0.65
3369,4267,0.49
3370,8639,5.59
3370,4885,1.32
3370,6758,5.32
3371,9388,5.1
3371,970,8.31
3371,4509,8.63
3372,1700,8.51
3372,7386,5.13
3372,2817,9.98
3373,7796,1.51
3373,8993,8.62
3373,1910,1.25
3374,7769,3.52
3374,1197,1.4
3374,7880,5.89
3375,8326,3.27
3375,7489,1.88
3375,957,6.06
3376,5171,3.35
3376,9613,0.98
3376,2240,9.67
3377,3808,5.01
3377,9043,3.78
3377,940,3.81
3378,8925,6.44
3378,6439,8.65
3378,8156,8.81
3379,470,2.1
3379,2362,9.83
3379,9868,5.34
3380,2288,1.91
3380,7239,7.76
3380,2016,1.45
3381,1687,0.33
3381,420,8.35
3381,8808,4.4
3382,3016,8.69
3382,8932,9.06
3382,1375,5.87
3383,6856,1.72
3383,4616,3.86
3383,564,4.95
3384,1358,6.57
3384,1806,5.01
3384,8421,3.64
3385,9244,5.85
3385,3279,3.52
3385,7557,4.37
3386,4960,1.22
3386,2361,8.83
3386,2545,8.93
3387,6520,9.46
3387,1386,0.14
3387,1636,1.48
3388,9724,3.3
3388,4925,3.71
3388,6676,9.69
3389,6899,0.12
3389,301,8.98
3389,8943,8.19
3390,5052,5.56
3390,8168,3.75
3390,5826,1.73
3391,214,5.15
3391,6334,5.99
3391,1473,2.44
3392,1060,3.28
3392,6949,2.54
3392,1573,3.34
3393,1280,5.99
3393,3185,7.44
3393,9189,8.93
3394,9720,2.0
3394,8172,8.26
3394,3612,5.42
3395,7077,5.36
3395,5603,7.83
3395,3035,8.38
3396,4331,4.74
3396,4087,5.21
3396,6610,9.72
3397,286,4.44
3397,6435,2.87
3397,3956,7.49
3398,287,1.84
3398,3517,2.92
3398,5718,2.45
3399,4077,9.17
3399,8784,1.48
3399,5274,3.63
3400,6106,9.66
3400,2854,6.32
3400,5492,4.28
3401,9279,5.99
3401,1133,6.05
3401,7777,8.31
3402,2978,1.91
3402,7135,0.32
3402,9472,3.98
3403,2335,1.04
3403,615,1.73
3403,9516,8.69
3404,1968,0.43
3404,8843,8.89
3404,1582,3.03
3405,7877,1.04
3405,3763,9.91
3405,9714,10.0
3406,7453,1.28
3406,7,5.96
3406,1404,6.71
3407,274,4.66
3407,8062,5.18
3407,4103,9.07
3408,2229,0.9
3408,403,9.44
3408,1106,7.22
3409,7232,0.33
3409,4047,6.24
3409,6188,9.12
3410,2506,2.42
3410,3564,0.56
3410,3565,3.09
3411,8757,1.05
3411,6376,6.51
3411,5460,1.64
3412,9503,2.3
3412,651,7.79
3412,4769,7.64
3413,3494,3.23
3413,6833,5.23
3413,3433,3.93
3414,7927,1.43
3414,5133,8.71
3414,2651,8.74
3415,6338,3.94
3415,1791,9.01
3415,4248,3.69
3416,9655,9.73
3416,2841,9.4
3416,3816,7.27
3417,8788,9.78
3417,6129,1.1
3417,6255,5.7
3418,8616,0.35
3418,954,4.07
3418,5601,8.67
3419,4075,7.62
3419,4787,5.42
3419,8541,2.06
3420,656,2.78
3420,8932,4.95
3420,6790,0.54
3421,1203,6.81
3421,2705,0.69
3421,7063,7.92
3422,4007,9.43
3422,4921,0.12
3422,1185,9.37
3423,6131,0.38
3423,7179,2.98
3423,8504,3.38
3424,6840,0.63
3424,7054,6.23
3424,1628,3.89
3425,4539,7.16
3425,8155,7.44
3425,5048,4.15
3426,8244,1.71
3426,2458,4.38
3426,4592,8.55
3427,2328,4.36
3427,8214,4.49
3427,2619,5.61
3428,9122,2.63
3428,8437,5.84
3428,9013,0.94
3429,5739,5.74
3429,8662,9.45
3429,3357,8.81
3430,5807,3.46
3430,6118,9.19
3430,1903,6.31
3431,3179,6.49
3431,2569,6.31
3431,8418,7.46
3432,5793,5.37
3432,490,5.53
3432,2764,7.13
3433,4129,4.7
3433,7158,0.57
3433,8895,2.72
3434,5967,4.85
3434,274,6.6
3434,6068,2.65
3435,966,8.86
3435,4965,6.1
3435,8729,1.2
3436,9555,9.78
3436,714,7.26
3436,4501,5.87
3437,7494,8.0
3437,4220,6.62
3437,4759,2.52
3438,1556,1.97
3438,7521,0.63
3438,9844,4.75
3439,3495,0.71
3439,2244,1.01
3439,8379,3.32
3440,9777,4.83
3440,2774,0.87
3440,6937,9.51
3441,8864,3.18
3441,6062,4.72
3441,3201,3.0
3442,580,7.27
3442,8473,5.24
3442,6339,7.86
3443,6883,6.48
3443,9882,0.24
3443,1537,8.29
3444,7213,1.51
3444,1342,4.9
3444,5464,5.02
3445,5294,6.09
3445,6217,0.61
3445,3968,7.34
3446,3528,5.7
3446,890,2.67
3446,3170,0.79
3447,4414,9.39
3447,9527,8.47
3447,8874,4.74
3448,7095,1.9
3448,6164,3.44
3448,9143,5.45
3449,311,2.98
3449,4716,1.94
3449,3560,4.23
3450,9487,5.76
3450,8804,4.49
3450,5879,8.17
3451,5939,2.97
3451,2906,0.51
3451,538,5.26
3452,1618,0.7
3452,8980,4.47
3452,4888,1.84
3453,6361,5.68
3453,520,0.36
3453,5941,3.28
3454,7433,3.57
3454,8004,2.26
3454,5466,5.86
3455,4688,2.79
3455,8339,4.8
3455,8427,7.32
3456,7622,2.79
3456,6111,1.53
3456,2078,6.09
3457,7760,3.27
3457,797,4.53
3457,8465,6.42
3458,762,0.51
3458,6468,6.19
3458,7762,8.95
3459,5227,6.54
3459,9000,9.01
3459,8959,9.54
3460,7747,2.73
3460,2145,0.97
3460,5293,9.58
3461,2125,1.84
3461,1177,4.87
3461,8841,6.8
3462,9572,3.8
3462,808,7.48
3462,9119,9.97
3463,5505,4.14
3463,4497,3.44
3463,9569,3.89
3464,1413,2.1
3464,7736,1.57
3464,6087,8.55
3465,9651,9.24
3465,4632,9.43
3465,1768,1.75
3466,8632,9.75
3466,5840,4.5
3466,7459,8.4
3467,9105,7.47
3467,4014,7.66
3467,4086,2.49
3468,5525,3.48
3468,3413,4.32
3468,4229,8.13
3469,9904,5.86
3469,7389,6.42
3469,3161,3.67
3470,6942,5.9
3470,1222,3.09
3470,3688,4.34
3471,614,2.08
3471,6724,2.49
3471,7421,5.05
3472,4575,4.88
3472,6456,1.96
3472,4786,3.1
3473,4312,6.39
3473,5962,6.7
3473,71,2.47
3474,982,2.1
3474,561,1.46
3474,3803,3.98
3475,1070,5.75
3475,3971,0.47
3475,1980,4.05
3476,8361,9.06
3476,8637,5.94
3476,7882,8.04
3477,7152,0.63
3477,4376,1.19
3477,8216,1.02
3478,600,9.23
3478,5169,0.21
3478,2256,1.0
3479,4725,0.68
3479,1477,5.04
3479,9807,1.25
3480,7063,2.31
3480,2989,9.28
3480,1574,2.7
3481,336,5.05
3481,8549,8.69
3481,3854,3.71
3482,202,8.6
3482,4184,4.79
3482,3899,6.73
3483,6013,8.75
3483,7072,5.41
3483,7454,8.33
3484,4375,5.02
3484,6604,4.5
3484,47,5.33
3485,838,3.65
3485,4418,7.03
3485,2950,0.52
3486,8229,3.76
3486,2819,9.26
3486,904,2.47
3487,4607,5.18
3487,4952,5.74
3487,2916,2.09
3488,3523,7.61
3488,8003,7.85
3488,5552,2.74
3489,2932,4.18
3489,9897,8.97
3489,7262,9.53
3490,8102,7.67
3490,3684,3.47
3490,7166,3.51
3491,3240,4.02
3491,5641,3.56
3491,1284,1.97
3492,3114,6.22
3492,2777,2.73
3492,9765,1.53
3493,3156,1.82
3493,3568,0.21
3493,6510,2.39
3494,4171,2.46
3494,9005,2.58
3494,8192,6.0
3495,4826,4.2
3495,1251,4.78
3495,5656,8.18
3496,9341,1.23
3496,3546,1.45
3496,5699,1.66
3497,4306,5.1
3497,6859,7.21
3497,7768,6.25
3498,3325,7.73
3498,2020,9.07
3498,4794,9.4
3499,2415,8.4
3499,3769,5.15
3499,3314,9.31
3500,4332,7.96
3500,7309,6.93
3500,2010,7.02
3501,2913,2.49
3501,4658,2.99
3501,9296,0.34
3502,9396,0.26
3502,3503,9.1
3502,8631,9.36
3503,3616,3.71
3503,8590,8.41
3503,2751,9.75
3504,7411,9.49
3504,4606,6.64
3504,8717,7.9
3505,9922,7.99
3505,8658,8.56
3505,463,6.57
3506,9676,6.53
3506,8019,6.56
3506,2680,0.73
3507,3300,9.73
3507,9596,9.15
3507,4900,6.89
3508,9051,4.07
3508,7231,2.79
3508,636,5.12
3509,1179,5.63
3509,7537,3.54
3509,2224,4.18
3510,1581,9.66
3510,3835,3.46
3510,2037,5.24
3511,4231,0.92
3511,7426,2.15
3511,7224,7.11
3512,2445,8.37
3512,5032,3.2
3512,6829,1.56
3513,4548,5.67
3513,8728,1.62
3513,4523,4.38
3514,4490,9.11
3514,9419,9.5
3514,3177,4.22
3515,7479,4.06
3515,4640,2.44
3515,2165,3.51
3516,105,7.59
3516,5290,6.27
3516,2525,7.28
3517,2865,7.72
3517,9292,1.17
3517,3171,4.58
3518,7605,6.91
3518,2780,2.73
3518,3647,3.57
3519,3541,2.02
3519,696,3.9
3519,1440,7.61
3520,2640,2.86
3520,5928,0.69
3520,4397,8.87
3521,7391,8.73
3521,5328,1.59
3521,1310,7.89
3522,6479,0.73
3522,6018,8.97
3522,3967,1.31
3523,959,6.68
3523,7564,1.38
3523,4825,7.89
3524,2986,9.57
3524,2492,4.4
3524,9060,5.62
3525,6906,7.48
3525,2492,9.92
3525,9520,7.91
3526,6755,5.06
3526,1381,1.36
3526,1076,1.52
3527,5687,4.9
3527,4638,7.64
3527,8910,8.65
3528,1147,4.37
3528,3779,7.33
3528,1338,1.04
3529,6156,7.97
3529,474,6.18
3529,5430,4.43
3530,5457,6.06
3530,5828,3.94
3530,3988,4.94
3531,3525,8.11
3531,7461,4.77
3531,4516,9.49
3532,3621,1.48
3532,9352,3.8
3532,476,4.18
3533,1885,8.61
3533,7450,2.65
3533,3876,4.35
3534,5235,4.25
3534,6876,5.63
3534,3929,7.13
3535,5505,8.49
3535,2080,5.6
3535,1154,9.61
3536,570,1.71
3536,4640,7.24
3536,382,0.92
3537,8870,6.61
3537,2242,6.2
3537,8799,8.56
3538,4314,5.34
3538,3290,0.89
3538,6358,6.47
3539,7956,9.89
3539,4139,5.36
3539,9237,5.35
3540,3407,7.32
3540,7901,1.47
3540,5625,9.75
3541,9221,5.1
3541,7356,1.51
3541,7490,3.05
3542,6543,9.89
3542,2240,4.6
3542,2591,2.16
3543,39,8.89
3543,5374,0.48
3543,3664,9.08
3544,3784,6.18
3544,6283,3.16
3544,1785,4.56
3545,2891,5.5
3545,1689,9.84
3545,6221,6.62
3546,9254,8.07
3546,5761,9.99
3546,1802,1.12
3547,3786,5.91
3547,1058,7.97
3547,8635,5.11
3548,8785,4.34
3548,2950,4.02
3548,3176,2.62
3549,5173,3.19
3549,2059,2.39
3549,1534,5.18
3550,2521,1.57
3550,8388,6.29
3550,1455,9.19
3551,4448,5.72
3551,784,4.9
3551,9645,2.07
3552,9057,5.9
3552,6892,5.89
3552,7483,1.05
3553,8016,4.95
3553,6356,2.0
3553,4527,1.66
3554,7815,1.98
3554,5518,9.78
3554,4821,1.04
3555,657,4.61
3555,1713,6.23
3555,8954,1.02
3556,616,6.45
3556,7229,3.67
3556,7513,8.77
3557,6446,9.97
3557,1790,5.82
3557,2749,5.04
3558,459,9.78
3558,6059,3.23
3558,6610,2.05
3559,5278,9.63
3559,5383,4.3
3559,5268,1.64
3560,9547,0.89
3560,82,0.24
3560,240,2.49
3561,4571,0.75
3561,9121,3.17
3561,5476,4.42
3562,7302,4.57
3562,8688,6.92
3562,5392,2.83
3563,7410,3.9
3563,8507,9.43
3563,9718,5.37
3564,4256,2.7
3564,9655,1.37
3564,8622,6.07
3565,1262,0.96
3565,2154,6.98
3565,6053,6.53
3566,7885,6.04
3566,5813,3.17
3566,6215,2.85
3567,3542,1.09
3567,1535,1.76
3567,3487,5.04
3568,8508,2.38
3568,6986,6.68
3568,9965,0.6
3569,4862,6.6
3569,7071,6.34
3569,6899,2.43
3570,3364,5.47
3570,8546,6.38
3570,9202,4.66
3571,8199,7.6
3571,834,9.95
3571,2344,3.48
3572,5074,9.74
3572,877,9.88
3572,7944,4.52
3573,527,3.85
3573,7789,4.87
3573,8480,3.29
3574,943,5.81
3574,9347,5.56
3574,7828,4.43
3575,9627,7.02
3575,2026,0.95
3575,1805,7.08
3576,3867,4.46
3576,2243,5.93
3576,6169,1.7
3577,3274,0.19
3577,2140,4.41
3577,3759,1.45
3578,106,8.77
3578,1177,9.62
3578,2024,4.25
3579,7122,0.82
3579,6869,4.09
3579,7537,1.12
3580,6153,1.22
3580,4406,7.97
3580,1810,2.18
3581,8077,3.98
3581,3776,0.78
3581,3942,7.68
3582,8271,1.47
3582,8394,7.64
3582,13,8.18
3583,6226,9.29
3583,3224,6.72
3583,2883,8.04
3584,5908,4.83
3584,694,8.33
3584,1237,3.95
3585,1242,8.1
3585,6494,2.52
3585,9594,4.59
3586,6132,0.69
3586,5655,0.81
3586,5259,9.63
3587,1578,7.44
3587,8716,0.31
3587,9098,7.58
3588,5731,7.74
3588,6863,5.53
3588,4087,6.62
3589,8333,8.12
3589,3238,8.0
3589,7660,8.16
3590,35,8.79
3590,285,7.4
3590,6558,3.81
3591,6475,4.8
3591,8928,9.68
3591,2946,2.28
3592,5126,5.13
3592,8312,3.75
3592,1249,2.86
3593,7555,1.67
3593,5204,6.19
3593,5243,5.35
3594,5604,3.42
3594,8664,0.29
3594,9981,1.96
3595,2413,5.99
3595,3366,2.0
3595,6554,5.5
3596,8001,8.86
3596,7963,1.81
3596,8307,0.35
3597,204,0.86
3597,4225,8.9
3597,7718,1.77
3598,3431,5.08
3598,398,3.05
3598,6484,9.11
3599,5010,6.36
3599,7706,5.7
3599,3252,4.58
3600,3308,6.44
3600,5118,7.5
3600,9640,3.07
3601,5690,1.8
3601,1775,2.63
3601,9593,0.44
3602,9519,3.17
3602,7555,7.18
3602,1307,9.0
3603,850,0.81
3603,7776,8.74
3603,2429,6.57
3604,5903,9.82
3604,7468,8.75
3604,9905,3.06
3605,3089,3.27
3605,9716,8.77
3605,4669,8.9
3606,8945,5.72
3606,1708,4.18
3606,4203,8.88
3607,4631,9.2
3607,3764,3.1
3607,4173,4.47
3608,108,7.94
3608,3403,3.29
3608,3734,6.94
3609,3463,5.85
3609,2635,3.04
3609,3745,6.04
3610,9870,5.05
3610,7501,8.52
3610,3657,8.87
3611,5780,4.33
3611,4487,6.9
3611,4945,1.8
3612,1004,5.69
3612,1645,0.62
3612,9036,5.28
3613,5773,0.43
3613,1026,3.84
3613,5706,3.2
3614,7232,0.66
3614,9405,3.35
3614,1383,0.95
3615,5827,5.57
3615,1670,7.86
3615,3324,8.5
3616,3381,5.98
3616,5645,1.31
3616,9324,1.64
3617,2255,6.94
3617,5153,7.83
3617,9727,3.1
3618,7300,4.93
3618,457,2.75
3618,1689,7.15
3619,6670,8.39
3619,2175,7.17
3619,2852,6.46
3620,4330,1.34
3620,7464,4.89
3620,6314,2.75
3621,8434,5.84
3621,5462,4.44
3621,8549,5.44
3622,7409,8.15
3622,8805,8.45
3622,248,2.87
3623,9045,4.94
3623,6395,5.16
3623,8538,0.22
3624,849,5.91
3624,7193,2.97
3624,4194,3.38
3625,291,6.46
3625,184,2.2
3625,3373,6.54
3626,1805,2.52
3626,2978,0.33
3626,7779,0.49
3627,3601,2.98
3627,181,4.73
3627,2440,5.65
3628,9592,0.89
3628,3200,7.13
3628,9513,1.47
3629,6928,6.29
3629,2036,1.53
3629,5932,7.97
3630,3093,7.76
3630,902,4.69
3630,1021,2.4
3631,8523,8.64
3631,8463,4.71
3631,6634,1.25
3632,9455,5.43
3632,6595,6.31
3632,9058,0.27
3633,2724,9.2
3633,8532,2.13
3633,8174,9.99
3634,7391,2.71
3634,7834,7.9
3634,6304,0.28
3635,3669,6.43
3635,8184,3.14
3635,4974,9.48
3636,6855,2.36
3636,5808,8.41
3636,2691,4.32
3637,7956,4.24
3637,2738,2.44
3637,2051,6.39
3638,7120,7.78
3638,5505,6.53
3638,3320,6.25
3639,1264,9.92
3639,2183,5.88
3639,3617,0.68
3640,6663,2.55
3640,8436,6.4
3640,1761,3.27
3641,8647,5.23
3641,1123,4.38
3641,1124,6.23
3642,8142,1.12
3642,2936,3.39
3642,1875,1.34
3643,6573,8.31
3643,560,0.71
3643,1974,2.56
3644,7674,7.97
3644,6244,6.33
3644,2733,2.28
3645,9622,8.0
3645,2878,2.67
3645,9890,9.73
3646,6512,4.89
3646,5379,8.96
3646,9575,0.43
3647,1771,5.68
3647,9983,4.58
3647,3846,8.56
3648,913,2.13
3648,8221,6.38
3648,8009,5.27
3649,9520,5.13
3649,1465,1.61
3649,2566,5.47
3650,195,7.9
3650,3859,8.34
3650,9618,2.0
3651,7073,8.69
3651,2986,0.75
3651,6868,0.15
3652,9371,7.9
3652,1667,2.85
3652,9800,3.11
3653,9306,6.01
3653,6333,5.67
3653,7683,5.76
3654,8063,3.43
3654,8273,0.82
3654,7561,3.3
3655,7912,4.03
3655,5627,8.67
3655,1547,7.13
3656,1353,3.94
3656,4470,4.14
3656,3431,7.02
3657,1548,7.78
3657,8855,0.28
3657,753,0.82
3658,5942,8.75
3658,1292,5.1
3658,9975,2.09
3659,9220,1.34
3659,7246,9.98
3659,6482,1.79
3660,8727,2.36
3660,1873,3.93
3660,4984,1.38
3661,3007,1.07
3661,2230,4.54
3661,9251,9.68
3662,8300,5.18
3662,3142,0.64
3662,3319,1.07
3663,3732,8.4
3663,8961,6.53
3663,1298,0.71
3664,8575,5.29
3664,1006,7.2
3664,1723,2.13
3665,6088,0.72
3665,356,3.92
3665,7518,4.49
3666,249,1.12
3666,6707,3.46
3666,2726,3.16
3667,1660,7.28
3667,6999,1.0
3667,2433,8.76
3668,6698,3.87
3668,3783,4.36
3668,7178,2.96
3669,8983,9.63
3669,7461,3.06
3669,359,0.79
3670,9675,3.13
3670,3880,9.53
3670,791,4.51
3671,1275,6.33
3671,1278,9.19
3671,2511,3.86
3672,5300,3.84
3672,516,5.69
3672,1558,8.89
3673,3911,6.61
3673,8439,2.51
3673,852,0.16
3674,7485,5.95
3674,4598,7.15
3674,2530,7.15
3675,8152,8.84
3675,6766,2.52
3675,2718,4.87
3676,1326,1.33
3676,421,6.02
3676,6442,5.29
3677,9323,1.43
3677,8545,7.54
3677,7764,8.66
3678,2619,7.14
3678,1334,2.42
3678,167,5.88
3679,6203,9.56
3679,1682,1.51
3679,2666,4.49
3680,7144,3.03
3680,5637,0.51
3680,623,6.18
3681,2282,3.36
3681,3506,7.95
3681,713,9.46
3682,7024,8.56
3682,8733,2.08
3682,1693,7.42
3683,7291,6.02
3683,38,4.93
3683,2248,3.52
3684,2312,1.03
3684,1459,5.78
3684,9529,3.04
3685,2717,2.94
3685,8158,6.56
3685,1324,5.26
3686,7579,9.28
3686,2820,7.11
3686,9023,0.59
3687,346,3.4
3687,7326,2.58
3687,509,5.71
3688,4837,2.9
3688,3601,5.46
3688,3225,6.3
3689,2007,8.46
3689,7084,2.67
3689,8455,1.16
3690,4541,2.66
3690,5746,1.08
3690,2210,7.23
3691,3404,5.03
3691,7723,0.16
3691,6805,6.75
3692,5886,1.37
3692,8211,6.93
3692,2324,6.0
3693,6745,3.7
3693,5583,1.69
3693,1104,9.11
3694,8244,2.88
3694,1862,7.07
3694,7192,4.55
3695,9096,1.46
3695,375,4.25
3695,7055,5.28
3696,2475,4.83
3696,1674,2.65
3696,392,0.13
3697,7672,1.12
3697,8188,9.43
3697,8505,1.54
3698,4140,7.06
3698,2296,9.3
3698,789,0.63
3699,365,0.67
3699,735,4.4
3699,137,7.1
3700,9183,4.28
3700,3455,1.56
3700,7507,2.82
3701,954,8.23
3701,282,3.13
3701,4748,7.94
3702,8871,8.68
3702,5390,2.98
3702,487,8.78
3703,5572,9.36
3703,3440,3.63
3703,6174,4.79
3704,5622,6.67
3704,8392,8.73
3704,1743,0.96
3705,1255,6.17
3705,7845,7.8
3705,2725,7.49
3706,8326,7.6
3706,5188,7.11
3706,4078,6.26
3707,8098,2.59
3707,910,3.76
3707,223,5.39
3708,1257,6.94
3708,4418,8.65
3708,4957,4.84
3709,4818,3.17
3709,9004,4.58
3709,1643,2.57
3710,6934,3.79
3710,2076,2.05
3710,1864,1.82
3711,641,6.98
3711,9472,2.69
3711,8989,5.37
3712,3474,1.44
3712,2831,4.43
3712,7221,6.86
3713,8162,5.69
3713,3706,9.4
3713,6465,4.82
3714,5019,3.44
3714,5398,2.27
3714,4694,1.07
3715,1093,2.29
3715,2948,3.18
3715,7343,9.38
3716,5774,0.67
3716,5997,2.05
3716,2956,5.29
3717,8437,7.72
3717,2808,8.67
3717,9202,8.19
3718,8851,3.34
3718,7263,5.2
3718,1724,0.51
3719,1089,9.2
3719,6472,1.75
3719,1458,6.94
3720,5411,2.04
3720,124,7.59
3720,5898,2.11
3721,8045,7.58
3721,7694,7.93
3721,1226,5.79
3722,2494,5.49
3722,9510,9.99
3722,3813,7.93
3723,8408,9.88
3723,7102,3.09
3723,1384,2.77
3724,7264,2.07
3724,5173,5.32
3724,9398,9.56
3725,7757,4.71
3725,7520,7.22
3725,4548,0.7
3726,1477,7.62
3726,628,0.68
3726,9359,8.19
3727,6834,4.61
3727,7347,2.87
3727,5360,5.84
3728,5901,3.66
3728,3072,4.81
3728,4061,5.38
3729,6439,7.86
3729,2022,1.91
3729,2048,3.28
3730,6737,3.05
3730,9971,9.88
3730,1804,5.11
3731,4487,5.29
3731,5303,9.56
3731,2166,0.65
3732,9780,9.15
3732,9909,0.47
3732,738,9.13
3733,3534,3.93
3733,9638,0.62
3733,3958,9.3
3734,9147,9.17
3734,5764,4.94
3734,5919,6.83
3735,4600,2.52
3735,4488,8.3
3735,888,8.75
3736,3637,8.39
3736,4405,2.12
3736,8491,5.53
3737,7257,6.53
3737,3800,4.14
3737,3346,9.04
3738,3289,6.14
3738,9016,0.8
3738,1353,6.64
3739,4175,1.95
3739,7862,7.64
3739,4414,4.18
3740,6915,2.34
3740,3865,5.08
3740,4932,8.56
3741,791,4.49
3741,2117,9.35
3741,5547,4.85
3742,4793,0.12
3742,1829,9.47
3742,956,1.72
3743,9597,9.42
3743,7522,3.13
3743,6883,5.73
3744,8641,0.45
3744,8828,5.48
3744,3060,1.73
3745,6107,9.58
3745,9146,1.29
3745,6016,2.56
3746,8984,3.0
3746,3023,2.53
3746,4151,6.09
3747,1317,5.89
3747,2496,8.45
3747,3144,5.9
3748,9063,3.25
3748,2428,6.46
3748,2487,2.95
3749,9737,8.45
3749,6816,2.64
3749,776,9.75
3750,3800,3.74
3750,2922,9.23
3750,5674,1.46
3751,9819,5.2
3751,266,9.99
3751,241,6.98
3752,3832,4.55
3752,8227,0.97
3752,8721,1.54
3753,4954,8.76
3753,5823,8.46
3753,6249,0.75
3754,9058,0.14
3754,9128,8.81
3754,1199,9.17
3755,3858,7.87
3755,3461,1.05
3755,8872,8.28
3756,6165,6.55
3756,7744,1.37
3756,4760,7.57
3757,6452,4.88
3757,7745,6.32
3757,939,4.19
3758,4481,2.06
3758,9537,2.87
3758,9725,5.11
3759,3764,8.81
3759,2898,5.09
3759,4144,3.27
3760,6740,7.64
3760,777,5.72
3760,5257,4.01
3761,35,0.53
3761,4509,5.8
3761,3316,8.25
3762,7456,2.51
3762,1492,8.65
3762,9234,5.35
3763,8617,7.55
3763,8408,9.43
3763,9470,6.46
3764,2576,3.26
3764,2472,7.8
3764,8129,2.9
3765,2909,7.31
3765,5587,3.67
3765,7250,6.82
3766,7623,5.05
3766,7930,2.01
3766,6078,6.75
3767,87,5.64
3767,3580,3.14
3767,3550,0.94
3768,4434,1.81
3768,5665,7.66
3768,2236,7.66
3769,9577,8.23
3769,1259,7.01
3769,1449,2.88
3770,5323,4.05
3770,5372,5.6
3770,3405,7.34
3771,9966,9.88
3771,6194,1.71
3771,6467,0.52
3772,4690,8.32
3772,6778,3.44
3772,9061,3.03
3773,6186,1.95
3773,6860,0.56
3773,5053,9.98
3774,9698,2.21
3774,3954,5.75
3774,2395,7.18
3775,9965,5.35
3775,1397,6.27
3775,5723,9.86
3776,5614,8.27
3776,2313,6.08
3776,3038,9.01
3777,2276,8.01
3777,6214,5.26
3777,3380,2.96
3778,6016,0.72
3778,6162,5.18
3778,9072,0.98
3779,7886,0.43
3779,6192,8.26
3779,6718,7.57
3780,4346,7.64
3780,5390,8.7
3780,7254,4.72
3781,8789,8.7
3781,8131,2.62
3781,6326,9.94
3782,3011,7.27
3782,8569,3.65
3782,8977,3.64
3783,8682,6.97
3783,8540,8.65
3783,6396,6.26
3784,3234,1.23
3784,9669,4.3
3784,3703,7.54
3785,2614,5.55
3785,3419,8.49
3785,1396,1.7
3786,6658,7.76
3786,9221,0.44
3786,1433,2.77
3787,3511,5.03
3787,2588,9.38
3787,4261,5.92
3788,1265,4.39
3788,8540,6.72
3788,3080,2.78
3789,484,1.59
3789,8638,2.23
3789,2763,6.95
3790,7208,3.85
3790,4564,7.1
3790,8503,5.11
3791,630,3.74
3791,4375,5.89
3791,7668,7.23
3792,8875,9.99
3792,5586,2.01
3792,8672,2.86
3793,4231,2.48
3793,7706,7.75
3793,3063,7.69
3794,3013,6.28
3794,472,3.64
3794,5869,8.18
3795,5457,8.06
3795,6935,1.64
3795,3281,2.65
3796,6468,6.56
3796,8372,9.14
3796,2762,7.14
3797,5039,5.04
3797,6854,1.54
3797,3015,9.53
3798,3190,4.66
3798,7610,4.5
3798,7799,9.39
3799,4936,1.84
3799,4633,3.58
3799,7733,5.1
3800,5823,3.35
3800,3401,6.34
3800,7875,0.53
3801,2089,5.68
3801,2662,9.53
3801,7670,1.12
3802,6013,5.22
3802,2095,7.33
3802,1312,4.14
3803,4118,0.72
3803,9337,1.32
3803,1904,2.16
3804,2757,6.98
3804,3869,0.96
3804,9193,4.93
3805,3213,2.87
3805,8100,0.55
3805,1037,8.95
3806,1372,4.18
3806,6962,6.85
3806,7104,1.57
3807,4251,7.15
3807,4729,7.63
3807,584,9.24
3808,6581,1.15
3808,7445,3.75
3808,7951,0.88
3809,9970,8.11
3809,8259,2.82
3809,3282,2.76
3810,7940,4.59
3810,1538,3.31
3810,1634,7.8
3811,313,0.93
3811,4159,6.88
3811,7771,1.88
3812,6703,8.92
3812,395,3.84
3812,3020,1.8
3813,7175,5.31
3813,2944,6.49
3813,8855,2.89
3814,9918,3.4
3814,7406,4.36
3814,163,4.0
3815,4704,5.93
3815,2412,5.5
3815,696,8.96
3816,2085,7.73
3816,8085,6.6
3816,1493,9.8
3817,5893,8.53
3817,2391,7.04
3817,8570,6.63
3818,2624,7.13
3818,9063,5.6
3818,3667,2.54
3819,2070,1.68
3819,8121,8.92
3819,3832,4.58
3820,8182,8.21
3820,8686,0.86
3820,1326,8.05
3821,3606,2.22
3821,472,4.31
3821,3327,9.03
3822,2440,5.47
3822,5105,5.24
3822,5235,9.1
3823,8337,1.05
3823,9830,9.93
3823,2301,0.81
3824,1423,7.93
3824,4373,9.59
3824,7004,7.89
3825,4674,2.52
3825,6250,8.87
3825,6418,7.85
3826,7942,1.6
3826,6688,4.15
3826,6880,0.14
3827,9810,2.95
3827,3103,6.04
3827,428,6.63
3828,5779,5.14
3828,8418,3.93
3828,9646,7.03
3829,9817,3.67
3829,5041,0.93
3829,4786,7.45
3830,2550,7.16
3830,5693,6.92
3830,5825,8.06
3831,4103,9.2
3831,9992,6.09
3831,2174,6.72
3832,2160,0.3
3832,3770,8.49
3832,4765,5.83
3833,4509,8.24
3833,6167,5.02
3833,8007,5.96
3834,8737,4.51
3834,578,4.99
3834,5423,4.05
3835,865,4.74
3835,5584,9.9
3835,9998,8.8
3836,2447,5.16
3836,5563,6.26
3836,5420,9.84
3837,9718,8.25
3837,2482,8.79
3837,7019,6.91
3838,5892,3.77
3838,3208,0.84
3838,8907,2.2
3839,6033,9.59
3839,3532,7.01
3839,2928,9.94
3840,7584,5.65
3840,3191,5.07
3840,2945,2.4
3841,8614,2.01
3841,5529,8.77
3841,7400,0.94
3842,869,9.81
3842,9876,1.9
3842,2634,4.38
3843,2541,2.09
3843,4362,5.96
3843,4590,7.61
3844,4336,7.3
3844,9189,7.22
3844,3137,4.72
3845,3637,1.52
3845,7822,2.11
3845,7719,8.21
3846,2935,2.64
3846,7875,7.32
3846,4248,4.97
3847,2009,8.51
3847,8323,3.05
3847,9807,4.52
3848,9015,7.49
3848,1319,4.92
3848,281,8.29
3849,92,8.0
3849,5873,1.31
3849,7557,7.43
3850,3154,9.82
3850,35,2.45
3850,6252,0.94
3851,3638,7.23
3851,652,7.54
3851,2673,0.11
3852,1844,9.75
3852,5498,1.82
3852,8454,0.82
3853,2481,0.63
3853,6917,0.11
3853,9753,4.57
3854,8792,2.4
3854,8828,0.23
3854,5986,4.93
3855,2342,7.97
3855,2693,8.21
3855,591,7.78
3856,1699,3.65
3856,3040,3.02
3856,9405,5.72
3857,6386,1.86
3857,4468,1.14
3857,3847,8.19
3858,8648,6.12
3858,1472,8.49
3858,3110,4.05
3859,3817,6.15
3859,9022,6.74
3859,1619,8.87
3860,2834,1.08
3860,6436,4.77
3860,3470,5.1
3861,9826,8.31
3861,7177,2.09
3861,5359,2.41
3862,2264,3.67
3862,6179,6.38
3862,9417,5.54
3863,3752,8.4
3863,6004,9.27
3863,7183,9.38
3864,215,6.37
3864,9221,5.53
3864,2624,6.02
3865,5345,3.89
3865,3217,3.29
3865,7532,4.25
3866,6521,5.44
3866,4987,6.6
3866,5586,6.49
3867,6282,0.42
3867,8483,6.56
3867,1574,2.66
3868,9411,1.35
3868,9545,1.41
3868,7737,1.39
3869,1526,2.73
3869,3563,3.53
3869,2132,2.48
3870,9694,0.56
3870,5229,9.38
3870,7015,5.74
3871,6154,1.3
3871,9938,3.87
3871,7034,6.14
3872,9714,6.85
3872,4017,1.97
3872,4596,1.74
3873,5663,2.38
3873,4598,2.11
3873,7989,4.89
3874,2739,1.13
3874,5525,3.34
3874,8008,2.19
3875,6206,7.77
3875,7015,2.58
3875,8216,4.07
3876,3934,4.58
3876,8190,4.6
3876,2145,9.58
3877,2120,6.41
3877,2496,1.71
3877,5998,9.27
3878,7775,4.59
3878,7566,5.56
3878,8487,1.08
3879,2579,4.22
3879,7705,2.49
3879,7495,8.02
3880,4327,3.91
3880,113,0.56
3880,5625,1.15
3881,152,1.74
3881,6233,8.86
3881,5971,6.82
3882,657,1.2
3882,6993,5.45
3882,9888,8.21
3883,7149,6.07
3883,3047,9.81
3883,5233,3.2
3884,5937,1.68
3884,6049,8.71
3884,975,4.0
3885,3345,3.0
3885,9761,4.55
3885,1177,4.86
3886,6906,5.52
3886,1142,2.92
3886,7687,7.41
3887,1608,2.73
3887,8797,7.58
3887,4579,7.27
3888,4041,9.56
3888,5472,4.53
3888,8508,6.88
3889,4662,2.33
3889,9021,7.8
3889,9575,6.0
3890,9248,4.33
3890,5542,2.15
3890,1174,0.62
3891,5755,8.15
3891,1578,1.22
3891,1935,3.38
3892,1110,0.22
3892,4170,7.26
3892,3610,4.78
3893,87,6.49
3893,4154,8.93
3893,1578,2.21
3894,3781,2.18
3894,808,1.94
3894,1082,3.93
3895,5693,7.98
3895,4679,9.65
3895,8996,7.14
3896,1988,7.17
3896,5038,6.03
3896,1811,1.72
3897,4253,3.4
3897,5457,8.21
3897,810,4.81
3898,832,2.14
3898,4460,9.51
3898,3925,8.78
3899,1049,2.14
3899,5314,7.52
3899,7402,4.84
3900,6989,0.13
3900,3816,6.45
3900,9040,9.81
3901,9778,1.6
3901,7675,0.23
3901,9123,8.3
3902,385,9.35
3902,6631,4.46
3902,4262,5.99
3903,7015,3.97
3903,8537,8.35
3903,4139,3.0
3904,9018,5.43
3904,8343,8.89
3904,8113,0.95
3905,3022,4.17
3905,1796,3.39
3905,8049,6.71
3906,6312,6.95
3906,4467,1.16
3906,5236,9.32
3907,8124,7.19
3907,8422,0.54
3907,7622,6.48
3908,8607,2.36
3908,1027,1.1
3908,390,2.36
3909,8482,3.85
3909,4371,6.12
3909,3843,1.03
3910,7322,3.04
3910,6284,3.55
3910,8574,0.51
3911,4430,2.25
3911,5840,8.01
3911,8483,8.62
3912,7413,5.17
3912,7469,2.47
3912,1520,1.24
3913,233,7.03
3913,7562,0.83
3913,5012,0.38
3914,1996,7.43
3914,1352,3.75
3914,3783,3.56
3915,214,5.39
3915,9028,6.34
3915,3091,8.55
3916,6389,1.81
3916,787,3.38
3916,6837,8.85
3917,2500,2.24
3917,1721,1.34
3917,1453,0.76
3918,4818,4.07
3918,2449,9.83
3918,9831,1.37
3919,9752,0.51
3919,7006,2.57
3919,67,5.51
3920,5034,9.86
3920,6567,5.15
3920,8952,1.2
3921,2202,5.52
3921,2122,6.13
3921,6420,5.74
3922,6373,9.88
3922,9682,4.09
3922,9679,9.05
3923,9870,5.64
3923,7223,5.13
3923,9146,9.26
3924,2787,2.99
3924,1443,9.54
3924,494,9.71
3925,314,7.48
3925,7648,5.29
3925,4424,5.82
3926,530,3.76
3926,3532,5.52
3926,6332,3.9
3927,6036,1.24
3927,9367,0.19
3927,2227,5.71
3928,1528,3.68
3928,6870,2.67
3928,5383,2.11
3929,9187,5.79
3929,4246,4.82
3929,7443,9.45
3930,5372,7.6
3930,5257,2.79
3930,6053,2.67
3931,2384,8.45
3931,7213,4.47
3931,5458,9.84
3932,3380,6.96
3932,2250,5.86
3932,7082,9.17
3933,9258,6.62
3933,2394,7.27
3933,2810,3.71
3934,8727,7.38
3934,5889,6.54
3934,4703,9.97
3935,9299,2.73
3935,3570,5.94
3935,597,1.24
3936,2914,4.76
3936,8033,4.48
3936,6271,7.03
3937,8284,7.17
3937,2235,3.46
3937,291,7.6
3938,7280,6.47
3938,9600,6.01
3938,7313,3.57
3939,1350,3.65
3939,9126,0.63
3939,6940,5.24
3940,1188,5.59
3940,3185,2.37
3940,8922,3.51
3941,3788,6.83
3941,3526,0.4
3941,5287,0.1
3942,7885,6.39
3942,3853,9.22
3942,2628,9.36
3943,2224,3.68
3943,427,1.14
3943,1184,4.93
3944,1200,5.95
3944,1967,6.92
3944,6173,4.96
3945,8770,6.75
3945,3810,4.46
3945,9797,3.63
3946,410,3.14
3946,1867,7.04
3946,2121,0.1
3947,5944,1.33
3947,7594,1.84
3947,2288,3.47
3948,4210,2.73
3948,1488,5.25
3948,4832,5.41
3949,3862,3.45
3949,4507,3.57
3949,5469,6.77
3950,4492,0.53
3950,1963,5.55
3950,445,2.01
3951,1431,7.37
3951,7988,3.95
3951,2890,9.76
3952,7758,5.37
3952,703,7.13
3952,6653,7.94
3953,1261,2.12
3953,9338,3.92
3953,6659,7.37
3954,7014,7.03
3954,1446,5.69
3954,9681,0.56
3955,6945,4.64
3955,8346,2.96
3955,5831,8.02
3956,1150,5.25
3956,999,9.89
3956,9405,0.46
3957,2569,4.93
3957,151,2.48
3957,3381,4.63
3958,9866,1.04
3958,6705,5.86
3958,6612,5.72
3959,3235,6.74
3959,7046,7.17
3959,4615,2.72
3960,2311,9.05
3960,8155,7.63
3960,2697,3.93
3961,8910,0.9
3961,9880,7.7
3961,8672,9.9
3962,3475,3.7
3962,2966,7.96
3962,4066,7.15
3963,7333,1.07
3963,7628,7.41
3963,9775,3.64
3964,776,3.27
3964,6775,8.79
3964,16,8.27
3965,4814,4.96
3965,4684,8.83
3965,2864,1.73
3966,3991,9.43
3966,4037,6.99
3966,4466,8.5
3967,8704,9.69
3967,1952,7.13
3967,3140,7.59
3968,2352,8.71
3968,7029,3.23
3968,583,9.05
3969,29,2.45
3969,1186,8.75
3969,4391,3.33
3970,2024,1.4
3970,667,5.03
3970,3834,7.07
3971,4392,9.73
3971,4782,2.74
3971,7731,2.26
3972,8800,1.59
3972,542,2.66
3972,5431,3.17
3973,6180,0.94
3973,2493,4.96
3973,1182,2.19
3974,4838,9.52
3974,1201,1.16
3974,1670,7.46
3975,5273,4.13
3975,507,7.03
3975,6863,1.77
3976,553,5.56
3976,3308,2.35
3976,6591,4.81
3977,9710,7.49
3977,5343,4.64
3977,2050,3.28
3978,4046,0.95
3978,6050,8.72
3978,7165,6.34
3979,753,8.89
3979,1538,8.93
3979,6884,9.72
3980,324,5.7
3980,4485,7.94
3980,8444,8.07
3981,9563,4.4
3981,6663,1.77
3981,6533,1.1
3982,9295,2.63
3982,5049,3.95
3982,8511,9.35
3983,5218,7.25
3983,8267,1.34
3983,1302,5.99
3984,1552,7.06
3984,421,7.45
3984,8781,4.11
3985,7179,7.92
3985,3142,1.95
3985,492,9.52
3986,4852,6.59
3986,8669,6.09
3986,1450,3.87
3987,9783,5.55
3987,7167,1.95
3987,8472,8.74
3988,2186,9.07
3988,6766,8.39
3988,4089,3.72
3989,2954,7.05
3989,3980,6.61
3989,7432,8.58
3990,2019,8.19
3990,5382,0.89
3990,3609,8.55
3991,2346,7.7
3991,5287,4.6
3991,2599,5.92
3992,9362,2.81
3992,4824,9.88
3992,8913,6.14
3993,4774,9.64
3993,5144,0.73
3993,8647,7.7
3994,6573,6.85
3994,2181,2.16
3994,2386,2.97
3995,81,2.83
3995,8901,1.42
3995,5224,0.33
3996,5087,2.59
3996,2909,7.28
3996,365,6.2
3997,4869,8.92
3997,6177,0.83
3997,8378,7.79
3998,6158,9.56
3998,4827,1.35
3998,9389,6.77
3999,474,8.72
3999,7214,3.92
3999,9368,6.03
4000,2055,8.05
4000,5806,4.56
4000,2772,6.03
4001,1492,8.93
4001,3608,8.06
4001,2496,9.29
4002,1454,0.89
4002,246,9.95
4002,7402,8.44
4003,6491,3.69
4003,5892,1.32
4003,209,8.96
4004,3342,7.74
4004,8862,9.64
4004,7853,0.4
4005,6224,5.77
4005,2500,5.1
4005,3677,9.4
4006,5388,3.78
4006,8304,5.94
4006,9068,4.55
4007,7037,4.55
4007,2830,1.78
4007,2163,7.82
4008,8100,9.31
4008,228,6.74
4008,4671,8.67
4009,4354,5.3
4009,5234,8.3
4009,5583,5.12
4010,4117,6.66
4010,833,6.06
4010,508,3.9
4011,5896,4.71
4011,7136,6.87
4011,7807,7.78
4012,3278,2.96
4012,7757,9.44
4012,2757,4.47
4013,7506,4.78
4013,580,4.54
4013,8018,8.26
4014,7330,5.93
4014,5204,0.44
4014,6527,5.53
4015,7797,3.62
4015,8066,9.03
4015,8844,2.04
4016,7142,5.99
4016,9419,2.67
4016,3905,1.88
4017,8106,9.76
4017,5792,2.99
4017,463,1.62
4018,8225,8.2
4018,6088,7.45
4018,6169,2.02
4019,6099,7.97
4019,2868,1.24
4019,2757,5.32
4020,7256,8.93
4020,8383,6.73
4020,4197,3.73
4021,5403,8.48
4021,8310,4.63
4021,2071,1.73
4022,3743,6.25
4022,6485,7.09
4022,5054,9.87
4023,3739,0.9
4023,4134,9.83
4023,1913,9.76
4024,9003,1.39
4024,2791,9.95
4024,1072,9.79
4025,8372,8.83
4025,8420,0.53
4025,4983,9.22
4026,4197,2.32
4026,2819,1.12
4026,4476,5.9
4027,9550,6.98
4027,2162,7.69
4027,1688,3.17
4028,4565,0.44
4028,5166,5.18
4028,1115,0.26
4029,2366,7.3
4029,9390,7.85
4029,1361,2.11
4030,2979,9.55
4030,920,9.45
4030,6178,1.14
4031,1050,3.05
4031,8692,3.46
4031,1311,6.76
4032,1362,1.79
4032,712,2.54
4032,5995,2.54
4033,5151,0.86
4033,9677,3.17
4033,224,5.84
4034,4922,9.21
4034,3358,4.6
4034,8590,5.39
4035,3333,5.03
4035,2784,7.16
4035,5491,2.1
4036,8424,0.44
4036,1266,1.74
4036,1780,6.49
4037,5291,4.94
4037,7258,1.38
4037,4604,5.84
4038,3443,7.2
4038,7327,3.05
4038,5348,7.75
4039,1911,6.47
4039,1447,4.09
4039,8025,9.06
4040,7608,4.57
4040,2575,9.29
4040,2415,0.56
4041,5155,5.27
4041,4190,8.82
4041,9467,5.65
4042,6152,1.16
4042,5478,4.89
4042,9738,3.27
4043,3747,3.73
4043,7630,0.56
4043,656,0.91
4044,2903,6.15
4044,2256,1.97
4044,5186,4.91
4045,9894,1.42
4045,7214,2.52
4045,2318,4.12
4046,1193,4.86
4046,2561,9.71
4046,4684,0.82
4047,461,7.2
4047,5323,7.34
4047,5653,1.29
4048,653,7.02
4048,5538,5.52
4048,2456,2.8
4049,8609,5.61
4049,4614,6.4
4049,2460,7.35
4050,1585,5.68
4050,7574,0.18
4050,736,4.19
4051,6550,2.29
4051,8163,4.56
4051,5712,6.41
4052,1584,9.08
4052,3145,9.21
4052,6219,3.31
4053,7343,2.97
4053,8146,5.23
4053,5565,0.19
4054,3289,7.75
4054,3085,10.0
4054,8324,1.63
4055,3351,5.73
4055,250,0.15
4055,9377,2.11
4056,4190,9.59
4056,6747,4.75
4056,848,8.2
4057,9116,8.18
4057,5661,0.65
4057,5411,8.09
4058,3364,5.88
4058,3377,3.15
4058,3534,9.34
4059,5080,1.13
4059,9445,9.88
4059,3220,3.39
4060,7323,8.92
4060,9988,3.86
4060,8323,8.49
4061,9135,0.87
4061,6505,1.69
4061,1348,6.55
4062,2444,4.48
4062,2118,1.85
4062,6237,6.43
4063,1179,4.84
4063,6273,6.48
4063,6516,3.24
4064,7987,4.02
4064,4515,2.43
4064,1019,9.5
4065,3085,8.99
4065,3373,2.18
4065,8131,5.45
4066,4213,6.09
4066,8315,8.07
4066,6727,9.56
4067,8231,1.61
4067,6872,0.48
4067,9569,7.2
4068,7648,4.2
4068,3379,1.52
4068,2443,5.94
4069,5686,6.3
4069,761,0.62
4069,2126,4.29
4070,3280,9.52
4070,5647,6.78
4070,3394,9.31
4071,9974,6.69
4071,189,4.2
4071,3665,1.15
4072,2445,4.98
4072,8961,2.22
4072,2854,6.65
4073,9574,7.19
4073,7486,7.53
4073,5394,4.11
4074,893,3.57
4074,3686,3.98
4074,7815,2.44
4075,905,4.98
4075,9780,6.41
4075,2973,5.05
4076,6324,1.28
4076,7663,0.32
4076,9177,4.23
4077,7205,4.13
4077,5744,0.15
4077,2174,6.8
4078,712,4.57
4078,6101,5.19
4078,1919,7.06
4079,8439,7.1
4079,3176,7.17
4079,3795,2.69
4080,317,7.47
4080,4480,8.46
4080,9033,4.63
4081,9666,8.01
4081,2139,8.35
4081,475,6.14
4082,674,5.97
4082,6040,9.21
4082,5123,3.39
4083,5317,3.75
4083,2687,1.12
4083,8571,6.64
4084,9433,0.9
4084,2288,7.91
4084,4137,7.46
4085,5055,0.39
4085,377,3.33
4085,1100,6.73
4086,4955,7.26
4086,5149,3.84
4086,782,6.66
4087,4095,1.15
4087,4320,9.69
4087,639,6.56
4088,6156,6.48
4088,282,3.75
4088,3529,7.75
4089,6391,9.51
4089,6506,8.72
4089,6693,8.92
4090,3599,7.17
4090,5971,8.94
4090,4414,8.56
4091,5200,7.12
4091,8473,8.1
4091,8145,3.03
4092,7855,3.7
4092,281,7.83
4092,1937,9.11
4093,1900,8.56
4093,3098,9.65
4093,7479,1.08
4094,5498,5.37
4094,8389,6.06
4094,6456,8.01
4095,5027,4.72
4095,5161,6.77
4095,6336,2.99
4096,3460,8.95
4096,3655,2.91
4096,5106,2.71
4097,5678,1.65
4097,827,9.51
4097,1216,4.65
4098,4427,0.26
4098,9746,7.17
4098,2476,7.41
4099,8611,0.37
4099,8670,8.39
4099,9821,0.5
4100,2388,7.88
4100,6191,3.71
4100,9232,2.16
4101,8940,1.72
4101,895,7.65
4101,8471,9.51
4102,735,9.24
4102,2720,2.44
4102,9462,0.82
4103,1172,1.73
4103,9752,5.14
4103,1276,2.57
4104,1986,2.09
4104,3240,9.39
4104,3878,9.39
4105,8532,5.75
4105,8704,5.15
4105,2157,7.77
4106,8114,4.95
4106,3430,1.37
4106,4947,9.81
4107,9705,9.51
4107,6766,6.89
4107,6760,7.93
4108,5463,7.09
4108,3472,4.43
4108,3731,6.91
4109,5679,4.76
4109,5504,2.62
4109,8763,7.21
4110,6062,7.81
4110,6743,7.69
4110,9830,6.73
4111,861,0.47
4111,3396,4.41
4111,9345,2.26
4112,7192,8.11
4112,3929,1.63
4112,8595,3.39
4113,5448,2.73
4113,3596,2.22
4113,9092,0.49
4114,4905,3.14
4114,6831,3.22
4114,5216,3.29
4115,4000,6.51
4115,48,4.86
4115,3949,8.51
4116,3978,2.99
4116,7183,6.94
4116,3821,6.52
4117,2166,8.7
4117,9720,8.24
4117,9248,2.85
4118,1495,0.52
4118,3151,9.57
4118,3502,0.23
4119,4045,6.49
4119,6252,4.83
4119,7162,6.32
4120,3755,3.34
4120,4272,4.83
4120,7824,9.73
4121,6003,2.93
4121,9082,4.94
4121,5502,5.98
4122,9943,8.44
4122,732,0.83
4122,7238,6.5
4123,8684,3.74
4123,5334,9.17
4123,8072,9.46
4124,7795,5.72
4124,7801,1.14
4124,4966,1.99
4125,9006,3.32
4125,7344,6.11
4125,3515,4.76
4126,609,9.21
4126,4573,1.33
4126,2637,7.4
4127,4703,8.63
4127,7781,8.31
4127,6919,2.16
4128,160,2.87
4128,18,3.37
4128,137,5.86
4129,5949,0.64
4129,8384,5.24
4129,343,1.42
4130,6004,8.49
4130,3339,1.11
4130,8163,5.59
4131,2060,0.41
4131,5428,6.71
4131,3523,3.66
4132,2584,8.09
4132,1952,6.96
4132,2808,6.53
4133,3577,1.39
4133,2453,6.92
4133,8500,5.7
4134,9550,9.37
4134,5301,5.09
4134,2906,9.42
4135,9317,9.51
4135,273,7.45
4135,4683,2.31
4136,2331,6.02
4136,1205,2.29
4136,5957,6.63
4137,8246,7.58
4137,674,5.26
4137,8452,0.17
4138,6427,5.92
4138,8206,4.09
4138,8322,3.46
4139,7010,0.83
4139,3036,0.65
4139,8979,0.62
4140,9115,8.29
4140,3125,0.11
4140,3984,1.24
4141,8797,4.34
4141,6838,9.14
4141,3754,7.7
4142,2175,7.95
4142,5099,3.99
4142,9723,2.05
4143,1274,8.45
4143,1012,8.25
4143,7954,7.45
4144,7896,4.1
4144,2519,2.61
4144,9156,4.99
4145,5938,2.72
4145,1874,6.8
4145,1765,1.24
4146,8895,2.22
4146,8125,0.72
4146,3586,3.41
4147,3679,8.24
4147,9688,4.52
4147,6381,3.54
4148,7512,7.06
4148,4576,8.33
4148,4694,5.92
4149,5331,6.87
4149,5135,4.0
4149,3995,0.4
4150,8382,1.25
4150,2053,5.51
4150,9578,2.54
4151,5044,7.8
4151,9962,5.38
4151,3094,7.73
4152,6878,9.81
4152,5472,5.75
4152,976,3.85
4153,6555,9.55
4153,3927,6.45
4153,3573,2.26
4154,5625,6.31
4154,3958,2.11
4154,6004,9.88
4155,6525,2.31
4155,5810,0.79
4155,2900,5.34
4156,267,3.59
4156,5144,4.77
4156,9897,5.09
4157,4451,3.79
4157,886,3.21
4157,628,9.97
4158,7014,3.25
4158,8667,5.14
4158,3515,4.63
4159,5442,4.18
4159,1946,5.77
4159,181,1.74
4160,3845,9.11
4160,1723,8.87
4160,7870,0.13
4161,8165,1.41
4161,5132,4.45
4161,7172,4.99
4162,1108,0.69
4162,7580,9.45
4162,7875,9.43
4163,3228,5.09
4163,7122,2.82
4163,9625,3.99
4164,3551,9.48
4164,3956,6.19
4164,6561,1.43
4165,5866,6.49
4165,4442,8.74
4165,724,1.18
4166,7701,8.56
4166,7893,5.98
4166,7129,5.17
4167,5754,1.46
4167,3281,0.79
4167,2344,3.14
4168,911,7.95
4168,7056,0.18
4168,6899,8.36
4169,1240,5.95
4169,9414,0.82
4169,223,7.77
4170,752,4.99
4170,1875,2.25
4170,5582,8.83
4171,8811,6.49
4171,8467,4.49
4171,9215,6.27
4172,9438,6.23
4172,2434,6.54
4172,7777,8.45
4173,4978,5.0
4173,1827,2.67
4173,9018,5.58
4174,8052,8.37
4174,9410,0.51
4174,3188,6.7
4175,8614,2.14
4175,9400,7.28
4175,4507,4.65
4176,7400,6.73
4176,4070,5.45
4176,3305,6.26
4177,8306,2.38
4177,8645,5.9
4177,4783,7.45
4178,2593,4.99
4178,810,5.89
4178,5657,0.61
4179,4344,7.77
4179,3572,6.59
4179,2147,2.26
4180,1971,3.26
4180,4648,5.22
4180,3489,7.52
4181,3256,5.96
4181,8529,4.91
4181,373,2.34
4182,3545,5.95
4182,529,8.45
4182,6665,1.17
4183,8681,1.82
4183,3966,4.05
4183,23,6.29
4184,2587,5.01
4184,6036,7.94
4184,3652,0.64
4185,3831,6.88
4185,5816,8.11
4185,6261,5.37
4186,6949,5.31
4186,3868,4.46
4186,6530,3.93
4187,7015,9.49
4187,7125,7.85
4187,6771,8.36
4188,5520,8.92
4188,6340,2.13
4188,711,9.85
4189,7649,5.87
4189,1909,8.2
4189,179,6.18
4190,6042,5.91
4190,5178,4.92
4190,9712,9.94
4191,8747,0.64
4191,3786,7.63
4191,210,8.82
4192,6612,2.73
4192,6027,0.47
4192,5785,4.87
4193,9510,9.71
4193,2953,5.32
4193,37,4.41
4194,3800,0.65
4194,8902,1.21
4194,7995,9.01
4195,256,0.26
4195,1315,3.63
4195,2947,9.41
4196,3592,9.85
4196,3420,5.95
4196,1698,7.31
4197,8446,7.16
4197,5883,8.63
4197,9713,7.31
4198,9259,0.81
4198,5173,8.6
4198,1336,7.42
4199,3781,8.2
4199,439,1.84
4199,4497,5.41
4200,7527,1.78
4200,6364,4.06
4200,1268,2.93
4201,26,0.87
4201,247,8.36
4201,9612,3.75
4202,3408,7.96
4202,9889,2.43
4202,8628,4.94
4203,5604,7.8
4203,7792,7.41
4203,8885,0.82
4204,4965,2.01
4204,8090,3.02
4204,5208,3.46
4205,9634,9.87
4205,2759,6.63
4205,2638,5.7
4206,1693,0.6
4206,3068,6.67
4206,5394,5.81
4207,2056,4.69
4207,618,7.14
4207,1483,0.46
4208,1198,7.34
4208,6684,6.93
4208,1739,1.33
4209,605,3.74
4209,9358,6.36
4209,9538,5.47
4210,8157,4.86
4210,4212,3.59
4210,9809,5.87
4211,3357,0.46
4211,6358,4.01
4211,6726,1.66
4212,4381,9.82
4212,2550,2.24
4212,1904,7.46
4213,2442,4.51
4213,319,2.47
4213,695,0.13
4214,4354,7.97
4214,493,1.7
4214,3471,7.6
4215,4552,6.8
4215,6086,5.81
4215,833,0.34
4216,5152,9.59
4216,1690,3.85
4216,8460,5.5
4217,417,9.17
4217,9104,4.81
4217,6441,9.45
4218,9267,4.58
4218,3842,9.47
4218,9357,3.82
4219,369,8.4
4219,4736,3.38
4219,2708,1.0
4220,1977,2.86
4220,1823,1.5
4220,409,3.85
4221,4925,4.35
4221,3545,4.56
4221,6966,5.14
4222,4654,5.07
4222,5886,4.58
4222,2630,9.14
4223,6142,1.51
4223,9041,8.34
4223,2833,3.08
4224,5926,3.38
4224,9035,1.79
4224,2100,1.74
4225,8096,2.73
4225,2420,8.47
4225,2388,0.51
4226,3713,7.79
4226,8412,5.0
4226,6483,9.36
4227,9613,7.65
4227,9479,1.74
4227,9475,7.65
4228,203,8.08
4228,4637,6.03
4228,7218,4.69
4229,8886,9.36
4229,5377,6.55
4229,1254,0.59
4230,923,2.71
4230,1097,8.93
4230,2572,8.05
4231,9128,4.45
4231,4808,9.34
4231,15,6.72
4232,9525,7.93
4232,4569,2.89
4232,4779,0.33
4233,8288,7.66
4233,5129,8.47
4233,1823,8.96
4234,5848,2.51
4234,781,0.52
4234,9320,8.31
4235,3107,6.55
4235,6815,7.84
4235,7018,9.47
4236,2738,4.63
4236,5425,5.51
4236,420,9.42
4237,9214,8.16
4237,4641,6.7
4237,270,8.72
4238,5360,5.82
4238,8976,4.45
4238,194,4.8
4239,6846,6.01
4239,1619,1.11
4239,877,8.99
4240,1959,0.2
4240,5056,4.47
4240,2938,0.53
4241,9937,4.56
4241,6346,6.69
4241,4687,0.39
4242,9090,1.61
4242,4216,9.03
4242,6010,7.53
4243,9259,8.27
4243,574,7.23
4243,7651,4.02
4244,7519,4.39
4244,8375,8.44
4244,6959,0.45
4245,3722,4.16
4245,1312,3.47
4245,4707,4.58
4246,9820,5.8
4246,8823,0.45
4246,6787,3.78
4247,1541,3.5
4247,1354,9.97
4247,1965,3.23
4248,3196,6.61
4248,7930,4.6
4248,5559,4.12
4249,836,4.43
4249,3574,9.99
4249,3474,0.94
4250,3134,2.22
4250,8509,7.96
4250,2845,1.09
4251,236,0.23
4251,184,6.11
4251,6653,5.56
4252,8641,5.12
4252,7593,6.59
4252,3937,7.32
4253,6167,3.74
4253,2551,3.85
4253,4223,9.97
4254,1275,6.16
4254,3844,1.26
4254,378,2.61
4255,5037,4.67
4255,6953,3.94
4255,2924,1.97
4256,2494,0.32
4256,5908,1.7
4256,792,4.23
4257,8146,2.17
4257,5672,1.0
4257,7168,7.72
4258,7401,8.71
4258,1300,2.11
4258,9439,9.8
4259,8962,1.32
4259,3217,7.42
4259,4281,5.74
4260,1578,1.63
4260,1806,2.77
4260,2348,7.06
4261,1055,5.41
4261,8912,6.58
4261,1258,9.13
4262,4647,9.27
4262,325,0.22
4262,7492,2.96
4263,1761,7.78
4263,9409,2.29
4263,1003,7.67
4264,2687,2.15
4264,1751,4.95
4264,302,5.87
4265,5068,2.55
4265,1623,4.18
4265,8847,3.67
4266,836,5.8
4266,2676,2.96
4266,3023,6.76
4267,4055,6.27
4267,6747,2.78
4267,7670,1.95
4268,7233,8.83
4268,4434,4.44
4268,4128,9.2
4269,6083,9.62
4269,5796,1.64
4269,3547,2.32
4270,292,4.85
4270,3574,0.74
4270,5525,9.41
4271,3123,2.6
4271,1128,1.85
4271,3702,9.29
4272,452,7.07
4272,8205,3.07
4272,1668,4.87
4273,7626,9.89
4273,9213,9.26
4273,6972,9.22
4274,9694,7.81
4274,5438,2.77
4274,4244,5.69
4275,738,5.08
4275,5259,9.64
4275,4135,0.7
4276,848,7.23
4276,2972,5.65
4276,2654,7.43
4277,1146,2.5
4277,8648,7.62
4277,3471,2.25
4278,2140,4.91
4278,222,9.9
4278,731,9.66
4279,3336,8.66
4279,2272,0.74
4279,9754,5.02
4280,4568,5.52
4280,8325,7.22
4280,461,0.23
4281,7204,9.06
4281,9185,7.26
4281,6142,4.48
4282,6517,1.31
4282,2999,5.16
4282,9259,4.28
4283,8270,3.39
4283,4322,6.69
4283,2560,6.83
4284,8552,1.44
4284,1457,5.37
4284,4781,0.31
4285,5459,2.09
4285,813,7.05
4285,2557,2.8
4286,8886,3.81
4286,8865,9.97
4286,211,5.11
4287,1766,4.55
4287,5764,1.03
4287,212,6.21
4288,6724,3.99
4288,351,9.43
4288,9447,0.32
4289,8361,7.39
4289,1418,0.44
4289,4400,6.08
4290,432,9.56
4290,8544,7.63
4290,5433,6.88
4291,6459,9.84
4291,6530,5.39
4291,7525,1.47
4292,9396,1.87
4292,4795,1.3
4292,6265,3.53
4293,1420,0.35
4293,6728,5.59
4293,2844,0.4
4294,1983,3.17
4294,2765,2.41
4294,2688,6.16
4295,4369,5.7
4295,4773,6.58
4295,9815,8.69
4296,7365,1.54
4296,4151,0.94
4296,1342,9.11
4297,1283,9.75
4297,4110,2.63
4297,7994,6.5
4298,5585,4.23
4298,2791,3.45
4298,1023,4.37
4299,3305,5.45
4299,8541,5.01
4299,2397,5.5
4300,4224,1.19
4300,6888,4.14
4300,8447,4.61
4301,5369,4.06
4301,8188,7.75
4301,5970,8.33
4302,1254,1.88
4302,6078,2.07
4302,9786,2.84
4303,8890,4.96
4303,7801,1.99
4303,2372,1.58
4304,5083,6.76
4304,7733,3.12
4304,8323,4.47
4305,7677,3.31
4305,7597,8.67
4305,1848,8.22
4306,3869,4.28
4306,4782,9.1
4306,2887,5.32
4307,2139,4.39
4307,3117,9.25
4307,232,2.66
4308,9035,0.53
4308,6784,5.99
4308,7986,2.1
4309,6777,8.37
4309,2870,3.69
4309,7907,1.99
4310,1829,7.43
4310,4635,1.84
4310,2185,5.37
4311,5701,1.37
4311,1421,3.75
4311,9688,7.49
4312,3622,0.33
4312,4552,2.31
4312,6823,3.96
4313,806,7.14
4313,1469,7.35
4313,998,8.61
4314,6223,4.49
4314,1127,6.91
4314,7229,9.11
4315,178,8.54
4315,6447,4.19
4315,9398,6.69
4316,3475,5.25
4316,1248,1.67
4316,7253,5.47
4317,9602,3.95
4317,5380,8.61
4317,878,5.96
4318,2383,9.17
4318,5331,6.8
4318,5246,4.29
4319,4392,8.54
4319,3770,6.12
4319,6943,5.02
4320,9890,0.52
4320,467,5.02
4320,1475,9.85
4321,1552,2.3
4321,8940,3.48
4321,4739,5.01
4322,985,7.56
4322,9301,4.65
4322,8914,9.87
4323,4421,3.71
4323,9901,4.7
4323,3357,1.11
4324,4949,9.44
4324,4057,7.08
4324,6398,0.57
4325,1641,9.77
4325,4613,6.4
4325,5136,2.99
4326,773,6.95
4326,6827,9.6
4326,7213,6.14
4327,2834,7.91
4327,7366,8.95
4327,4840,6.63
4328,1052,7.29
4328,3145,3.12
4328,1568,1.09
4329,4460,2.92
4329,1997,8.54
4329,7172,7.17
4330,2304,5.29
4330,6839,7.16
4330,2993,9.23
4331,7705,6.85
4331,2636,3.27
4331,2374,8.34
4332,7763,5.19
4332,4845,9.63
4332,1264,7.06
4333,108,0.27
4333,7851,2.38
4333,7189,2.48
4334,91,3.95
4334,2125,9.48
4334,170,9.38
4335,9791,4.01
4335,7918,6.22
4335,7850,3.42
4336,2263,1.1
4336,1814,6.54
4336,3691,9.82
4337,7884,5.6
4337,7416,8.17
4337,896,1.18
4338,6872,7.26
4338,695,8.02
4338,7809,7.98
4339,4294,5.34
4339,1819,8.19
4339,192,7.42
4340,9101,7.92
4340,5314,6.13
4340,333,7.88
4341,4402,3.75
4341,6136,8.15
4341,3826,2.63
4342,5609,2.69
4342,8010,5.49
4342,7115,7.16
4343,5037,7.16
4343,2999,4.06
4343,9166,0.7
4344,8882,5.67
4344,4737,3.08
4344,7292,5.13
4345,7487,9.76
4345,2664,1.32
4345,3367,7.65
4346,29,3.6
4346,5091,9.48
4346,3986,2.45
4347,4924,3.44
4347,878,3.18
4347,5159,3.77
4348,7667,1.09
4348,7184,6.38
4348,296,2.11
4349,8332,1.59
4349,1703,0.25
4349,2891,1.0
4350,7250,9.4
4350,836,8.61
4350,4409,0.28
4351,6352,3.89
4351,3022,9.22
4351,1184,1.37
4352,5036,6.65
4352,5793,6.6
4352,6921,2.12
4353,1772,3.13
4353,5476,1.83
4353,629,4.79
4354,6555,2.71
4354,8621,6.65
4354,7855,1.68
4355,5344,5.21
4355,5287,1.89
4355,5106,0.65
4356,5949,3.87
4356,5424,5.37
4356,8852,9.9
4357,5307,7.08
4357,5637,5.27
4357,8245,7.7
4358,3882,7.3
4358,2828,5.47
4358,7566,0.13
4359,2837,6.8
4359,8091,8.87
4359,434,8.09
4360,9491,1.93
4360,1797,4.99
4360,1933,6.89
4361,8314,2.98
4361,1877,3.6
4361,5089,7.7
4362,1304,1.56
4362,8422,6.84
4362,5090,7.4
4363,7880,4.53
4363,3729,9.91
4363,4676,2.88
4364,7347,8.47
4364,6224,6.03
4364,4877,9.18
4365,5039,1.85
4365,4393,7.48
4365,3353,3.48
4366,6997,6.6
4366,8799,7.47
4366,6897,7.92
4367,162,1.39
4367,8801,0.31
4367,8329,6.09
4368,4040,5.62
4368,9083,7.03
4368,6567,5.62
4369,9623,0.94
4369,2759,8.31
4369,7027,6.3
4370,6643,5.19
4370,9567,0.7
4370,5095,6.86
4371,8326,4.38
4371,2639,4.92
4371,5664,3.67
4372,3134,8.12
4372,7752,2.98
4372,1608,5.21
4373,1910,3.99
4373,6027,6.03
4373,7523,3.48
4374,1690,3.06
4374,5592,0.56
4374,4752,8.19
4375,6146,6.76
4375,1459,7.07
4375,1938,4.3
4376,9584,8.88
4376,7025,6.97
4376,6053,8.8
4377,9927,5.43
4377,8624,4.22
4377,4025,2.77
4378,1451,2.93
4378,2004,2.72
4378,6572,5.78
4379,64,3.58
4379,9434,4.7
4379,1795,0.34
4380,527,4.45
4380,1597,3.09
4380,6552,5.13
4381,6247,1.72
4381,6907,3.56
4381,2323,6.68
4382,3887,8.56
4382,3770,7.02
4382,5123,3.83
4383,2525,4.43
4383,8975,5.15
4383,7446,7.17
4384,4679,3.0
4384,4270,5.22
4384,2767,2.62
4385,2679,7.19
4385,3773,5.39
4385,6121,9.88
4386,3462,4.69
4386,9301,8.43
4386,2576,8.57
4387,207,7.41
4387,1164,4.61
4387,6167,6.34
4388,4148,3.91
4388,5073,9.28
4388,5474,0.36
4389,9561,5.01
4389,1510,5.32
4389,5335,2.55
4390,8847,1.75
4390,6670,2.63
4390,1498,4.5
4391,5974,3.36
4391,7077,1.9
4391,9954,3.27
4392,7601,4.74
4392,3660,4.12
4392,1884,2.06
4393,6165,8.75
4393,6330,5.76
4393,5725,8.22
4394,2230,2.06
4394,6368,7.05
4394,2852,9.92
4395,5881,7.28
4395,7255,8.85
4395,3880,3.03
4396,3744,0.99
4396,3633,6.55
4396,8133,4.25
4397,1671,6.77
4397,9367,3.53
4397,6325,7.17
4398,7899,7.89
4398,4340,8.25
4398,7370,5.58
4399,2392,4.22
4399,6154,8.67
4399,2269,6.23
4400,8725,9.99
4400,9600,2.62
4400,7514,2.82
4401,2023,2.61
4401,6724,2.07
4401,5039,5.54
4402,6508,8.58
4402,4534,4.01
4402,4022,8.62
4403,6258,0.2
4403,7385,2.75
4403,1976,4.31
4404,6859,9.45
4404,7953,7.76
4404,6841,2.78
4405,6825,2.34
4405,8799,2.57
4405,534,8.01
4406,3976,7.72
4406,6402,4.41
4406,525,4.35
4407,7530,6.81
4407,4887,1.56
4407,9861,7.67
4408,7970,8.12
4408,9296,3.96
4408,3245,5.53
4409,9716,7.29
4409,610,4.19
4409,7308,6.02
4410,9904,4.55
4410,5370,0.63
4410,594,8.42
4411,8324,1.0
4411,8307,9.26
4411,8329,6.67
4412,5774,9.48
4412,8277,2.75
4412,9408,7.45
4413,9655,5.01
4413,6950,9.2
4413,5341,2.59
4414,2931,9.88
4414,5797,7.92
4414,55,9.61
4415,6449,3.18
4415,1832,9.06
4415,4417,9.78
4416,9290,9.24
4416,7329,6.77
4416,2505,7.19
4417,933,6.54
4417,8000,6.23
4417,8754,2.38
4418,1025,7.04
4418,8307,9.69
4418,6205,2.41
4419,4943,4.4
4419,2193,1.29
4419,6962,6.79
4420,6152,3.15
4420,1780,7.53
4420,8555,4.55
4421,6332,1.25
4421,9092,7.44
4421,4218,6.85
4422,8882,8.42
4422,8469,9.97
4422,3566,5.45
4423,6569,8.81
4423,2741,9.0
4423,7386,8.13
4424,4966,3.36
4424,9644,5.33
4424,5189,2.75
4425,9540,0.33
4425,53,8.9
4425,7037,0.4
4426,2352,5.04
4426,8700,5.16
4426,9907,8.27
4427,4891,0.14
4427,8758,2.26
4427,190,4.11
4428,484,4.07
4428,4493,1.54
4428,2220,3.36
4429,8354,9.38
4429,9705,9.18
4429,6663,9.29
4430,5136,8.64
4430,1445,4.9
4430,6496,8.22
4431,7510,2.1
4431,1064,1.35
4431,9172,5.57
4432,7525,0.55
4432,7503,2.86
4432,3818,2.29
4433,1509,6.72
4433,5728,8.46
4433,3038,0.79
4434,7607,5.86
4434,6210,9.89
4434,3865,8.68
4435,849,5.83
4435,7823,8.54
4435,7878,4.06
4436,9318,6.34
4436,8059,4.76
4436,1374,4.98
4437,486,5.99
4437,7578,7.63
4437,8649,2.45
4438,2947,4.66
4438,9354,4.89
4438,2913,9.53
4439,369,5.34
4439,1925,4.04
4439,2740,7.76
4440,4008,5.76
4440,2407,6.95
4440,867,7.11
4441,2272,5.28
4441,9899,2.6
4441,5212,4.55
4442,6169,2.04
4442,5532,3.63
4442,2359,3.52
4443,2308,8.29
4443,7112,5.45
4443,1712,1.75
4444,6089,3.58
4444,3061,4.62
4444,8478,1.51
4445,8240,3.62
4445,748,0.27
4445,3557,6.51
4446,246,5.17
4446,4832,4.56
4446,3265,5.99
4447,8317,1.9
4447,6192,2.16
4447,422,5.77
4448,9025,9.01
4448,4484,8.69
4448,5920,0.79
4449,2611,2.08
4449,8432,4.56
4449,6677,3.23
4450,131,3.64
4450,9078,9.47
4450,1549,7.11
4451,5517,4.89
4451,3094,0.48
4451,9239,6.58
4452,6458,0.36
4452,7002,5.22
4452,4516,5.64
4453,354,0.37
4453,800,5.11
4453,8346,4.95
4454,6256,3.93
4454,2144,8.59
4454,1952,8.74
4455,7362,6.11
4455,977,2.37
4455,8593,5.25
4456,4989,1.97
4456,6311,8.16
4456,9639,9.14
4457,432,4.31
4457,4735,7.57
4457,3223,6.68
4458,3855,6.28
4458,4703,5.88
4458,1633,9.09
4459,2178,9.87
4459,5898,7.78
4459,6125,9.68
4460,6181,5.93
4460,6745,7.16
4460,3433,6.15
4461,1484,8.13
4461,6357,5.14
4461,3403,6.95
4462,1886,8.03
4462,2697,7.73
4462,2732,3.25
4463,6821,5.47
4463,6394,3.09
4463,5028,2.63
4464,8008,8.25
4464,8047,5.95
4464,3239,7.49
4465,9274,6.35
4465,251,7.93
4465,8487,0.49
4466,2577,7.1
4466,9131,2.81
4466,3954,6.68
4467,7712,9.68
4467,6496,7.27
4467,4704,1.56
4468,4339,8.73
4468,6305,1.89
4468,9881,4.79
4469,6168,2.92
4469,7082,1.56
4469,7464,8.34
4470,2921,0.2
4470,6766,0.42
4470,3324,0.51
4471,8992,7.25
4471,4155,6.42
4471,4790,1.85
4472,1141,5.64
4472,4683,6.94
4472,4067,0.17
4473,2640,7.51
4473,6855,9.35
4473,8329,2.98
4474,2335,4.75
4474,6779,1.14
4474,5023,6.78
4475,6168,0.23
4475,2996,1.38
4475,9806,6.92
4476,5785,5.86
4476,3937,2.43
4476,8837,4.03
4477,9271,9.19
4477,1677,7.75
4477,1257,2.36
4478,8764,3.52
4478,4576,5.05
4478,8582,2.63
4479,6658,3.89
4479,3667,2.46
4479,6046,0.81
4480,2677,8.66
4480,3123,3.44
4480,9561,4.62
4481,3831,9.04
4481,9446,6.92
4481,6763,1.23
4482,8234,6.2
4482,2432,8.5
4482,8970,1.86
4483,9555,0.94
4483,8765,6.59
4483,1648,6.89
4484,9128,7.62
4484,7950,3.52
4484,2272,0.81
4485,3579,6.99
4485,6872,5.93
4485,335,6.16
4486,1524,6.58
4486,9149,9.68
4486,8472,8.19
4487,307,0.45
4487,1599,6.87
4487,1098,5.27
4488,7162,5.78
4488,0,2.15
4488,4278,9.36
4489,9403,9.12
4489,1623,8.14
4489,2999,3.03
4490,8028,0.99
4490,9637,8.08
4490,7641,2.77
4491,5175,4.47
4491,4065,4.55
4491,7716,6.16
4492,8694,2.24
4492,7762,3.77
4492,3492,0.64
4493,2235,8.56
4493,9250,1.58
4493,1036,7.18
4494,5039,1.92
4494,2321,3.81
4494,2560,2.12
4495,5055,5.58
4495,1480,9.23
4495,2219,1.17
4496,6027,0.31
4496,5298,4.12
4496,4424,2.06
4497,2517,1.09
4497,1234,3.14
4497,5740,4.68
4498,6545,0.47
4498,7028,9.54
4498,3098,9.62
4499,872,6.29
4499,1574,8.87
4499,4817,8.13
4500,4484,7.02
4500,288,3.92
4500,6539,3.85
4501,2828,9.44
4501,571,8.59
4501,9988,7.19
4502,6652,9.64
4502,8372,3.53
4502,7295,9.02
4503,1228,0.37
4503,8000,6.58
4503,7275,3.91
4504,602,9.8
4504,549,1.55
4504,4407,8.66
4505,6202,2.3
4505,5607,2.45
4505,9595,7.84
4506,2352,2.59
4506,2288,8.09
4506,4993,0.12
4507,3524,1.27
4507,1548,7.12
4507,4198,2.72
4508,700,6.67
4508,3106,6.75
4508,7915,2.84
4509,6268,1.05
4509,9641,3.86
4509,7337,9.45
4510,1214,9.33
4510,3249,8.73
4510,6020,7.42
4511,7993,9.83
4511,3088,3.34
4511,9160,4.06
4512,5716,9.77
4512,666,8.56
4512,5761,1.01
4513,5464,4.43
4513,6540,7.36
4513,4631,6.93
4514,1524,9.55
4514,2253,9.88
4514,8678,0.98
4515,7447,4.27
4515,2707,9.08
4515,6965,6.29
4516,1918,2.7
4516,6815,4.83
4516,7354,4.52
4517,6986,9.35
4517,4483,0.27
4517,540,2.23
4518,8732,2.13
4518,2902,8.58
4518,1505,7.31
4519,3305,3.69
4519,1721,9.0
4519,7292,5.62
4520,9430,3.38
4520,9198,2.97
4520,7634,0.71
4521,9496,3.05
4521,4829,6.21
4521,2878,9.72
4522,8010,5.25
4522,1648,2.73
4522,3233,8.24
4523,6420,9.62
4523,3516,3.47
4523,8290,5.89
4524,2717,3.02
4524,4175,7.44
4524,9950,3.4
4525,6907,0.27
4525,2985,0.47
4525,1505,5.65
4526,8727,0.54
4526,8945,1.36
4526,8567,1.35
4527,1467,3.17
4527,5427,7.25
4527,964,1.66
4528,9762,2.45
4528,128,0.52
4528,7987,0.75
4529,2487,4.2
4529,373,7.59
4529,5709,6.83
4530,1169,1.76
4530,6995,1.82
4530,3883,0.36
4531,896,3.97
4531,3322,7.73
4531,7157,0.87
4532,6642,5.84
4532,2443,7.0
4532,6046,0.12
4533,2593,5.8
4533,3986,5.12
4533,9060,0.95
4534,3989,4.65
4534,7005,5.9
4534,9423,1.39
4535,902,1.64
4535,5520,3.68
4535,910,3.46
4536,3466,4.7
4536,7544,0.77
4536,6223,3.91
4537,7489,3.78
4537,7998,2.25
4537,9751,0.7
4538,9509,5.53
4538,2919,5.01
4538,3712,8.09
4539,3936,9.08
4539,2021,9.49
4539,924,8.37
4540,8198,4.17
4540,4820,6.32
4540,2300,7.96
4541,7015,2.0
4541,3227,8.47
4541,6031,2.77
4542,1968,7.09
4542,9717,7.7
4542,9747,0.95
4543,8135,3.29
4543,9331,4.01
4543,4193,8.55
4544,3142,4.52
4544,9135,9.68
4544,8111,5.75
4545,8110,2.93
4545,3552,8.22
4545,9532,4.52
4546,6330,1.84
4546,5572,4.23
4546,9981,6.29
4547,7695,4.2
4547,4104,0.47
4547,6683,7.37
4548,2826,2.66
4548,5866,2.57
4548,8798,9.05
4549,1998,0.34
4549,6524,7.47
4549,6761,1.37
4550,9058,8.21
4550,616,8.89
4550,9770,7.64
4551,8088,5.02
4551,5562,2.95
4551,1170,2.77
4552,8768,6.94
4552,347,2.01
4552,414,7.77
4553,9923,1.44
4553,1726,1.5
4553,9021,3.87
4554,9876,9.21
4554,9299,2.41
4554,3869,4.11
4555,8276,6.75
4555,6866,9.15
4555,1772,9.99
4556,6930,5.0
4556,2778,3.7
4556,7739,9.94
4557,6775,8.67
4557,2312,5.76
4557,6437,6.56
4558,2578,6.31
4558,8083,7.34
4558,2451,4.84
4559,130,0.63
4559,9175,3.73
4559,4418,8.79
4560,2346,9.28
4560,3322,8.74
4560,8126,9.17
4561,36,3.81
4561,2176,8.41
4561,8993,2.02
4562,9853,4.61
4562,9104,8.58
4562,5043,3.09
4563,2349,5.15
4563,5333,5.41
4563,5710,0.96
4564,6645,6.91
4564,2828,8.82
4564,6559,2.84
4565,963,6.19
4565,3413,1.53
4565,4859,0.81
4566,9716,4.48
4566,5747,6.27
4566,4293,8.01
4567,352,1.12
4567,6016,1.75
4567,5885,3.73
4568,306,9.74
4568,628,1.62
4568,2316,6.36
4569,1040,9.83
4569,7933,0.21
4569,5248,9.95
4570,4207,6.27
4570,2342,5.92
4570,6654,3.72
4571,7966,2.22
4571,2776,5.69
4571,4548,5.87
4572,8868,2.42
4572,5605,6.13
4572,1715,3.99
4573,6275,4.8
4573,9136,8.89
4573,9530,0.87
4574,6633,4.1
4574,7893,2.58
4574,9373,7.4
4575,7642,3.43
4575,8846,5.78
4575,4099,0.72
4576,5269,6.52
4576,6179,8.08
4576,5778,5.18
4577,4620,0.53
4577,3680,2.0
4577,9717,3.95
4578,9873,5.87
4578,6386,6.17
4578,3746,6.94
4579,8407,2.35
4579,6603,1.41
4579,2938,0.9
4580,4469,5.65
4580,781,0.69
4580,3847,3.63
4581,8963,0.94
4581,8692,2.42
4581,350,5.01
4582,3542,8.07
4582,5631,7.32
4582,7682,7.92
4583,8962,6.97
4583,2590,2.66
4583,1901,7.41
4584,9798,3.6
4584,3168,9.32
4584,4664,0.49
4585,8245,4.03
4585,3121,4.07
4585,844,5.86
4586,3523,9.48
4586,604,2.42
4586,5088,3.69
4587,9028,8.59
4587,364,9.71
4587,3212,8.78
4588,2707,1.02
4588,1476,6.39
4588,8564,8.04
4589,3977,7.52
4589,3188,9.58
4589,3673,5.06
4590,7157,2.89
4590,7935,0.5
4590,9010,8.31
4591,85,6.17
4591,1163,0.52
4591,7948,1.81
4592,9666,9.76
4592,6333,5.34
4592,7048,1.31
4593,1878,6.77
4593,526,2.97
4593,3076,0.71
4594,43,7.28
4594,1724,7.6
4594,3388,8.95
4595,3931,5.32
4595,6465,5.65
4595,5700,0.28
4596,1848,1.03
4596,7670,9.55
4596,821,7.83
4597,5314,0.58
4597,1634,9.28
4597,6367,1.79
4598,5031,4.29
4598,9104,5.93
4598,2314,7.86
4599,8222,3.44
4599,5491,1.51
4599,4113,7.83
4600,4784,0.3
4600,3623,3.13
4600,9651,8.4
4601,815,4.43
4601,2164,2.63
4601,5429,5.74
4602,5121,9.8
4602,3844,2.36
4602,7536,7.63
4603,3992,1.97
4603,3193,8.73
4603,1224,9.45
4604,5494,8.32
4604,1269,0.93
4604,4589,5.83
4605,3634,1.09
4605,8690,8.19
4605,8977,7.07
4606,3410,6.75
4606,6815,6.59
4606,2886,9.92
4607,1424,7.15
4607,9596,8.0
4607,8011,9.15
4608,6151,7.7
4608,7920,9.47
4608,720,7.2
4609,5403,4.22
4609,1200,3.27
4609,3940,6.49
4610,4247,2.46
4610,4266,3.55
4610,5550,9.73
4611,542,7.53
4611,8544,3.27
4611,49,8.3
4612,2186,9.7
4612,6672,3.53
4612,5996,1.02
4613,5421,0.56
4613,4064,3.96
4613,5034,7.78
4614,1542,8.54
4614,8848,8.36
4614,5852,8.75
4615,521,1.42
4615,6376,4.4
4615,1370,1.66
4616,4870,5.89
4616,9551,5.27
4616,2785,0.58
4617,2588,2.74
4617,3521,7.26
4617,9169,9.63
4618,9959,3.07
4618,6140,6.24
4618,285,9.31
4619,2324,9.41
4619,7808,3.79
4619,3238,4.55
4620,590,8.79
4620,3742,7.56
4620,5747,2.9
4621,7243,6.2
4621,1444,3.99
4621,5557,8.84
4622,9962,4.71
4622,8563,7.48
4622,3804,9.81
4623,5869,4.04
4623,3671,0.53
4623,368,6.97
4624,7075,6.42
4624,3681,7.94
4624,2403,3.67
4625,2196,9.06
4625,7435,4.36
4625,1010,7.57
4626,4218,0.15
4626,9557,2.17
4626,3928,3.14
4627,103,2.52
4627,5754,0.98
4627,2981,5.53
4628,6424,1.82
4628,3397,4.95
4628,8291,4.86
4629,5845,7.27
4629,3031,5.62
4629,7556,7.15
4630,5683,7.19
4630,8553,2.34
4630,1462,7.89
4631,129,1.87
4631,650,7.22
4631,9006,3.4
4632,8581,2.0
4632,7439,8.81
4632,4220,1.03
4633,2160,2.48
4633,9874,5.5
4633,7150,5.68
4634,3425,2.77
4634,7559,1.25
4634,5579,3.95
4635,7784,3.74
4635,8308,1.75
4635,8044,5.04
4636,3888,6.75
4636,6134,8.57
4636,6055,2.16
4637,3723,4.8
4637,1381,9.2
4637,601,9.18
4638,7978,0.28
4638,1592,9.29
4638,4827,4.18
4639,4936,3.18
4639,9903,1.6
4639,5362,9.6
4640,291,4.88
4640,3590,1.87
4640,6415,4.81
4641,2788,1.26
4641,3809,2.21
4641,9293,4.04
4642,879,4.78
4642,6918,6.38
4642,4363,4.04
4643,3243,3.0
4643,3521,9.72
4643,9871,1.22
4644,1663,3.09
4644,3533,3.16
4644,6096,8.08
4645,5323,0.85
4645,5766,1.89
4645,2033,1.07
4646,5061,2.13
4646,8163,5.29
4646,7918,2.53
4647,1208,9.11
4647,4850,2.95
4647,4025,7.57
4648,3136,0.55
4648,3158,8.43
4648,3662,3.69
4649,4853,3.79
4649,9591,2.2
4649,4405,5.33
4650,7109,6.5
4650,1839,3.13
4650,3359,4.93
4651,9041,8.77
4651,2786,6.98
4651,4388,2.39
4652,8855,2.64
4652,8613,0.67
4652,2671,8.26
4653,8718,0.85
4653,8481,4.71
4653,4208,2.68
4654,8670,2.67
4654,7345,7.05
4654,9056,0.11
4655,8876,7.16
4655,1380,0.18
4655,5884,0.39
4656,986,9.13
4656,765,1.28
4656,3961,7.67
4657,8043,5.95
4657,3451,2.9
4657,5143,7.29
4658,7893,9.54
4658,3523,4.92
4658,7589,7.57
4659,8048,0.4
4659,9582,0.38
4659,9409,1.18
4660,5350,0.8
4660,8136,9.72
4660,3389,4.72
4661,1179,4.17
4661,3812,9.61
4661,1535,6.81
4662,7787,3.57
4662,2670,3.01
4662,2177,0.29
4663,6984,6.46
4663,6423,4.28
4663,8048,1.34
4664,3569,6.92
4664,9729,0.63
4664,7876,8.9
4665,9218,9.37
4665,2335,3.66
4665,3240,3.76
4666,8755,1.73
4666,3618,3.72
4666,6497,8.84
4667,2199,1.25
4667,8145,0.18
4667,6151,4.42
4668,3530,2.21
4668,7920,1.67
4668,2521,8.7
4669,348,7.2
4669,9351,3.79
4669,5712,3.28
4670,6763,3.02
4670,8930,1.64
4670,851,9.05
4671,2629,3.08
4671,456,7.81
4671,7486,1.44
4672,6883,9.05
4672,393,4.29
4672,9509,7.02
4673,6495,5.84
4673,6437,0.87
4673,1762,1.87
4674,4447,0.83
4674,1905,0.63
4674,5982,0.36
4675,4447,0.88
4675,3554,9.28
4675,3384,4.97
4676,5629,9.01
4676,790,1.31
4676,8592,4.47
4677,4190,5.37
4677,7524,1.97
4677,3643,8.35
4678,6890,9.05
4678,7619,7.05
4678,2561,3.91
4679,7570,3.55
4679,7912,4.12
4679,7576,2.61
4680,7584,4.31
4680,5259,2.21
4680,9084,4.81
4681,1075,5.35
4681,7676,2.02
4681,7429,6.68
4682,6887,8.8
4682,8730,9.82
4682,5866,1.59
4683,5190,5.8
4683,9013,8.35
4683,5578,7.07
4684,6860,3.11
4684,8648,2.57
4684,568,2.19
4685,9826,2.21
4685,931,1.52
4685,4013,8.52
4686,144,6.11
4686,1748,5.82
4686,3790,9.45
4687,4973,9.16
4687,6286,8.75
4687,9159,3.45
4688,9348,9.08
4688,2174,0.74
4688,8276,3.47
4689,2800,2.04
4689,3084,9.15
4689,17,2.63
4690,7595,3.3
4690,7194,6.77
4690,5549,2.46
4691,4305,3.15
4691,555,0.93
4691,4461,3.84
4692,2466,3.01
4692,9513,8.26
4692,7910,5.4
4693,1938,2.18
4693,4632,5.24
4693,5646,4.61
4694,3596,4.67
4694,6356,3.81
4694,6661,5.37
4695,3286,7.82
4695,7701,3.54
4695,876,3.16
4696,1378,4.37
4696,8154,9.7
4696,5385,5.08
4697,9569,2.46
4697,3179,2.97
4697,633,2.38
4698,7159,3.72
4698,8551,7.87
4698,1835,8.4
4699,5111,7.77
4699,1202,8.96
4699,8936,4.21
4700,7765,9.15
4700,3950,3.22
4700,2866,7.28
4701,3018,7.02
4701,3946,2.93
4701,366,7.61
4702,9261,9.21
4702,4006,2.33
4702,2368,7.33
4703,4148,0.25
4703,2688,2.48
4703,2787,1.01
4704,6871,9.18
4704,9446,4.32
4704,8223,3.66
4705,7046,5.63
4705,1188,5.18
4705,5917,9.37
4706,1934,8.53
4706,4630,4.53
4706,1305,5.78
4707,2345,3.76
4707,263,5.85
4707,7146,3.16
4708,8443,1.42
4708,9289,7.61
4708,3779,2.88
4709,7798,4.89
4709,8183,0.51
4709,9347,2.93
4710,3339,2.08
4710,3961,3.08
4710,2775,6.76
4711,3089,2.18
4711,4601,7.68
4711,5668,7.81
4712,8875,5.16
4712,5875,1.9
4712,3757,6.08
4713,6702,8.85
4713,8953,4.38
4713,739,9.73
4714,4762,0.95
4714,7041,7.09
4714,3239,2.87
4715,6281,6.79
4715,1527,7.25
4715,5379,4.48
4716,6477,8.92
4716,9831,8.81
4716,5703,2.51
4717,8935,0.74
4717,4957,1.62
4717,492,3.96
4718,9543,2.45
4718,7106,9.77
4718,8298,7.25
4719,5107,1.61
4719,9266,5.57
4719,4305,6.07
4720,4020,8.16
4720,9011,8.7
4720,8808,2.76
4721,8337,9.62
4721,9045,5.86
4721,9767,3.6
4722,2234,2.7
4722,2789,7.95
4722,9160,1.88
4723,2803,2.57
4723,6984,2.0
4723,9018,8.86
4724,1195,7.4
4724,1518,9.88
4724,2078,3.19
4725,5715,1.51
4725,6911,2.74
4725,2027,3.46
4726,3820,2.99
4726,8020,1.63
4726,9862,4.14
4727,224,0.59
4727,7985,7.49
4727,8308,7.4
4728,5301,2.41
4728,3007,9.26
4728,8508,2.2
4729,6674,6.81
4729,1163,0.18
4729,7634,7.15
4730,6683,3.46
4730,8887,9.83
4730,328,1.51
4731,8534,7.2
4731,470,2.5
4731,5585,2.31
4732,2458,2.29
4732,9005,8.13
4732,2662,7.31
4733,8237,5.59
4733,2448,0.29
4733,9678,0.38
4734,3331,6.25
4734,6643,8.73
4734,70,5.59
4735,8701,3.54
4735,1177,1.0
4735,8959,6.61
4736,9474,8.44
4736,5284,7.56
4736,3695,0.82
4737,4581,4.21
4737,6968,7.92
4737,2892,6.14
4738,9127,9.32
4738,3716,2.23
4738,3067,2.21
4739,8375,5.43
4739,9051,3.31
4739,9316,9.58
4740,3355,3.64
4740,9622,8.32
4740,9801,5.03
4741,332,5.09
4741,9115,8.73
4741,7978,4.96
4742,1386,5.7
4742,2994,9.91
4742,6575,8.86
4743,4195,3.61
4743,5156,6.66
4743,3008,1.19
4744,5005,2.21
4744,9518,7.91
4744,8835,6.6
4745,8,8.39
4745,3546,9.39
4745,2331,1.86
4746,7903,4.91
4746,6579,9.62
4746,8321,7.02
4747,5559,7.12
4747,9304,3.22
4747,1755,8.02
4748,2290,9.5
4748,6499,1.08
4748,7354,4.74
4749,9994,1.42
4749,8338,6.22
4749,5158,7.85
4750,8392,1.88
4750,8904,0.51
4750,6134,1.8
4751,704,5.63
4751,2023,7.71
4751,1206,9.44
4752,5776,0.39
4752,8037,4.38
4752,2149,8.12
4753,4383,8.97
4753,2949,6.23
4753,1510,3.16
4754,8642,3.17
4754,6764,9.46
4754,4125,0.61
4755,6033,7.33
4755,9561,5.99
4755,725,7.1
4756,5372,7.27
4756,8234,5.32
4756,9232,5.07
4757,3055,7.74
4757,5810,7.68
4757,7384,2.66
4758,2266,2.96
4758,7712,8.07
4758,6913,6.16
4759,1401,7.87
4759,9911,5.81
4759,662,6.9
4760,6723,6.17
4760,9504,1.4
4760,2046,0.29
4761,5431,2.02
4761,6480,7.46
4761,8971,8.28
4762,341,6.93
4762,7296,4.73
4762,8672,9.65
4763,8331,6.7
4763,2506,5.08
4763,5950,4.31
4764,7367,4.35
4764,964,9.78
4764,2757,7.72
4765,6306,4.54
4765,5556,0.26
4765,5706,4.12
4766,4659,2.18
4766,3922,1.1
4766,7944,9.52
4767,4689,2.87
4767,2422,1.78
4767,833,0.89
4768,3378,5.27
4768,3320,6.73
4768,432,4.56
4769,9745,7.8
4769,3023,8.51
4769,8315,5.54
4770,4225,3.55
4770,8254,8.23
4770,843,9.93
4771,8735,4.61
4771,6354,1.96
4771,7099,8.19
4772,1053,2.44
4772,9787,9.53
4772,9167,0.72
4773,4621,8.05
4773,9943,1.66
4773,2264,6.7
4774,5592,5.2
4774,2712,2.34
4774,7599,2.86
4775,4716,6.75
4775,457,3.21
4775,9295,3.42
4776,9731,7.3
4776,38,6.83
4776,3361,1.24
4777,1139,4.49
4777,7061,2.73
4777,4987,2.89
4778,3327,4.79
4778,8962,3.19
4778,9537,1.82
4779,1128,5.8
4779,8822,9.95
4779,6682,0.47
4780,9999,8.32
4780,5443,2.77
4780,7924,7.53
4781,9618,6.8
4781,9543,5.93
4781,6473,1.44
4782,3386,6.9
4782,1470,8.93
4782,2181,3.67
4783,4922,3.66
4783,1191,1.11
4783,1236,3.58
4784,2148,3.63
4784,894,9.2
4784,4301,8.19
4785,8943,2.98
4785,4717,6.74
4785,1037,8.16
4786,6965,0.35
4786,819,5.46
4786,1427,6.93
4787,9164,3.84
4787,3520,8.39
4787,9133,6.4
4788,7829,2.39
4788,9329,7.35
4788,6618,6.7
4789,3230,5.79
4789,3615,6.71
4789,1375,3.75
4790,7965,5.82
4790,2461,5.69
4790,6854,7.02
4791,6054,0.51
4791,3616,4.39
4791,1375,8.16
4792,9457,2.66
4792,8876,2.39
4792,4535,7.51
4793,3962,3.93
4793,862,4.79
4793,2980,9.33
4794,5347,3.69
4794,8348,0.99
4794,5487,4.49
4795,4910,1.86
4795,4322,2.6
4795,5948,8.63
4796,4381,0.88
4796,9081,9.72
4796,505,0.84
4797,5545,7.81
4797,1662,3.72
4797,4772,4.49
4798,6979,6.69
4798,1726,9.02
4798,8277,8.35
4799,8920,6.96
4799,7250,3.05
4799,4978,1.91
4800,1221,4.14
4800,5830,1.8
4800,8756,4.72
4801,2865,5.83
4801,7052,9.57
4801,5651,2.55
4802,6049,1.95
4802,5973,6.39
4802,2238,6.37
4803,680,5.42
4803,734,5.31
4803,4529,9.85
4804,5787,8.75
4804,3406,4.03
4804,8858,7.9
4805,6944,5.19
4805,9533,5.71
4805,8927,4.2
4806,39,2.88
4806,5657,9.58
4806,7511,2.74
4807,4231,4.33
4807,1153,8.99
4807,8864,7.55
4808,6674,4.36
4808,4875,8.35
4808,7614,8.69
4809,9369,3.71
4809,8578,2.66
4809,7017,7.09
4810,3216,2.08
4810,9902,8.91
4810,2709,8.36
4811,5364,7.2
4811,4281,2.19
4811,288,5.75
4812,8023,4.35
4812,9110,7.46
4812,103,9.11
4813,9227,6.45
4813,9782,9.34
4813,6842,9.84
4814,9191,0.71
4814,3959,8.78
4814,3906,6.35
4815,628,2.59
4815,2375,7.7
4815,3419,2.27
4816,3888,9.04
4816,3726,8.07
4816,1929,0.24
4817,713,7.97
4817,4819,7.1
4817,7829,0.77
4818,8020,7.52
4818,4228,3.32
4818,655,4.05
4819,4801,9.16
4819,452,6.15
4819,8294,8.81
4820,925,8.62
4820,1331,4.86
4820,950,0.34
4821,1044,5.8
4821,5667,1.14
4821,4148,0.77
4822,5908,8.04
4822,1399,9.98
4822,2913,4.93
4823,6519,1.86
4823,4405,4.49
4823,7244,8.91
4824,3952,5.39
4824,9920,9.21
4824,7060,2.03
4825,6716,8.56
4825,3932,9.87
4825,8553,1.03
4826,6844,4.26
4826,350,6.32
4826,8844,8.09
4827,6060,1.91
4827,452,0.39
4827,9664,1.62
4828,1243,8.48
4828,1366,5.98
4828,2095,9.08
4829,4306,3.07
4829,8811,0.67
4829,9479,4.22
4830,1671,7.41
4830,3279,1.97
4830,5185,4.51
4831,3805,3.73
4831,9253,9.47
4831,9991,1.98
4832,8890,2.99
4832,9812,1.77
4832,1249,5.24
4833,5662,7.97
4833,6762,3.1
4833,2221,6.5
4834,4260,0.59
4834,6743,7.01
4834,4764,7.34
4835,3721,5.9
4835,6813,2.53
4835,9173,0.77
4836,1547,8.5
4836,3575,4.82
4836,4680,9.01
4837,8519,2.02
4837,2515,1.06
4837,5616,9.74
4838,5804,7.35
4838,4509,4.69
4838,3594,0.72
4839,5892,5.96
4839,6361,6.47
4839,2443,5.46
4840,7961,8.94
4840,4974,4.1
4840,3090,9.99
4841,5156,7.24
4841,5088,4.62
4841,5357,5.91
4842,8223,3.44
4842,1971,8.33
4842,427,3.87
4843,7557,0.13
4843,9171,6.67
4843,257,1.99
4844,1921,0.58
4844,3195,6.54
4844,9087,3.77
4845,676,1.09
4845,3840,4.41
4845,9243,4.54
4846,4021,9.48
4846,7860,1.67
4846,3385,2.25
4847,9351,1.09
4847,8091,8.72
4847,4604,8.56
4848,3810,5.16
4848,5284,9.58
4848,7141,3.44
4849,8365,1.15
4849,3130,9.97
4849,7076,6.43
4850,4400,3.96
4850,1633,4.58
4850,3541,2.81
4851,4253,3.53
4851,7295,9.79
4851,7288,6.74
4852,8486,5.73
4852,5166,0.39
4852,5325,1.15
4853,6585,0.9
4853,921,9.41
4853,7720,2.02
4854,1846,0.46
4854,6899,6.05
4854,1515,0.93
4855,2063,0.75
4855,9653,5.77
4855,2488,0.15
4856,3244,0.65
4856,5428,4.86
4856,6692,9.83
4857,3961,3.28
4857,4174,6.9
4857,6778,4.56
4858,2110,4.76
4858,3603,6.17
4858,2920,2.44
4859,3726,4.8
4859,6901,4.75
4859,8890,0.89
4860,39,7.91
4860,391,4.55
4860,6650,4.11
4861,5378,4.04
4861,3244,1.47
4861,309,6.96
4862,8598,0.43
4862,5242,3.32
4862,9170,1.31
4863,7642,3.98
4863,6072,6.69
4863,332,0.55
4864,6083,4.61
4864,8059,3.99
4864,2478,4.88
4865,850,0.13
4865,9111,9.48
4865,3276,2.99
4866,6819,4.42
4866,4432,4.28
4866,2609,7.3
4867,3429,6.71
4867,3711,3.99
4867,6284,0.86
4868,3554,6.06
4868,7242,0.19
4868,8966,3.02
4869,2930,5.66
4869,3436,6.04
4869,1496,8.14
4870,8464,4.73
4870,6778,3.26
4870,8041,7.1
4871,9136,5.13
4871,5211,1.99
4871,2396,6.25
4872,2692,4.39
4872,5158,5.97
4872,434,4.59
4873,5132,9.12
4873,1694,1.96
4873,1870,8.27
4874,5467,1.2
4874,6299,7.38
4874,6161,5.45
4875,1167,4.2
4875,2938,1.98
4875,4936,2.65
4876,1324,3.81
4876,334,1.39
4876,6067,6.23
4877,8518,4.28
4877,8770,9.11
4877,4410,9.59
4878,5182,4.38
4878,1377,6.03
4878,3120,7.32
4879,4899,0.61
4879,7342,7.38
4879,6894,3.71
4880,3270,8.03
4880,6228,9.16
4880,8374,4.03
4881,3158,9.49
4881,2499,8.6
4881,3385,2.6
4882,3811,6.16
4882,6135,0.97
4882,6928,6.43
4883,9741,0.55
4883,4409,9.71
4883,829,8.35
4884,6829,1.7
4884,2365,1.02
4884,3558,0.75
4885,3485,3.35
4885,9787,3.65
4885,3834,3.96
4886,8340,4.18
4886,7881,0.7
4886,6491,6.42
4887,9183,2.67
4887,1478,7.84
4887,1198,5.71
4888,1816,1.23
4888,8811,6.41
4888,7376,4.3
4889,5575,1.87
4889,9224,4.33
4889,6093,3.93
4890,1593,2.98
4890,9398,2.12
4890,715,3.0
4891,7755,9.92
4891,2465,8.15
4891,1903,2.01
4892,1621,8.41
4892,7267,4.38
4892,8933,8.86
4893,2936,2.19
4893,4134,1.36
4893,9813,3.97
4894,4465,1.09
4894,8691,6.1
4894,2396,5.16
4895,5178,1.44
4895,8505,3.72
4895,7977,5.03
4896,2729,7.76
4896,1239,5.38
4896,1158,6.33
4897,109,4.61
4897,3624,0.67
4897,4083,2.79
4898,144,2.42
4898,331,2.06
4898,6874,6.31
4899,9647,6.82
4899,1075,7.02
4899,6280,6.6
4900,324,9.08
4900,4486,6.83
4900,2425,5.12
4901,1163,5.57
4901,4098,3.11
4901,1579,2.86
4902,2434,2.77
4902,3042,5.64
4902,3083,5.24
4903,4755,7.42
4903,1549,5.3
4903,4943,0.91
4904,2917,9.34
4904,4585,3.6
4904,6193,2.66
4905,5246,5.73
4905,3825,8.25
4905,528,4.42
4906,2887,7.42
4906,544,2.38
4906,6579,1.45
4907,100,9.48
4907,7283,5.54
4907,1019,8.88
4908,6381,5.49
4908,3642,1.54
4908,1393,8.38
4909,2273,9.89
4909,1427,2.34
4909,1246,8.94
4910,8511,8.94
4910,4708,5.06
4910,1038,1.0
4911,6403,0.47
4911,1654,8.83
4911,2456,8.3
4912,1641,3.89
4912,9185,8.01
4912,1320,2.04
4913,7481,8.24
4913,5271,9.37
4913,2931,6.34
4914,7016,7.81
4914,440,4.68
4914,4478,6.58
4915,159,8.3
4915,949,8.23
4915,209,7.4
4916,8516,6.6
4916,8914,5.83
4916,4892,7.88
4917,7999,4.28
4917,7307,1.07
4917,4927,1.51
4918,6526,4.1
4918,9026,0.45
4918,2928,5.94
4919,5978,7.69
4919,7408,7.29
4919,8432,6.99
4920,5154,5.85
4920,9482,2.84
4920,5447,0.94
4921,1232,2.81
4921,4085,4.84
4921,4500,8.28
4922,6488,7.2
4922,6645,0.19
4922,2360,4.77
4923,3628,7.81
4923,9530,8.43
4923,2772,3.64
4924,9656,5.45
4924,995,7.86
4924,6182,1.07
4925,8335,4.2
4925,2770,9.12
4925,1194,1.45
4926,3554,0.44
4926,9827,1.91
4926,1710,1.68
4927,4036,5.04
4927,7819,0.31
4927,5871,4.47
4928,4372,3.45
4928,2382,3.84
4928,7466,1.13
4929,440,4.46
4929,2568,2.67
4929,3384,0.66
4930,7027,5.33
4930,6583,3.65
4930,503,9.71
4931,2074,5.37
4931,436,2.79
4931,9550,9.04
4932,4320,2.17
4932,255,0.47
4932,8892,3.62
4933,3224,6.72
4933,2901,1.34
4933,1705,0.3
4934,1196,5.76
4934,9304,6.53
4934,6594,8.65
4935,2714,7.36
4935,9091,9.01
4935,8756,0.13
4936,4527,3.5
4936,513,5.8
4936,4225,9.84
4937,3093,7.46
4937,3974,9.06
4937,184,7.49
4938,8971,2.64
4938,6465,0.21
4938,6372,5.64
4939,963,5.19
4939,8372,8.35
4939,3791,6.24
4940,9490,8.37
4940,364,0.71
4940,6025,8.55
4941,2547,6.25
4941,1565,9.62
4941,711,6.86
4942,8916,8.67
4942,396,4.8
4942,188,2.07
4943,889,9.95
4943,4893,5.37
4943,6879,3.35
4944,7181,3.67
4944,5110,4.66
4944,9298,5.88
4945,604,3.32
4945,4370,2.66
4945,9984,8.35
4946,5494,8.81
4946,2201,5.51
4946,2947,2.82
4947,7071,9.53
4947,2492,4.02
4947,151,3.04
4948,3808,4.73
4948,6288,2.47
4948,364,2.81
4949,4631,6.19
4949,1552,3.94
4949,2408,5.81
4950,3628,4.64
4950,2841,2.56
4950,911,5.69
4951,548,9.92
4951,2494,9.38
4951,3659,9.52
4952,3248,3.69
4952,8160,3.15
4952,677,8.74
4953,995,7.54
4953,6812,2.94
4953,3841,3.8
4954,2273,3.32
4954,3012,2.08
4954,4913,0.84
4955,4113,4.84
4955,534,6.35
4955,3231,0.48
4956,8648,2.32
4956,1604,0.56
4956,9220,2.6
4957,9689,6.48
4957,5838,2.24
4957,9337,6.13
4958,1233,7.0
4958,1324,5.45
4958,5016,1.66
4959,2410,9.64
4959,7972,2.08
4959,1845,8.42
4960,9054,3.99
4960,6671,8.33
4960,3089,1.02
4961,5659,6.83
4961,4414,9.22
4961,5623,0.73
4962,3974,8.17
4962,4560,3.63
4962,9343,4.22
4963,293,8.01
4963,170,1.67
4963,6491,4.54
4964,621,2.0
4964,1580,3.03
4964,8111,4.46
4965,4634,5.58
4965,2278,6.34
4965,8468,9.47
4966,1863,5.22
4966,2536,9.5
4966,6626,2.17
4967,6452,8.02
4967,3409,5.64
4967,9550,7.59
4968,7836,6.93
4968,306,9.22
4968,8692,4.56
4969,5952,2.46
4969,100,9.76
4969,2588,3.28
4970,9930,0.34
4970,3691,9.09
4970,9917,3.38
4971,5656,0.34
4971,9887,9.0
4971,8224,1.89
4972,6128,6.08
4972,4439,1.89
4972,7492,9.04
4973,4975,4.6
4973,8500,4.31
4973,2486,7.49
4974,7096,3.83
4974,9663,4.09
4974,9077,9.39
4975,2553,9.58
4975,8414,6.17
4975,5275,4.81
4976,7017,9.21
4976,7041,6.59
4976,6548,2.96
4977,1490,5.41
4977,9671,0.81
4977,7085,6.92
4978,1753,7.3
4978,4674,4.4
4978,5238,6.41
4979,2731,7.73
4979,2344,2.11
4979,9311,3.71
4980,6284,8.8
4980,4734,6.68
4980,7595,6.33
4981,9855,4.66
4981,966,3.83
4981,1550,9.78
4982,1796,8.09
4982,9021,8.45
4982,5136,2.12
4983,9192,6.04
4983,3478,2.33
4983,2199,3.15
4984,298,10.0
4984,5885,3.02
4984,3861,8.48
4985,4749,5.92
4985,5588,2.57
4985,6364,5.83
4986,4843,2.99
4986,1675,3.9
4986,2648,9.32
4987,759,1.61
4987,9920,2.0
4987,2967,0.95
4988,3070,9.2
4988,3819,8.35
4988,4864,7.18
4989,8749,6.77
4989,8340,8.51
4989,7268,1.62
4990,4295,3.19
4990,7446,5.1
4990,9942,3.49
4991,1773,3.55
4991,8906,6.15
4991,7875,4.71
4992,8675,6.03
4992,9919,0.36
4992,1949,1.7
4993,7504,0.16
4993,2124,1.62
4993,9727,1.14
4994,6358,2.1
4994,9762,4.96
4994,4936,6.84
4995,3642,8.25
4995,7887,4.13
4995,1215,7.77
4996,2515,0.21
4996,163,3.79
4996,3371,2.92
4997,1811,7.43
4997,7882,1.09
4997,2744,5.35
4998,911,5.01
4998,6500,9.43
4998,3127,2.83
4999,4707,2.24
4999,4236,2.98
4999,8304,6.22
5000,5774,0.29
5000,7897,3.37
5000,1970,5.99
5001,5608,6.76
5001,5123,3.66
5001,7694,6.31
5002,3271,8.05
5002,6310,3.77
5002,2850,0.43
5003,6642,3.93
5003,3283,0.92
5003,8974,6.41
5004,4412,9.0
5004,5910,2.02
5004,927,7.01
5005,6999,2.01
5005,6690,7.79
5005,816,9.69
5006,395,5.37
5006,5931,1.61
5006,505,5.34
5007,5884,4.43
5007,7848,7.6
5007,3831,3.81
5008,5585,9.78
5008,8521,8.21
5008,6543,2.54
5009,187,1.32
5009,6456,1.22
5009,9308,8.81
5010,4144,6.44
5010,2935,1.66
5010,2637,5.89
5011,639,8.33
5011,2850,0.77
5011,7383,2.41
5012,8897,2.37
5012,3105,0.49
5012,831,5.85
5013,523,4.36
5013,8624,5.53
5013,7834,2.24
5014,4708,9.91
5014,745,6.85
5014,3071,7.19
5015,5559,4.39
5015,1600,4.88
5015,1882,7.81
5016,1499,8.24
5016,4120,8.83
5016,3106,5.13
5017,425,1.1
5017,7892,8.01
5017,8010,7.98
5018,1766,5.71
5018,9541,9.64
5018,8747,3.81
5019,8126,6.0
5019,3748,6.47
5019,662,2.76
5020,6609,5.98
5020,4713,8.61
5020,3003,3.37
5021,1915,8.56
5021,4494,3.81
5021,6044,1.06
5022,6129,9.35
5022,3968,5.69
5022,7644,3.32
5023,4583,4.83
5023,6558,9.02
5023,275,7.52
5024,5267,4.33
5024,7053,9.27
5024,8162,2.53
5025,8846,9.36
5025,1493,5.98
5025,7521,3.77
5026,3585,4.73
5026,1617,6.91
5026,8264,6.2
5027,1338,7.15
5027,2402,8.76
5027,7587,6.68
5028,9863,3.59
5028,1233,8.64
5028,4698,7.11
5029,904,3.24
5029,938,8.99
5029,7999,4.09
5030,5548,8.03
5030,8248,2.72
5030,1497,4.44
5031,9651,7.57
5031,8498,2.31
5031,2751,8.05
5032,4270,9.84
5032,3479,7.17
5032,4760,9.28
5033,7632,1.76
5033,4353,8.73
5033,1038,2.21
5034,2992,5.21
5034,6926,4.4
5034,1093,9.21
5035,9102,9.9
5035,1381,1.55
5035,5983,4.27
5036,6003,5.93
5036,8865,0.63
5036,6989,1.05
5037,4309,7.86
5037,5195,3.48
5037,4374,3.17
5038,815,0.94
5038,5928,3.05
5038,827,4.38
5039,5722,8.79
5039,1092,4.09
5039,38,0.44
5040,5159,6.09
5040,2630,5.72
5040,4759,1.29
5041,1239,1.77
5041,4063,8.93
5041,9281,9.45
5042,4337,4.47
5042,2032,5.63
5042,6933,0.72
5043,5781,8.39
5043,7541,0.54
5043,8786,1.02
5044,4598,7.27
5044,453,9.91
5044,84,2.51
5045,3667,0.15
5045,6985,5.31
5045,831,2.54
5046,1121,4.5
5046,8837,8.43
5046,9315,3.47
5047,4254,5.24
5047,5481,0.45
5047,7855,2.04
5048,1815,1.53
5048,9594,8.21
5048,3102,8.89
5049,8685,0.39
5049,5741,1.19
5049,9842,8.71
5050,1987,5.18
5050,5455,4.39
5050,9783,7.35
5051,7496,4.89
5051,8814,2.53
5051,1042,9.17
5052,5365,7.58
5052,7018,5.83
5052,5391,3.24
5053,6557,3.71
5053,9208,9.25
5053,6701,4.92
5054,3110,8.0
5054,5174,6.18
5054,7600,1.69
5055,1127,5.89
5055,1564,7.61
5055,6769,2.28
5056,6890,4.05
5056,8582,4.16
5056,4104,0.35
5057,6802,4.54
5057,9159,3.36
5057,1052,6.18
5058,3057,3.62
5058,2053,6.99
5058,6032,4.36
5059,2587,5.08
5059,3251,7.64
5059,1394,4.37
5060,5058,1.32
5060,5782,4.12
5060,4138,2.36
5061,6072,0.76
5061,5346,0.55
5061,387,3.41
5062,5143,4.03
5062,1067,9.8
5062,8327,4.41
5063,2066,1.52
5063,8377,8.24
5063,9988,4.64
5064,9472,0.39
5064,4531,6.61
5064,2509,3.9
5065,1003,2.12
5065,5739,1.4
5065,56,7.46
5066,5746,7.77
5066,5806,4.1
5066,4800,2.41
5067,5184,4.38
5067,3447,5.29
5067,1485,4.0
5068,7150,0.39
5068,4554,9.4
5068,8101,5.16
5069,5914,4.9
5069,361,8.84
5069,8862,6.21
5070,4789,1.6
5070,6910,3.27
5070,7440,1.34
5071,8596,7.22
5071,6900,9.45
5071,9523,7.03
5072,2158,4.61
5072,321,3.96
5072,1795,5.81
5073,8176,6.67
5073,8488,9.63
5073,8818,8.98
5074,3031,0.69
5074,971,6.08
5074,7324,6.14
5075,9927,1.8
5075,7150,6.19
5075,2603,7.09
5076,4762,3.57
5076,2163,9.42
5076,2014,1.61
5077,1703,1.06
5077,1215,8.82
5077,2272,5.38
5078,3546,3.2
5078,9979,9.01
5078,7831,4.36
5079,758,9.53
5079,9751,0.53
5079,3512,6.74
5080,9437,8.19
5080,1409,4.07
5080,6514,1.15
5081,1617,2.18
5081,6064,0.5
5081,2261,6.81
5082,2981,8.92
5082,856,3.8
5082,771,3.03
5083,9789,2.09
5083,6623,1.72
5083,3350,9.65
5084,2432,8.07
5084,4633,5.76
5084,8462,3.26
5085,3108,8.14
5085,8634,2.38
5085,4717,5.72
5086,2695,8.33
5086,7459,3.94
5086,4422,9.55
5087,5856,0.82
5087,1476,1.48
5087,5220,1.2
5088,4514,8.85
5088,1402,9.81
5088,1383,0.5
5089,1928,8.64
5089,2287,3.45
5089,8803,3.99
5090,3421,3.14
5090,954,6.82
5090,8623,5.65
5091,6462,2.12
5091,9480,6.58
5091,9920,7.77
5092,9638,2.54
5092,1488,5.48
5092,1414,9.47
5093,1661,1.19
5093,1044,2.23
5093,8589,0.28
5094,3292,6.51
5094,6013,6.03
5094,3060,7.33
5095,7935,2.7
5095,3533,8.94
5095,5808,8.25
5096,9820,9.7
5096,4902,2.31
5096,6401,8.4
5097,7205,1.93
5097,8659,2.15
5097,1399,8.7
5098,8354,5.65
5098,8391,7.0
5098,9556,9.08
5099,501,3.28
5099,3059,3.98
5099,7373,2.74
5100,5069,5.96
5100,2781,1.29
5100,9183,4.25
5101,8152,6.65
5101,9229,7.59
5101,6818,3.51
5102,4604,5.17
5102,378,7.2
5102,1395,7.11
5103,4458,2.95
5103,2434,4.79
5103,3113,4.67
5104,732,0.61
5104,3842,5.91
5104,8886,8.05
5105,6082,7.73
5105,6050,1.58
5105,3515,6.44
5106,3983,1.1
5106,9581,1.42
5106,51,9.66
5107,398,5.85
5107,148,0.96
5107,6997,0.39
5108,9613,4.64
5108,6847,5.73
5108,3286,1.65
5109,3157,5.78
5109,6526,8.74
5109,8133,3.8
5110,1168,3.43
5110,7609,5.31
5110,8268,8.62
5111,4057,1.65
5111,8006,1.81
5111,7717,9.13
5112,6833,0.42
5112,3214,4.63
5112,515,4.16
5113,8125,8.03
5113,8941,8.04
5113,2001,1.31
5114,4712,9.36
5114,8199,4.92
5114,13,6.83
5115,8522,7.96
5115,4276,2.9
5115,4737,2.17
5116,7153,2.87
5116,9508,3.06
5116,2535,1.79
5117,775,1.98
5117,4754,5.4
5117,3933,3.3
5118,3252,7.4
5118,9348,1.46
5118,3533,9.02
5119,1310,4.72
5119,8816,0.57
5119,8456,8.3
5120,2693,5.99
5120,5905,6.63
5120,2249,7.37
5121,7911,1.87
5121,9621,2.93
5121,1253,7.16
5122,7854,5.59
5122,1210,4.99
5122,9287,1.44
5123,2230,4.78
5123,5024,2.96
5123,722,9.68
5124,522,7.93
5124,8903,6.78
5124,8253,7.09
5125,5914,8.78
5125,1800,8.1
5125,5132,0.88
5126,6606,3.07
5126,163,1.31
5126,475,6.43
5127,2397,8.64
5127,1527,3.14
5127,1123,0.6
5128,8906,2.98
5128,1697,9.67
5128,8575,7.28
5129,7983,9.28
5129,3440,6.23
5129,4917,4.28
5130,495,2.12
5130,8842,2.4
5130,6393,9.55
5131,8612,7.11
5131,2894,6.64
5131,6554,7.73
5132,9638,4.28
5132,3853,7.95
5132,8746,1.18
5133,6552,1.33
5133,1865,3.68
5133,9405,2.98
5134,6690,7.59
5134,958,7.86
5134,8833,1.73
5135,8705,8.62
5135,7360,1.21
5135,1129,9.53
5136,5916,8.87
5136,3330,9.71
5136,9888,9.27
5137,445,9.14
5137,705,8.84
5137,1443,6.98
5138,6604,4.37
5138,996,6.79
5138,7742,9.5
5139,6472,3.74
5139,8944,6.37
5139,8428,4.06
5140,6292,0.24
5140,7235,3.81
5140,3088,5.68
5141,6405,7.7
5141,7642,4.5
5141,6359,8.61
5142,8880,6.46
5142,8122,6.54
5142,4623,2.69
5143,6242,2.7
5143,3926,8.04
5143,9774,0.26
5144,2323,5.12
5144,6269,6.94
5144,6031,4.31
5145,7161,1.22
5145,3918,9.94
5145,205,1.23
5146,9377,3.59
5146,1686,9.77
5146,4514,0.58
5147,9471,0.78
5147,6794,6.22
5147,4460,0.15
5148,931,3.02
5148,3450,6.08
5148,2964,9.15
5149,9249,4.9
5149,1798,3.5
5149,4459,4.89
5150,6135,3.96
5150,1769,7.59
5150,224,0.57
5151,4705,4.51
5151,2079,1.1
5151,3230,9.7
5152,4780,2.18
5152,9222,8.04
5152,474,4.21
5153,6767,4.08
5153,4805,2.49
5153,5193,8.4
5154,4840,4.81
5154,9859,1.5
5154,9113,7.35
5155,3079,9.93
5155,741,6.8
5155,2306,5.18
5156,6631,1.67
5156,3522,9.65
5156,8287,2.59
5157,5044,1.68
5157,5462,9.52
5157,4007,5.69
5158,5728,1.11
5158,2820,1.81
5158,7504,1.1
5159,6967,4.04
5159,8511,4.68
5159,6817,9.32
5160,4903,2.08
5160,6233,9.6
5160,2211,1.67
5161,886,5.89
5161,2008,2.33
5161,6370,6.92
5162,3654,2.95
5162,3808,6.01
5162,6273,5.48
5163,9423,8.07
5163,7301,9.44
5163,8812,2.94
5164,6319,4.23
5164,2554,0.58
5164,5122,2.97
5165,280,3.33
5165,8798,9.63
5165,8937,7.91
5166,1843,6.92
5166,626,0.29
5166,2915,0.32
5167,8423,1.02
5167,1,3.24
5167,2275,2.1
5168,2946,4.2
5168,8813,7.76
5168,8225,1.76
5169,7885,3.28
5169,4539,1.84
5169,8363,4.09
5170,352,2.43
5170,8195,2.73
5170,8334,9.46
5171,6006,4.65
5171,5218,3.64
5171,2393,8.62
5172,4690,3.74
5172,2400,4.57
5172,2726,2.14
5173,53,4.75
5173,7462,7.38
5173,7106,9.82
5174,6138,1.91
5174,8887,4.1
5174,8073,4.94
5175,6463,1.64
5175,7059,0.13
5175,4920,7.21
5176,2417,1.4
5176,6571,9.12
5176,7412,3.75
5177,5600,8.41
5177,4113,7.94
5177,4026,5.54
5178,4554,1.16
5178,1690,0.21
5178,8372,9.85
5179,2047,4.96
5179,2485,0.92
5179,8610,7.78
5180,2817,3.41
5180,1204,6.56
5180,6147,3.49
5181,7559,0.97
5181,6528,4.57
5181,5065,8.5
5182,8486,5.97
5182,4471,4.14
5182,5012,2.27
5183,8767,2.39
5183,7544,3.29
5183,7440,2.07
5184,3810,0.31
5184,4830,3.35
5184,8161,5.03
5185,9804,8.52
5185,8715,9.55
5185,874,5.41
5186,6247,4.84
5186,6190,9.24
5186,5110,5.45
5187,1501,4.88
5187,7936,4.96
5187,4549,8.4
5188,7334,7.36
5188,7149,3.15
5188,8278,1.07
5189,6769,6.21
5189,8424,4.8
5189,4162,2.64
5190,8430,3.95
5190,5259,0.2
5190,288,9.07
5191,9418,3.26
5191,8495,7.92
5191,3541,7.41
5192,3032,4.53
5192,6307,4.71
5192,1662,2.29
5193,6480,2.51
5193,8511,9.95
5193,3364,9.99
5194,9094,6.2
5194,2311,4.18
5194,2055,4.71
5195,1834,3.66
5195,6858,6.93
5195,9660,0.79
5196,1758,6.24
5196,1951,6.9
5196,2746,2.89
5197,2905,7.44
5197,1753,6.54
5197,5410,5.69
5198,1913,6.31
5198,4953,5.61
5198,4444,9.27
5199,7232,5.29
5199,597,3.92
5199,6367,3.02
5200,3056,9.01
5200,5489,8.33
5200,4826,7.71
5201,6250,5.54
5201,6068,0.27
5201,902,9.57
5202,7582,4.03
5202,3030,4.05
5202,7369,6.97
5203,8748,1.57
5203,1389,6.07
5203,4586,1.08
5204,3712,6.81
5204,6819,6.3
5204,613,9.02
5205,6654,1.45
5205,1027,0.35
5205,6712,2.25
5206,2299,5.68
5206,4894,7.58
5206,3136,6.46
5207,6023,3.36
5207,7543,8.26
5207,4085,5.98
5208,7986,4.1
5208,250,8.26
5208,5241,7.01
5209,261,8.79
5209,3967,1.67
5209,4762,6.59
5210,6983,9.56
5210,4529,4.95
5210,6091,8.87
5211,5408,8.8
5211,6937,2.55
5211,8459,4.85
5212,5829,7.08
5212,4972,8.19
5212,3399,5.49
5213,1736,9.52
5213,1703,7.72
5213,9217,6.41
5214,4258,8.4
5214,212,4.4
5214,9875,8.43
5215,4684,1.64
5215,5581,1.07
5215,5722,5.45
5216,2740,8.48
5216,9762,4.64
5216,4964,2.19
5217,9609,7.0
5217,7604,5.73
5217,1379,7.71
5218,3970,2.61
5218,3456,3.08
5218,2417,4.4
5219,9186,8.82
5219,3472,9.71
5219,5983,4.77
5220,724,5.24
5220,1428,6.38
5220,3712,5.89
5221,3690,6.16
5221,8910,8.26
5221,1267,1.21
5222,5028,8.68
5222,9127,9.09
5222,5967,5.83
5223,1712,6.47
5223,5956,2.79
5223,4191,9.41
5224,6563,4.67
5224,8736,3.63
5224,6812,3.04
5225,7219,1.19
5225,9424,5.79
5225,7459,2.22
5226,4456,3.82
5226,5027,9.7
5226,6659,3.86
5227,8620,7.35
5227,1245,3.3
5227,6381,5.03
5228,7008,9.87
5228,1678,9.29
5228,1509,8.72
5229,1450,6.65
5229,2758,9.98
5229,7911,7.22
5230,875,3.92
5230,8555,0.19
5230,1531,2.49
5231,5183,7.13
5231,3111,0.75
5231,7285,9.44
5232,4318,6.48
5232,5478,8.54
5232,9944,5.17
5233,7147,8.21
5233,2218,0.67
5233,1881,4.31
5234,2211,5.89
5234,6980,2.98
5234,5979,9.7
5235,5901,2.61
5235,8462,5.73
5235,4823,4.0
5236,5824,1.02
5236,7935,7.82
5236,7925,2.07
5237,5896,2.11
5237,5628,1.28
5237,5557,0.85
5238,8025,8.88
5238,9970,5.64
5238,9309,7.35
5239,6016,8.78
5239,5676,8.81
5239,6503,2.43
5240,7555,4.87
5240,8176,5.97
5240,9386,8.11
5241,2886,7.24
5241,9451,8.17
5241,4911,5.97
5242,310,6.82
5242,2861,9.29
5242,1448,6.48
5243,7871,5.75
5243,9364,3.09
5243,255,4.2
5244,7710,4.98
5244,987,2.96
5244,1903,3.99
5245,9100,1.01
5245,2209,0.99
5245,332,4.22
5246,97,9.18
5246,3715,9.01
5246,5955,0.72
5247,6097,1.07
5247,4067,8.23
5247,7448,1.07
5248,5659,8.82
5248,2560,6.58
5248,6587,5.48
5249,945,4.53
5249,9745,1.0
5249,4053,7.19
5250,5460,8.15
5250,5581,9.89
5250,1226,6.11
5251,269,9.39
5251,5910,7.81
5251,1500,4.17
5252,3645,8.05
5252,3891,4.52
5252,3453,2.21
5253,9090,4.91
5253,4936,4.63
5253,4503,6.06
5254,3845,6.53
5254,9639,4.16
5254,8772,6.34
5255,9029,6.25
5255,600,3.87
5255,6122,1.5
5256,2285,5.48
5256,969,5.43
5256,429,5.78
5257,7546,8.61
5257,5808,9.3
5257,7021,1.68
5258,3802,4.43
5258,1617,1.29
5258,7316,3.86
5259,3852,7.21
5259,8874,4.29
5259,9859,2.16
5260,4257,6.68
5260,5678,0.76
5260,7284,9.98
5261,5788,0.81
5261,3522,8.6
5261,4104,3.57
5262,6371,7.79
5262,7428,7.07
5262,4199,8.59
5263,8706,4.78
5263,1862,3.55
5263,4027,1.89
5264,2537,0.2
5264,8195,7.96
5264,1576,0.36
5265,502,9.15
5265,1411,5.2
5265,5268,7.46
5266,8634,9.57
5266,6483,1.96
5266,2138,8.84
5267,6563,4.86
5267,9984,6.79
5267,8859,5.53
5268,2329,9.39
5268,6622,7.92
5268,8941,2.7
5269,2808,1.72
5269,7376,9.08
5269,6507,4.25
5270,1660,6.64
5270,349,4.44
5270,7801,1.23
5271,1771,6.18
5271,5310,6.82
5271,1532,7.85
5272,7175,2.16
5272,3180,8.2
5272,2087,1.35
5273,4419,3.14
5273,8613,5.65
5273,3958,3.61
5274,7440,4.4
5274,3827,4.7
5274,8436,0.35
5275,4252,7.78
5275,2689,1.27
5275,8585,6.79
5276,8682,3.33
5276,9982,2.18
5276,7935,5.14
5277,1915,4.93
5277,4212,9.16
5277,2374,0.97
5278,6156,9.18
5278,1381,9.96
5278,6082,2.65
5279,8791,1.93
5279,9326,5.35
5279,7515,8.08
5280,9018,2.22
5280,672,0.42
5280,7340,5.77
5281,8974,8.38
5281,6744,6.97
5281,5049,0.46
5282,9245,6.95
5282,542,8.09
5282,6930,6.42
5283,5251,8.46
5283,8113,4.36
5283,3535,5.02
5284,937,8.01
5284,3790,2.51
5284,3172,3.53
5285,5972,5.9
5285,8136,5.2
5285,4193,5.11
5286,2501,5.55
5286,656,9.84
5286,4494,1.8
5287,7391,7.5
5287,1860,6.45
5287,6056,2.06
5288,3559,2.12
5288,2099,0.21
5288,1508,6.46
5289,314,7.45
5289,4445,6.51
5289,1620,7.61
5290,2725,9.18
5290,330,8.21
5290,7151,5.27
5291,7917,3.46
5291,4693,6.49
5291,4244,9.21
5292,8050,2.98
5292,966,4.33
5292,6323,0.9
5293,2810,2.74
5293,9417,7.62
5293,3176,1.96
5294,1439,4.75
5294,4940,8.93
5294,2044,2.31
5295,6950,7.28
5295,6729,3.94
5295,618,9.59
5296,8525,8.69
5296,5057,3.5
5296,1684,8.99
5297,4130,0.19
5297,3105,5.12
5297,7623,2.89
5298,4490,5.29
5298,7061,9.34
5298,2703,5.56
5299,2070,7.15
5299,6757,3.32
5299,8021,2.56
5300,8614,3.72
5300,966,5.98
5300,6963,0.82
5301,9731,2.34
5301,8415,8.24
5301,7933,9.26
5302,2536,6.36
5302,7404,9.46
5302,9957,8.58
5303,7949,7.8
5303,2722,1.71
5303,2464,5.07
5304,3629,7.05
5304,7795,7.25
5304,9835,2.13
5305,3174,1.93
5305,2421,2.57
5305,3764,2.56
5306,9822,4.57
5306,9553,7.58
5306,3933,7.84
5307,6600,2.34
5307,4622,5.72
5307,957,3.18
5308,6046,2.8
5308,5999,0.43
5308,4210,3.66
5309,2298,9.4
5309,3378,1.13
5309,3783,1.65
5310,5803,8.7
5310,5024,8.93
5310,3947,1.19
5311,4126,8.04
5311,8481,7.56
5311,4891,6.86
5312,8939,3.82
5312,9203,0.19
5312,4740,4.75
5313,8162,8.24
5313,8591,7.59
5313,5712,9.42
5314,7506,9.51
5314,8643,3.44
5314,6350,9.11
5315,8692,8.68
5315,5798,9.07
5315,2116,6.51
5316,1880,9.68
5316,7477,9.08
5316,327,7.27
5317,364,2.44
5317,3918,8.53
5317,8638,9.75
5318,9509,4.16
5318,9302,1.58
5318,1062,2.73
5319,3131,4.36
5319,7591,7.13
5319,3868,5.4
5320,364,6.3
5320,4763,1.17
5320,895,8.53
5321,2782,8.74
5321,5040,7.35
5321,8969,6.55
5322,466,3.24
5322,6753,7.23
5322,8153,6.84
5323,5154,2.9
5323,5482,9.98
5323,4269,9.32
5324,581,6.77
5324,8358,8.4
5324,8465,6.69
5325,2692,2.67
5325,3678,0.82
5325,5473,6.96
5326,5237,7.41
5326,204,2.63
5326,9094,6.91
5327,8271,7.43
5327,380,5.91
5327,8514,5.69
5328,1916,4.61
5328,6846,4.24
5328,9454,7.88
5329,7382,0.67
5329,7064,0.65
5329,3063,7.0
5330,9724,9.58
5330,1428,8.28
5330,5212,3.85
5331,2798,6.43
5331,7457,3.37
5331,4776,2.53
5332,1521,2.76
5332,4089,2.67
5332,4972,1.09
5333,379,2.34
5333,7555,3.85
5333,7368,6.24
5334,4483,9.47
5334,8868,4.42
5334,6048,0.22
5335,1178,0.66
5335,2093,1.45
5335,4958,4.39
5336,3620,7.93
5336,8648,8.6
5336,8221,1.52
5337,4256,5.47
5337,7100,9.38
5337,8269,0.36
5338,4320,3.69
5338,2961,7.42
5338,8764,6.93
5339,2749,4.88
5339,4402,0.66
5339,7988,6.88
5340,3964,6.82
5340,9561,5.32
5340,2082,4.89
5341,4051,7.74
5341,8890,5.1
5341,5728,4.57
5342,8444,3.21
5342,3818,4.19
5342,3875,4.9
5343,1827,9.94
5343,7267,5.09
5343,1319,3.57
5344,8403,6.0
5344,9391,6.44
5344,9725,2.37
5345,4195,4.53
5345,5828,4.08
5345,4890,5.51
5346,111,7.89
5346,6998,8.94
5346,3761,5.34
5347,5378,2.58
5347,9016,5.74
5347,4967,0.87
5348,3094,1.35
5348,7310,4.45
5348,123,2.57
5349,478,4.27
5349,8430,5.51
5349,1115,0.45
5350,8114,2.36
5350,5043,1.39
5350,7998,7.67
5351,845,8.71
5351,1942,8.44
5351,3956,1.31
5352,3763,1.18
5352,1408,0.97
5352,4348,8.57
5353,6068,9.69
5353,4158,6.31
5353,5828,6.57
5354,8615,8.69
5354,9151,8.37
5354,98,5.43
5355,6617,8.94
5355,7491,8.88
5355,8917,5.06
5356,3839,5.56
5356,2956,4.69
5356,4570,1.75
5357,3449,2.18
5357,8931,5.29
5357,4498,5.05
5358,268,3.84
5358,5874,1.64
5358,714,2.2
5359,8053,5.98
5359,6327,6.74
5359,1770,1.36
5360,2344,6.76
5360,2826,1.06
5360,9406,1.61
5361,719,8.89
5361,8772,8.35
5361,3659,3.34
5362,8237,1.43
5362,4992,6.73
5362,3647,1.61
5363,7097,8.47
5363,6016,7.8
5363,322,1.67
5364,877,8.34
5364,4833,9.83
5364,6226,9.94
5365,6763,7.19
5365,7499,2.59
5365,5344,2.14
5366,1050,5.85
5366,2714,10.0
5366,1401,6.04
5367,8380,0.72
5367,3905,0.47
5367,2352,1.23
5368,8555,6.99
5368,8027,8.5
5368,6698,6.85
5369,2190,6.68
5369,9122,2.38
5369,1177,9.07
5370,7593,7.17
5370,2344,1.24
5370,3536,5.21
5371,9004,9.27
5371,572,8.49
5371,4979,6.72
5372,3075,6.89
5372,971,5.11
5372,5582,5.81
5373,2150,0.84
5373,1102,5.77
5373,1605,7.89
5374,5421,3.59
5374,9849,4.79
5374,1050,7.58
5375,4203,2.61
5375,2438,1.88
5375,6932,5.9
5376,5993,9.91
5376,3665,4.37
5376,6157,5.02
5377,3439,2.53
5377,2344,1.31
5377,4761,4.59
5378,9329,8.27
5378,5490,6.84
5378,6714,0.75
5379,7458,6.58
5379,2126,0.48
5379,2696,7.68
5380,3258,6.19
5380,7120,0.71
5380,7443,9.07
5381,4796,9.72
5381,5607,6.06
5381,4846,5.25
5382,4458,1.08
5382,6275,1.46
5382,449,6.15
5383,6425,9.76
5383,2454,8.44
5383,2487,5.89
5384,4100,8.3
5384,9338,4.44
5384,7438,0.15
5385,9948,7.7
5385,3098,3.04
5385,2364,2.38
5386,5307,5.1
5386,9992,9.16
5386,6807,1.04
5387,457,9.1
5387,6284,2.05
5387,9250,6.45
5388,3062,5.28
5388,8540,1.28
5388,3686,4.5
5389,9029,9.54
5389,661,8.6
5389,5943,8.44
5390,8856,0.71
5390,2171,3.21
5390,344,1.9
5391,7320,1.4
5391,1461,6.66
5391,6222,7.85
5392,5973,2.82
5392,9370,2.61
5392,4345,7.8
5393,6439,7.16
5393,6146,3.09
5393,9831,5.48
5394,475,0.57
5394,5989,2.4
5394,5946,7.19
5395,2527,9.86
5395,2690,0.71
5395,8940,1.94
5396,2543,5.54
5396,9414,8.48
5396,7439,3.21
5397,2406,1.03
5397,5303,1.25
5397,7263,9.53
5398,7406,6.05
5398,510,1.69
5398,5680,7.58
5399,2555,8.78
5399,4122,4.84
5399,4245,2.28
5400,4971,3.1
5400,8953,3.1
5400,4031,4.44
5401,9637,3.57
5401,58,6.46
5401,5387,2.85
5402,4514,7.65
5402,5550,1.59
5402,8720,3.24
5403,4115,2.99
5403,213,2.75
5403,7334,4.22
5404,4608,8.74
5404,9371,4.79
5404,1609,4.83
5405,2104,6.83
5405,1817,3.37
5405,6425,4.61
5406,8174,3.5
5406,5348,5.01
5406,7656,3.07
5407,3316,3.91
5407,794,8.99
5407,8548,0.13
5408,7818,1.72
5408,5237,0.91
5408,8400,8.12
5409,5641,0.71
5409,2538,9.56
5409,7095,6.29
5410,4055,2.29
5410,891,7.06
5410,931,5.87
5411,4674,4.91
5411,3114,2.52
5411,1355,3.85
5412,8178,1.57
5412,3843,9.15
5412,387,2.36
5413,9840,7.87
5413,1471,5.42
5413,579,0.46
5414,5799,6.15
5414,9626,7.5
5414,5693,1.75
5415,7542,9.72
5415,9358,6.49
5415,2477,5.61
5416,3265,6.08
5416,9788,5.8
5416,9508,5.15
5417,7553,5.92
5417,4456,0.61
5417,9030,8.56
5418,5741,5.43
5418,2395,8.56
5418,7083,6.64
5419,6398,1.16
5419,8030,9.05
5419,3749,4.85
5420,7112,5.68
5420,159,4.21
5420,8127,5.8
5421,2508,3.67
5421,7274,6.89
5421,3817,8.0
5422,370,6.19
5422,9766,0.99
5422,2118,4.86
5423,9854,8.7
5423,1285,8.34
5423,2649,9.01
5424,6520,7.93
5424,3895,2.16
5424,6346,1.55
5425,8901,8.16
5425,1448,0.14
5425,4222,2.88
5426,8052,9.06
5426,4366,6.86
5426,2828,7.42
5427,120,6.83
5427,1837,3.27
5427,9175,0.25
5428,5827,5.62
5428,3551,7.89
5428,3905,5.72
5429,2263,1.82
5429,3965,7.97
5429,5703,6.16
5430,9507,9.34
5430,2520,2.85
5430,4677,5.85
5431,7478,0.7
5431,1372,2.09
5431,6220,0.83
5432,5105,3.83
5432,4279,3.37
5432,3128,8.25
5433,3249,1.2
5433,1626,6.29
5433,5152,1.13
5434,5317,5.11
5434,2656,2.94
5434,8882,4.89
5435,4201,6.7
5435,6899,6.27
5435,181,0.46
5436,6,6.61
5436,2504,0.24
5436,4444,4.45
5437,5885,4.85
5437,7340,9.67
5437,7988,3.67
5438,6783,5.78
5438,6599,0.26
5438,7521,0.16
5439,7846,2.93
5439,2836,2.4
5439,6937,6.34
5440,1292,1.03
5440,2970,6.58
5440,5025,3.78
5441,678,2.81
5441,3731,0.39
5441,7256,4.06
5442,9414,1.49
5442,7431,8.26
5442,4541,9.53
5443,3430,1.94
5443,4737,1.59
5443,7833,0.72
5444,6990,1.18
5444,474,1.48
5444,5472,4.18
5445,3551,2.16
5445,5957,3.94
5445,102,5.13
5446,1534,9.04
5446,5939,6.48
5446,5187,6.32
5447,6428,9.12
5447,5743,2.03
5447,8562,8.55
5448,550,0.35
5448,4886,3.91
5448,6064,0.75
5449,7404,0.22
5449,2741,6.49
5449,6513,4.62
5450,919,0.73
5450,1825,7.99
5450,426,2.15
5451,1323,9.11
5451,7989,4.93
5451,1653,7.48
5452,8969,8.17
5452,3743,9.04
5452,2042,1.14
5453,8905,1.01
5453,2800,4.99
5453,6395,2.19
5454,4390,3.45
5454,3272,6.95
5454,7631,9.85
5455,3849,0.2
5455,6912,0.66
5455,5605,1.28
5456,4903,6.16
5456,1017,3.03
5456,7176,8.92
5457,3486,5.8
5457,3580,2.74
5457,3719,3.87
5458,2489,2.22
5458,1770,9.25
5458,8140,2.31
5459,5852,6.54
5459,4673,0.38
5459,6071,1.34
5460,2121,2.8
5460,1089,1.72
5460,9258,5.28
5461,7848,1.21
5461,7163,6.98
5461,6411,3.13
5462,4009,8.73
5462,4026,5.66
5462,414,8.66
5463,6945,9.8
5463,372,0.89
5463,3819,7.74
5464,4007,8.82
5464,7586,9.61
5464,1501,4.19
5465,6846,0.71
5465,2609,8.09
5465,6321,5.45
5466,3947,0.21
5466,9472,3.88
5466,5275,2.45
5467,5816,4.85
5467,1982,8.97
5467,3363,4.16
5468,8038,8.18
5468,5027,6.29
5468,8165,1.33
5469,7547,5.91
5469,9584,2.08
5469,184,7.45
5470,8019,2.29
5470,5556,4.72
5470,202,0.17
5471,7081,2.15
5471,6085,2.56
5471,2045,5.99
5472,6055,2.94
5472,4033,8.85
5472,1922,7.99
5473,1522,0.18
5473,3360,9.35
5473,8389,8.93
5474,1667,0.67
5474,4629,8.89
5474,3028,5.0
5475,8743,9.21
5475,4031,9.25
5475,7829,6.4
5476,4783,2.04
5476,6683,3.88
5476,5859,0.46
5477,6856,3.09
5477,2536,3.85
5477,7842,5.41
5478,4984,6.26
5478,353,5.18
5478,1661,2.19
5479,8203,1.6
5479,5653,0.84
5479,1592,3.78
5480,3401,2.0
5480,9918,0.12
5480,4194,3.05
5481,1137,0.41
5481,2564,2.14
5481,2252,8.14
5482,2358,6.83
5482,366,9.63
5482,9561,6.68
5483,4774,2.02
5483,3947,3.44
5483,870,0.67
5484,5596,2.54
5484,5819,7.61
5484,264,5.71
5485,796,9.16
5485,4785,0.4
5485,1284,8.8
5486,5608,0.75
5486,7441,7.18
5486,1639,8.32
5487,5493,8.44
5487,5695,7.77
5487,8412,8.9
5488,440,2.98
5488,6048,9.01
5488,4166,4.33
5489,9233,3.96
5489,6986,3.13
5489,3086,9.12
5490,2044,7.64
5490,8100,3.11
5490,7127,2.28
5491,9206,2.33
5491,3910,0.71
5491,343,3.63
5492,1710,5.16
5492,1505,8.13
5492,4907,6.01
5493,1702,8.45
5493,7493,9.46
5493,588,3.0
5494,4382,2.98
5494,1782,5.51
5494,450,2.22
5495,2162,5.29
5495,1053,3.73
5495,994,2.47
5496,6825,2.51
5496,4782,5.44
5496,5042,6.7
5497,834,5.16
5497,8222,8.76
5497,9289,2.92
5498,1020,7.29
5498,1497,8.07
5498,3990,3.67
5499,6349,8.0
5499,6746,4.54
5499,6928,5.51
5500,6063,1.48
5500,3499,6.12
5500,2059,1.22
5501,2102,3.43
5501,2872,8.39
5501,9023,4.77
5502,6173,2.31
5502,810,0.79
5502,2546,4.63
5503,9689,6.5
5503,8399,9.66
5503,2005,7.8
5504,3418,7.26
5504,3207,0.61
5504,1646,7.5
5505,3797,7.94
5505,7326,0.66
5505,5883,6.89
5506,8987,9.86
5506,3249,4.6
5506,2090,0.97
5507,4750,3.0
5507,736,6.52
5507,455,3.67
5508,3868,0.52
5508,7281,9.55
5508,6127,2.36
5509,8442,7.27
5509,4667,6.17
5509,8897,7.28
5510,1308,1.0
5510,9436,8.35
5510,3970,9.54
5511,874,1.72
5511,5566,1.54
5511,1951,6.65
5512,3001,7.9
5512,5952,3.54
5512,9314,8.09
5513,271,3.01
5513,2383,3.41
5513,1324,0.23
5514,7362,3.63
5514,1228,3.74
5514,9901,1.07
5515,8973,1.06
5515,5346,0.33
5515,6711,3.83
5516,1098,9.52
5516,8918,2.16
5516,1935,8.28
5517,9798,6.46
5517,3399,3.23
5517,7633,8.7
5518,4193,6.75
5518,2361,3.76
5518,7301,0.37
5519,4117,5.99
5519,3877,2.37
5519,1699,8.86
5520,2945,6.17
5520,4969,1.12
5520,4948,4.69
5521,5749,3.94
5521,1541,1.67
5521,5058,3.45
5522,285,1.55
5522,4048,7.41
5522,2669,0.54
5523,8166,0.33
5523,7573,6.33
5523,2218,6.79
5524,357,0.7
5524,9839,8.88
5524,9459,6.79
5525,5514,4.91
5525,7090,6.36
5525,3410,3.57
5526,9362,4.82
5526,667,9.55
5526,1571,1.3
5527,1418,5.36
5527,893,3.45
5527,303,1.47
5528,5626,9.17
5528,2557,2.93
5528,3759,6.07
5529,4158,3.07
5529,2988,8.27
5529,4699,7.57
5530,5974,6.88
5530,1680,1.9
5530,574,8.31
5531,676,9.62
5531,8036,4.81
5531,3117,0.7
5532,745,4.47
5532,350,6.19
5532,4662,4.94
5533,3084,6.35
5533,525,8.14
5533,523,0.15
5534,35,7.86
5534,9688,1.04
5534,1606,7.02
5535,7011,5.31
5535,3436,9.7
5535,6710,9.4
5536,4842,6.69
5536,6117,4.0
5536,548,6.62
5537,2905,0.8
5537,4980,3.5
5537,7671,8.81
5538,1466,6.92
5538,674,8.48
5538,6116,3.87
5539,2880,1.99
5539,4746,6.72
5539,3135,3.24
5540,6834,0.61
5540,1900,4.12
5540,5898,3.66
5541,329,8.82
5541,155,1.37
5541,8301,4.92
5542,4728,8.28
5542,9406,4.96
5542,8013,0.95
5543,3472,5.7
5543,8097,6.94
5543,2326,7.25
5544,2440,9.26
5544,6170,2.67
5544,6956,8.43
5545,3039,5.17
5545,8249,3.43
5545,9545,8.84
5546,3443,4.04
5546,3175,5.96
5546,1076,4.94
5547,8138,7.0
5547,1643,9.81
5547,8186,7.74
5548,346,7.44
5548,8244,7.4
5548,3733,9.07
5549,990,7.0
5549,7630,9.28
5549,3101,4.41
5550,4316,5.73
5550,4393,0.72
5550,6128,0.52
5551,5316,5.9
5551,2169,2.93
5551,2825,8.6
5552,7322,5.35
5552,5164,4.56
5552,3626,1.6
5553,6597,4.33
5553,5145,8.1
5553,6625,9.09
5554,3737,6.0
5554,8239,0.89
5554,947,2.44
5555,190,5.09
5555,8205,5.3
5555,4866,1.75
5556,3809,2.04
5556,1507,7.47
5556,4504,2.85
5557,5556,5.93
5557,8553,7.09
5557,5674,9.67
5558,582,8.02
5558,8965,0.59
5558,7838,4.4
5559,5581,4.02
5559,3352,1.08
5559,3040,8.1
5560,3802,8.86
5560,658,6.69
5560,4507,5.42
5561,8167,4.2
5561,6329,2.02
5561,1316,7.23
5562,1496,5.46
5562,73,2.44
5562,963,0.6
5563,774,6.26
5563,5945,9.5
5563,8243,7.43
5564,3133,7.95
5564,6423,7.88
5564,9308,8.99
5565,4234,6.73
5565,982,7.19
5565,9288,7.92
5566,7261,2.08
5566,9322,7.04
5566,9184,6.46
5567,1426,5.4
5567,1931,8.98
5567,7930,4.01
5568,2862,0.11
5568,4662,3.08
5568,494,9.23
5569,6178,2.04
5569,913,8.77
5569,4952,3.4
5570,7780,4.31
5570,6051,2.8
5570,7346,3.05
5571,4674,4.17
5571,5733,0.26
5571,1616,8.78
5572,9428,0.33
5572,9739,1.24
5572,135,7.78
5573,823,9.01
5573,3693,2.85
5573,4818,8.69
5574,4372,0.2
5574,6051,6.87
5574,8789,0.34
5575,2765,9.89
5575,5992,9.73
5575,7800,0.95
5576,3483,3.53
5576,2173,0.36
5576,7245,8.39
5577,2459,9.52
5577,3918,8.63
5577,8693,0.27
5578,4308,0.47
5578,8576,5.94
5578,7078,3.76
5579,1119,6.34
5579,5684,5.94
5579,1012,8.97
5580,62,2.16
5580,1678,9.49
5580,637,1.78
5581,1399,1.94
5581,2332,7.51
5581,8122,3.57
5582,9614,8.85
5582,65,7.73
5582,712,4.2
5583,7216,9.32
5583,6065,1.63
5583,7820,8.82
5584,9155,1.28
5584,1511,5.21
5584,1779,7.28
5585,3956,5.78
5585,2484,7.46
5585,7766,8.21
5586,9847,5.21
5586,7469,9.15
5586,602,4.67
5587,9247,1.3
5587,3478,1.35
5587,4946,4.76
5588,8034,3.31
5588,544,8.08
5588,4766,8.99
5589,3500,0.89
5589,2647,6.31
5589,1666,2.8
5590,1098,6.49
5590,9398,6.0
5590,4711,3.48
5591,5139,1.82
5591,1581,1.44
5591,3404,8.0
5592,6807,7.6
5592,5119,3.31
5592,327,2.14
5593,9834,3.82
5593,6659,9.41
5593,1404,7.34
5594,9445,7.44
5594,4119,7.58
5594,65,9.06
5595,8158,2.3
5595,4583,4.43
5595,1316,3.97
5596,5850,7.06
5596,3519,1.0
5596,611,2.99
5597,3062,9.76
5597,8598,9.62
5597,8138,1.78
5598,2460,4.47
5598,60,7.9
5598,5780,8.66
5599,5702,0.28
5599,2078,9.01
5599,7106,3.1
5600,1244,2.73
5600,9415,7.48
5600,2767,7.71
5601,4563,0.39
5601,3967,7.13
5601,8262,7.44
5602,6645,8.11
5602,5675,8.3
5602,767,8.66
5603,4573,7.01
5603,3767,0.74
5603,4223,2.34
5604,3301,3.79
5604,2997,7.49
5604,7739,1.65
5605,8459,4.3
5605,1274,3.81
5605,4897,4.15
5606,108,5.48
5606,2738,4.71
5606,8790,6.86
5607,6316,5.33
5607,9177,1.96
5607,6360,3.99
5608,5425,9.9
5608,2399,1.45
5608,1031,0.96
5609,1996,2.79
5609,3463,4.63
5609,8200,7.88
5610,8639,9.15
5610,9379,7.06
5610,6890,2.31
5611,9233,9.51
5611,4237,0.8
5611,627,1.54
5612,9679,3.8
5612,6673,0.85
5612,6076,9.86
5613,5781,2.99
5613,8312,2.36
5613,2873,6.85
5614,2232,1.76
5614,3383,4.46
5614,6785,7.1
5615,4915,9.62
5615,6179,4.66
5615,2705,3.07
5616,6930,1.06
5616,2576,9.94
5616,2605,6.46
5617,9777,6.43
5617,4380,1.67
5617,4089,8.8
5618,7016,4.86
5618,7468,1.96
5618,8547,3.85
5619,7461,5.22
5619,3421,7.37
5619,7941,6.06
5620,9659,1.46
5620,7069,6.95
5620,4889,4.79
5621,4736,2.33
5621,2493,5.2
5621,6583,9.98
5622,9103,9.12
5622,3038,9.11
5622,193,5.9
5623,1149,8.95
5623,7673,3.04
5623,2794,0.71
5624,5822,4.66
5624,7609,0.71
5624,2291,9.1
5625,9829,4.56
5625,5767,7.31
5625,8540,8.51
5626,3350,4.63
5626,7633,2.56
5626,2072,8.28
5627,9080,4.4
5627,9735,1.0
5627,577,0.84
5628,3989,0.52
5628,8846,7.73
5628,4382,2.93
5629,3241,7.86
5629,2734,3.73
5629,7375,8.56
5630,1295,4.07
5630,9057,6.12
5630,9215,3.28
5631,2659,8.52
5631,792,0.85
5631,6183,7.12
5632,1680,3.99
5632,9533,7.59
5632,5096,2.76
5633,539,2.59
5633,2455,0.34
5633,5044,1.42
5634,6247,9.15
5634,7092,2.74
5634,9327,7.69
5635,1626,8.69
5635,4884,5.49
5635,7236,4.95
5636,4895,0.82
5636,3457,8.04
5636,2787,3.55
5637,8235,5.44
5637,6021,9.14
5637,4899,2.42
5638,5240,7.14
5638,9798,3.42
5638,8934,6.47
5639,8137,1.95
5639,8820,1.85
5639,5450,7.33
5640,5212,0.44
5640,5713,2.15
5640,493,0.85
5641,2632,2.28
5641,8979,3.36
5641,4291,1.76
5642,2795,3.27
5642,4247,4.71
5642,1967,2.79
5643,3344,2.5
5643,5764,8.37
5643,3837,0.97
5644,1316,1.04
5644,8516,3.21
5644,2599,4.1
5645,6715,0.29
5645,2322,3.27
5645,6307,2.38
5646,9712,0.78
5646,578,8.4
5646,698,1.77
5647,2830,8.63
5647,1815,4.63
5647,7514,7.12
5648,3742,8.69
5648,4135,0.2
5648,8935,5.44
5649,2758,6.55
5649,3903,7.26
5649,3516,3.19
5650,7147,1.32
5650,7922,9.75
5650,730,1.39
5651,157,5.38
5651,6876,5.87
5651,8391,8.57
5652,5578,7.53
5652,5632,8.54
5652,574,9.94
5653,8607,2.53
5653,2901,9.24
5653,4589,8.67
5654,3253,5.53
5654,7203,2.64
5654,1548,6.36
5655,2748,6.48
5655,5005,9.02
5655,2453,8.96
5656,9740,3.52
5656,899,3.74
5656,1873,1.33
5657,616,5.77
5657,9238,2.39
5657,2958,1.86
5658,2990,3.89
5658,2986,5.74
5658,6748,2.0
5659,3999,3.02
5659,4541,6.61
5659,2544,9.43
5660,3696,7.21
5660,2146,0.95
5660,5683,4.8
5661,1759,7.76
5661,8167,3.45
5661,1707,8.32
5662,8218,6.67
5662,1991,5.2
5662,3449,3.39
5663,5968,3.44
5663,254,7.15
5663,9988,5.44
5664,6433,1.37
5664,4970,3.1
5664,3971,6.09
5665,3341,7.21
5665,4452,8.81
5665,6696,5.06
5666,4703,4.79
5666,5819,2.18
5666,5099,5.4
5667,9399,9.92
5667,3928,8.17
5667,8817,3.36
5668,7664,2.51
5668,3776,3.47
5668,8503,3.31
5669,976,9.63
5669,5089,8.84
5669,3716,6.96
5670,8264,9.78
5670,6068,5.16
5670,7335,4.59
5671,1511,7.63
5671,1855,4.0
5671,1515,0.2
5672,5815,1.54
5672,2387,7.62
5672,8113,8.99
5673,1680,7.66
5673,647,7.95
5673,7965,6.43
5674,179,3.24
5674,4035,3.18
5674,9561,7.16
5675,6723,4.73
5675,3762,9.06
5675,7833,6.08
5676,6587,5.45
5676,8045,4.17
5676,851,7.62
5677,4623,4.77
5677,1748,1.26
5677,7880,6.49
5678,1952,2.62
5678,6868,3.03
5678,1574,9.29
5679,7494,5.12
5679,1594,4.35
5679,9517,6.83
5680,1708,4.19
5680,8536,2.81
5680,6372,3.29
5681,116,8.51
5681,360,2.91
5681,8275,8.59
5682,5223,0.22
5682,7322,7.97
5682,3465,5.03
5683,7832,4.84
5683,4324,3.55
5683,4023,8.89
5684,2571,7.47
5684,1942,5.2
5684,5032,7.34
5685,36,0.52
5685,8798,1.64
5685,5638,7.79
5686,469,3.45
5686,1736,3.84
5686,2222,7.33
5687,5782,4.05
5687,5132,7.15
5687,2429,0.3
5688,5118,8.98
5688,3941,6.62
5688,1252,9.18
5689,6954,3.29
5689,7313,1.18
5689,3092,6.16
5690,2689,1.43
5690,2449,0.49
5690,4829,6.04
5691,7045,0.44
5691,3771,6.2
5691,994,6.12
5692,7185,7.26
5692,9335,7.01
5692,7665,3.71
5693,3316,6.49
5693,9077,1.18
5693,6589,7.95
5694,8219,1.33
5694,2107,2.51
5694,7549,0.33
5695,19,3.87
5695,9638,5.17
5695,5198,2.03
5696,5577,4.23
5696,338,7.75
5696,3896,4.94
5697,9661,6.9
5697,8694,3.57
5697,6462,9.31
5698,7844,3.45
5698,231,7.72
5698,700,0.63
5699,2234,5.8
5699,2250,0.76
5699,2575,5.36
5700,9481,6.04
5700,9501,3.86
5700,7049,1.32
5701,4216,8.28
5701,4387,0.9
5701,7913,8.91
5702,8897,7.2
5702,4206,1.53
5702,2132,6.21
5703,6631,4.15
5703,8015,8.9
5703,2235,1.87
5704,9908,2.51
5704,330,6.84
5704,5469,6.93
5705,6362,7.59
5705,9557,5.25
5705,7806,2.95
5706,4376,5.25
5706,8775,1.95
5706,4002,5.05
5707,6410,6.85
5707,5636,1.84
5707,1160,4.07
5708,9696,6.35
5708,8441,4.28
5708,5290,0.27
5709,8289,8.11
5709,1043,4.69
5709,6367,6.68
5710,3035,1.5
5710,7513,9.1
5710,4822,2.24
5711,2928,4.68
5711,8171,1.37
5711,2677,6.19
5712,8366,4.44
5712,7851,1.08
5712,9451,9.44
5713,5878,6.61
5713,5456,3.81
5713,1745,4.0
5714,9255,8.31
5714,3488,6.08
5714,1980,0.72
5715,397,9.58
5715,5489,7.65
5715,1524,9.93
5716,5203,0.25
5716,5076,9.37
5716,2810,5.51
5717,208,8.61
5717,1710,3.95
5717,1278,8.54
5718,502,8.08
5718,8958,8.48
5718,1313,7.42
5719,6181,4.56
5719,5124,2.81
5719,4900,4.09
5720,9307,0.79
5720,357,1.89
5720,1085,9.96
5721,9862,4.98
5721,9255,7.29
5721,6352,7.42
5722,4704,9.36
5722,4342,1.79
5722,2263,2.79
5723,8911,7.07
5723,537,1.32
5723,6648,0.92
5724,2502,1.77
5724,7969,1.55
5724,4520,4.75
5725,9494,1.88
5725,3691,0.58
5725,6098,4.84
5726,8329,5.65
5726,2367,3.74
5726,6347,0.77
5727,6119,4.61
5727,7461,2.25
5727,9693,2.34
5728,323,7.6
5728,6081,9.15
5728,3782,3.82
5729,4850,3.33
5729,7530,3.72
5729,7500,8.52
5730,4428,4.69
5730,5337,2.13
5730,6551,6.03
5731,1825,9.93
5731,5566,7.38
5731,6269,8.32
5732,506,9.37
5732,1978,4.67
5732,7994,9.97
5733,2133,8.98
5733,4721,6.89
5733,8724,7.95
5734,7422,0.47
5734,6328,7.58
5734,9882,9.46
5735,1017,0.33
5735,4367,2.01
5735,6785,2.4
5736,3287,2.52
5736,8116,9.05
5736,4379,9.21
5737,6011,4.19
5737,1343,9.75
5737,5382,0.63
5738,1466,5.23
5738,5343,0.75
5738,9610,8.07
5739,4273,6.46
5739,6484,9.87
5739,1288,8.37
5740,3094,0.52
5740,9515,1.82
5740,8397,9.17
5741,8793,9.25
5741,48,2.55
5741,7435,7.75
5742,1770,6.02
5742,4315,2.61
5742,7741,7.29
5743,4776,5.7
5743,7406,1.09
5743,5998,0.17
5744,6659,0.49
5744,3308,8.54
5744,4098,5.5
5745,6460,7.66
5745,2100,9.1
5745,198,9.07
5746,2292,9.03
5746,5490,8.38
5746,115,2.59
5747,9078,9.25
5747,6657,4.61
5747,3881,4.31
5748,6453,3.1
5748,684,8.78
5748,7633,9.76
5749,3225,6.18
5749,9539,7.56
5749,2625,9.31
5750,3813,8.42
5750,3527,0.49
5750,3480,1.11
5751,9652,5.65
5751,2804,2.54
5751,5659,1.81
5752,7914,5.51
5752,498,6.61
5752,9855,0.52
5753,6877,9.94
5753,9490,8.63
5753,1124,6.76
5754,6937,5.02
5754,8381,6.33
5754,2301,3.66
5755,1291,8.03
5755,4566,5.21
5755,4648,6.93
5756,4902,1.17
5756,8627,0.88
5756,6230,8.68
5757,6397,4.68
5757,1537,9.3
5757,7915,9.98
5758,3238,3.78
5758,3083,4.6
5758,4526,4.76
5759,7968,1.93
5759,7858,4.57
5759,4985,0.13
5760,7803,3.98
5760,8372,8.92
5760,4737,0.31
5761,3530,5.59
5761,210,2.87
5761,6663,7.88
5762,2926,1.34
5762,4344,1.02
5762,5066,7.22
5763,1302,8.02
5763,2281,3.9
5763,4992,3.05
5764,8606,9.62
5764,1655,2.22
5764,7015,5.38
5765,7590,5.38
5765,9323,4.97
5765,8228,8.57
5766,4219,8.57
5766,4262,0.2
5766,7614,4.08
5767,2674,8.51
5767,7521,8.15
5767,3560,6.03
5768,3139,2.13
5768,5311,6.23
5768,563,7.21
5769,4727,5.65
5769,4200,6.69
5769,635,7.47
5770,3054,5.19
5770,3510,2.9
5770,3577,4.58
5771,9599,1.99
5771,9674,3.33
5771,7190,0.14
5772,267,9.55
5772,8025,3.59
5772,9964,6.83
5773,4024,8.47
5773,5523,4.37
5773,5305,0.84
5774,6373,4.96
5774,9494,6.85
5774,5870,5.95
5775,5024,3.92
5775,3456,5.45
5775,7240,0.95
5776,4797,2.89
5776,7661,4.65
5776,8878,2.78
5777,4274,3.15
5777,2292,7.77
5777,5779,2.67
5778,3996,1.62
5778,9325,1.01
5778,4822,1.69
5779,2345,3.56
5779,4861,1.99
5779,5188,2.32
5780,2655,0.98
5780,1418,4.49
5780,9780,5.34
5781,6688,5.27
5781,371,5.21
5781,8675,6.52
5782,4122,2.73
5782,9571,3.73
5782,3814,8.72
5783,9220,2.88
5783,3844,3.23
5783,4396,3.18
5784,6540,0.65
5784,4503,7.35
5784,3720,0.78
5785,8213,7.25
5785,4760,6.06
5785,8361,8.79
5786,8037,9.42
5786,5900,3.38
5786,7857,9.64
5787,5956,3.31
5787,6336,0.38
5787,8815,2.63
5788,2295,6.31
5788,4212,8.41
5788,784,1.29
5789,1455,1.73
5789,298,2.8
5789,7506,3.91
5790,9694,2.8
5790,9751,6.33
5790,5993,8.86
5791,6838,3.85
5791,1669,5.98
5791,1017,1.99
5792,3238,7.59
5792,4349,4.68
5792,4242,7.36
5793,3220,9.45
5793,1504,3.84
5793,2847,7.14
5794,3889,3.28
5794,1698,2.06
5794,3208,7.57
5795,366,1.44
5795,6190,8.52
5795,901,9.02
5796,7017,5.65
5796,1974,0.96
5796,3425,3.01
5797,8331,1.83
5797,6592,8.27
5797,2909,1.5
5798,3551,1.17
5798,6187,1.27
5798,7220,4.83
5799,3191,2.49
5799,6392,4.77
5799,5619,1.8
5800,5485,5.33
5800,4876,1.53
5800,3840,6.27
5801,5066,7.39
5801,4780,4.03
5801,9178,4.0
5802,4547,9.03
5802,3826,5.2
5802,8254,6.53
5803,2252,9.02
5803,9382,9.4
5803,5721,6.72
5804,5764,5.18
5804,4495,6.94
5804,2879,1.38
5805,3174,5.37
5805,1889,4.95
5805,1355,7.76
5806,1959,6.77
5806,4599,6.26
5806,9503,7.92
5807,3451,3.8
5807,381,2.97
5807,3071,9.0
5808,4566,4.53
5808,748,0.95
5808,5113,4.16
5809,7614,0.96
5809,6731,9.69
5809,4440,6.05
5810,2958,9.23
5810,7087,5.55
5810,7590,4.19
5811,3112,2.0
5811,617,7.31
5811,1242,1.13
5812,4815,2.7
5812,7241,3.25
5812,7286,2.6
5813,7074,3.43
5813,774,9.49
5813,9684,5.44
5814,7,0.15
5814,7924,5.49
5814,7902,2.43
5815,4640,4.76
5815,5467,8.96
5815,7338,0.37
5816,711,1.49
5816,9078,3.53
5816,6158,8.9
5817,9917,8.28
5817,9020,5.86
5817,3821,4.14
5818,2530,0.18
5818,2667,5.29
5818,4940,8.19
5819,8706,3.69
5819,483,7.44
5819,8394,0.35
5820,5343,1.13
5820,9943,4.16
5820,2409,6.76
5821,9117,4.6
5821,2684,4.33
5821,7791,5.41
5822,2546,5.66
5822,4829,5.87
5822,1536,3.38
5823,4018,0.96
5823,5504,6.91
5823,2409,1.1
5824,9697,6.29
5824,2596,4.57
5824,8752,0.48
5825,3536,2.93
5825,3494,0.22
5825,3465,7.52
5826,2572,2.56
5826,3390,6.38
5826,9839,7.68
5827,7537,1.84
5827,9103,6.64
5827,5238,7.31
5828,4228,0.82
5828,4349,3.08
5828,479,4.37
5829,8831,0.72
5829,7229,9.23
5829,5085,5.71
5830,4638,8.41
5830,3460,4.03
5830,8427,9.99
5831,8879,6.13
5831,3514,0.51
5831,7921,1.1
5832,9375,0.37
5832,8250,9.68
5832,3712,1.55
5833,4083,6.25
5833,8666,5.0
5833,4224,9.44
5834,4712,0.22
5834,3623,9.85
5834,1758,3.48
5835,5326,3.71
5835,3145,5.48
5835,5105,8.41
5836,7995,2.07
5836,8656,2.1
5836,8304,4.12
5837,401,5.39
5837,6855,9.88
5837,4483,6.19
5838,9914,2.8
5838,7568,4.27
5838,9615,5.95
5839,8310,8.69
5839,9810,0.35
5839,3414,0.23
5840,9055,0.27
5840,6261,8.68
5840,3538,2.53
5841,3722,0.52
5841,3342,3.06
5841,3208,0.11
5842,2417,2.83
5842,7776,1.18
5842,3211,8.97
5843,3133,7.18
5843,8681,9.09
5843,9755,5.3
5844,2370,2.05
5844,5015,5.28
5844,1044,5.56
5845,4813,2.78
5845,5827,8.38
5845,8814,8.07
5846,162,3.86
5846,7697,8.83
5846,2132,0.99
5847,6376,8.93
5847,9895,1.01
5847,3620,4.83
5848,3538,8.05
5848,7630,2.11
5848,9763,4.32
5849,5773,0.89
5849,235,2.24
5849,2381,5.82
5850,629,3.33
5850,3147,3.3
5850,3395,5.61
5851,7297,5.83
5851,7316,0.42
5851,1667,1.4
5852,4271,3.52
5852,9710,8.31
5852,9535,0.16
5853,581,1.05
5853,1963,8.79
5853,4939,2.06
5854,1316,0.42
5854,2916,1.54
5854,4950,9.38
5855,8469,0.92
5855,8604,5.84
5855,1020,9.79
5856,8101,6.29
5856,8013,4.98
5856,4829,4.78
5857,2202,8.12
5857,549,8.78
5857,7719,8.87
5858,888,1.85
5858,8761,2.37
5858,2308,8.43
5859,2318,5.07
5859,1267,8.44
5859,7956,8.75
5860,7147,6.03
5860,4114,8.46
5860,5754,8.46
5861,9250,3.24
5861,9712,3.77
5861,3554,3.39
5862,1182,9.12
5862,5940,5.28
5862,1849,7.46
5863,4315,6.4
5863,8717,7.93
5863,6116,8.7
5864,9248,7.0
5864,9790,5.9
5864,4273,7.88
5865,5244,0.2
5865,4590,9.75
5865,1999,5.95
5866,2408,6.59
5866,6744,8.88
5866,784,9.86
5867,5035,5.35
5867,7485,2.84
5867,5361,6.08
5868,2058,3.09
5868,2348,7.81
5868,3110,4.78
5869,9846,8.94
5869,9339,3.91
5869,206,5.75
5870,8613,5.96
5870,9688,2.84
5870,2342,7.6
5871,7730,7.02
5871,4381,6.99
5871,1228,2.16
5872,2700,1.24
5872,1485,4.63
5872,2827,1.43
5873,3281,0.72
5873,1059,5.28
5873,5196,4.51
5874,8931,9.19
5874,9363,1.63
5874,6522,9.02
5875,2053,4.6
5875,1798,1.97
5875,9043,0.52
5876,8644,9.85
5876,9178,2.92
5876,3568,2.0
5877,6985,4.58
5877,4390,9.23
5877,1792,8.01
5878,4335,9.4
5878,1141,0.39
5878,8692,7.92
5879,1955,9.34
5879,2289,6.25
5879,9680,0.79
5880,1420,3.55
5880,8451,3.75
5880,4661,4.05
5881,5022,1.64
5881,492,7.17
5881,8003,0.67
5882,876,8.82
5882,7280,7.08
5882,1250,9.11
5883,250,8.79
5883,4303,0.73
5883,4970,5.8
5884,4545,7.99
5884,2609,5.84
5884,4026,3.93
5885,6368,5.41
5885,2564,2.22
5885,8245,5.01
5886,8051,9.54
5886,584,9.71
5886,5663,0.54
5887,5144,0.92
5887,4179,0.53
5887,3818,3.75
5888,3395,5.75
5888,4120,9.87
5888,4690,7.0
5889,1820,6.38
5889,4091,0.77
5889,2437,9.09
5890,3709,3.84
5890,7381,1.01
5890,7045,6.65
5891,4592,7.64
5891,2818,3.6
5891,3846,9.24
5892,2932,0.81
5892,2166,1.13
5892,958,8.36
5893,2757,3.44
5893,2188,1.95
5893,6217,0.73
5894,7408,6.11
5894,9375,4.87
5894,4180,6.93
5895,8623,8.47
5895,2916,6.03
5895,6143,4.16
5896,739,2.59
5896,1334,9.29
5896,8842,5.67
5897,9430,9.08
5897,4641,0.24
5897,1440,0.63
5898,3259,6.56
5898,1953,7.08
5898,2051,8.43
5899,9848,8.51
5899,9509,5.93
5899,1656,7.16
5900,1088,9.36
5900,5494,7.06
5900,2549,3.19
5901,1081,9.81
5901,1043,2.8
5901,8924,9.54
5902,9117,8.84
5902,3120,0.24
5902,5406,2.07
5903,2796,7.2
5903,142,1.22
5903,1784,6.14
5904,6268,3.48
5904,8165,2.61
5904,963,8.89
5905,2162,1.72
5905,3871,5.17
5905,1364,6.78
5906,2472,5.57
5906,6674,6.86
5906,1432,8.0
5907,4253,2.68
5907,4384,2.53
5907,8225,6.56
5908,1440,6.6
5908,4282,3.53
5908,1690,3.24
5909,6564,5.78
5909,2013,5.39
5909,5804,3.14
5910,444,2.43
5910,1686,4.12
5910,5201,3.57
5911,6290,6.1
5911,7266,8.63
5911,8778,4.17
5912,5826,7.69
5912,6548,6.28
5912,9495,3.67
5913,1619,4.79
5913,7607,4.05
5913,4310,8.51
5914,1018,4.17
5914,4012,6.74
5914,6563,2.05
5915,5999,1.04
5915,7148,5.41
5915,3067,7.62
5916,6684,6.96
5916,3849,2.2
5916,2405,2.66
5917,1500,3.57
5917,6089,5.11
5917,3517,7.81
5918,6890,2.19
5918,1283,0.49
5918,1807,9.88
5919,6095,6.22
5919,2631,1.04
5919,3355,8.73
5920,4969,7.38
5920,649,6.48
5920,7100,7.28
5921,4861,2.35
5921,1474,1.95
5921,7989,2.88
5922,8556,8.86
5922,662,6.64
5922,9738,1.02
5923,1566,0.37
5923,9088,9.85
5923,3864,1.58
5924,256,9.39
5924,4191,4.47
5924,1846,8.74
5925,6490,1.42
5925,1294,4.66
5925,9148,1.55
5926,6053,2.74
5926,5976,6.05
5926,8782,5.47
5927,3247,6.42
5927,6971,5.38
5927,279,6.39
5928,5138,0.54
5928,3443,2.29
5928,6574,7.81
5929,5829,8.96
5929,4801,1.78
5929,6842,9.93
5930,1400,9.64
5930,3571,0.4
5930,7893,2.97
5931,6304,7.99
5931,2453,9.72
5931,8707,7.3
5932,8225,8.28
5932,1897,5.12
5932,8452,9.07
5933,5602,5.32
5933,8982,1.9
5933,3253,7.82
5934,8552,4.87
5934,7776,5.48
5934,4563,6.83
5935,1188,5.74
5935,7957,7.58
5935,333,8.07
5936,803,3.99
5936,952,1.26
5936,6202,3.47
5937,7109,4.5
5937,4911,4.92
5937,810,2.14
5938,615,4.21
5938,4899,1.81
5938,1254,7.21
5939,3254,4.19
5939,5624,5.41
5939,7329,6.37
5940,8243,6.35
5940,2288,3.67
5940,8045,8.53
5941,9977,9.99
5941,7122,9.1
5941,7888,8.28
5942,7262,2.92
5942,8574,1.42
5942,1674,4.28
5943,3478,4.02
5943,5660,4.0
5943,3914,1.89
5944,7181,9.51
5944,3586,3.86
5944,2162,2.26
5945,4421,9.34
5945,9993,0.34
5945,3691,5.07
5946,5934,2.84
5946,3839,7.92
5946,3366,0.62
5947,786,6.01
5947,9930,6.04
5947,7693,8.44
5948,3660,3.02
5948,4297,6.3
5948,3293,2.92
5949,8058,8.07
5949,3763,0.86
5949,5091,3.87
5950,9156,9.61
5950,5704,8.61
5950,7048,4.88
5951,6483,5.05
5951,2106,6.26
5951,5307,1.64
5952,2113,2.52
5952,4157,8.5
5952,1560,1.24
5953,3008,2.92
5953,6905,2.34
5953,5450,6.25
5954,8282,9.09
5954,3584,0.75
5954,9820,6.34
5955,1360,4.99
5955,8318,4.33
5955,5210,6.14
5956,6584,5.53
5956,1910,2.94
5956,9067,0.14
5957,1527,2.26
5957,4201,6.61
5957,1210,0.68
5958,3024,3.43
5958,4033,4.84
5958,2313,9.55
5959,5022,4.93
5959,6221,1.42
5959,7669,6.64
5960,7919,8.08
5960,6721,6.51
5960,1334,0.68
5961,4536,9.67
5961,3002,7.49
5961,2957,4.91
5962,2816,8.09
5962,1156,8.24
5962,8932,6.04
5963,905,6.03
5963,3932,1.57
5963,2436,9.96
5964,7287,3.52
5964,2165,1.61
5964,3714,5.3
5965,6110,6.14
5965,8078,2.21
5965,1599,1.43
5966,129,2.39
5966,5206,3.39
5966,8621,8.21
5967,4843,3.46
5967,8307,2.57
5967,8798,8.22
5968,9866,6.55
5968,2644,8.2
5968,7685,1.51
5969,5224,8.28
5969,1147,4.05
5969,3978,2.53
5970,2671,7.79
5970,6663,3.66
5970,5318,9.87
5971,571,5.04
5971,8237,4.6
5971,5885,0.55
5972,6993,4.35
5972,7589,6.45
5972,1552,1.18
5973,226,3.88
5973,9422,5.64
5973,1296,5.73
5974,4798,8.18
5974,2929,2.43
5974,3674,1.31
5975,1013,1.43
5975,4914,1.06
5975,1031,0.19
5976,4930,6.0
5976,1357,4.24
5976,7518,8.98
5977,4213,8.04
5977,6345,6.06
5977,4378,4.69
5978,783,7.55
5978,794,6.04
5978,2740,9.3
5979,5682,5.87
5979,7977,1.89
5979,7272,6.52
5980,8736,2.17
5980,9466,2.04
5980,2730,5.4
5981,3688,5.23
5981,8107,2.38
5981,1894,3.03
5982,773,7.52
5982,2007,6.45
5982,6145,8.52
5983,8401,8.32
5983,8927,8.4
5983,4227,6.77
5984,1462,2.85
5984,2219,9.53
5984,6345,6.34
5985,7609,2.64
5985,4621,3.18
5985,1228,7.21
5986,4133,9.87
5986,7598,0.58
5986,8647,6.14
5987,3916,4.66
5987,9933,7.98
5987,3614,1.04
5988,9288,9.36
5988,4743,5.39
5988,4754,7.42
5989,9518,6.28
5989,1360,9.32
5989,3071,0.59
5990,1385,5.55
5990,5471,8.35
5990,9533,6.45
5991,4627,7.36
5991,6850,6.28
5991,8702,4.2
5992,3491,6.41
5992,3825,3.59
5992,8024,4.79
5993,8730,6.54
5993,9007,9.14
5993,5900,7.03
5994,463,3.74
5994,9961,2.07
5994,9226,2.26
5995,8322,7.14
5995,5544,3.03
5995,1677,5.17
5996,9382,0.46
5996,5038,4.94
5996,4282,3.77
5997,4079,1.12
5997,2347,9.55
5997,6423,8.51
5998,4864,0.2
5998,5857,3.36
5998,2265,6.5
5999,1638,7.18
5999,9116,5.39
5999,3833,6.48
6000,963,8.23
6000,1083,5.21
6000,1966,1.74
6001,5698,1.52
6001,4657,3.18
6001,5342,1.0
6002,3450,1.97
6002,2937,7.78
6002,8701,2.52
6003,8026,8.02
6003,4397,8.38
6003,2932,2.32
6004,6510,4.49
6004,6270,7.31
6004,6074,0.67
6005,1788,8.1
6005,7964,1.35
6005,3534,5.28
6006,3426,4.36
6006,6006,7.31
6006,4774,2.02
6007,8959,8.16
6007,7956,9.62
6007,502,8.69
6008,8290,6.19
6008,8666,6.27
6008,9582,6.24
6009,8485,1.42
6009,8465,1.06
6009,4202,5.82
6010,4827,1.42
6010,7116,1.41
6010,8019,4.4
6011,9730,9.3
6011,8892,1.51
6011,2893,8.5
6012,24,1.99
6012,1883,5.36
6012,6914,5.35
6013,3297,7.33
6013,2393,1.05
6013,463,8.48
6014,8676,4.03
6014,2728,8.79
6014,8360,8.95
6015,6274,9.55
6015,2423,2.87
6015,2311,6.51
6016,3702,9.56
6016,4047,4.88
6016,6105,2.7
6017,728,0.19
6017,616,5.53
6017,7681,9.86
6018,5229,1.61
6018,1071,5.03
6018,302,9.12
6019,1679,7.65
6019,5386,0.54
6019,5222,3.56
6020,4201,6.39
6020,5788,6.97
6020,9244,8.75
6021,3464,0.69
6021,2603,8.86
6021,9283,7.71
6022,165,5.17
6022,1604,7.99
6022,2582,7.81
6023,1261,2.85
6023,4376,6.22
6023,6868,7.44
6024,9801,8.15
6024,6462,2.29
6024,6175,5.44
6025,8138,3.62
6025,1665,4.63
6025,5545,4.64
6026,8350,9.68
6026,6981,1.9
6026,1285,7.55
6027,1273,8.57
6027,3738,9.65
6027,5339,5.84
6028,9296,5.27
6028,2161,9.38
6028,9668,4.47
6029,6654,8.41
6029,9810,5.31
6029,7884,2.14
6030,4990,8.31
6030,5050,9.4
6030,8812,0.47
6031,6372,6.06
6031,4995,9.58
6031,4224,6.55
6032,9830,1.2
6032,774,7.34
6032,3059,5.91
6033,495,0.49
6033,7649,3.4
6033,5648,3.32
6034,3402,1.21
6034,9655,1.23
6034,1895,2.03
6035,71,7.33
6035,5450,2.19
6035,6921,6.31
6036,6367,3.61
6036,833,5.59
6036,4211,5.57
6037,6564,5.2
6037,7851,6.54
6037,3983,5.63
6038,3274,6.54
6038,947,2.43
6038,8011,8.62
6039,6156,0.65
6039,2359,2.1
6039,7725,4.98
6040,3557,4.68
6040,5078,2.45
6040,7913,6.41
6041,8229,8.05
6041,4376,3.45
6041,2223,4.16
6042,9480,2.66
6042,2556,3.12
6042,8616,0.56
6043,6654,1.71
6043,7974,5.85
6043,4238,6.7
6044,3823,3.25
6044,6982,6.61
6044,5446,9.14
6045,3085,4.53
6045,5262,4.57
6045,2192,5.09
6046,7819,9.05
6046,8612,6.21
6046,4724,1.46
6047,8222,0.55
6047,2215,7.19
6047,70,9.7
6048,4124,2.69
6048,6739,7.32
6048,7462,1.83
6049,2982,5.37
6049,3387,4.75
6049,2146,3.62
6050,2788,6.9
6050,5953,2.81
6050,8583,8.8
6051,4017,7.46
6051,5421,4.15
6051,4291,5.46
6052,9860,0.11
6052,1019,3.02
6052,2566,3.62
6053,4295,2.41
6053,1321,6.59
6053,9475,4.32
6054,9849,2.48
6054,6057,2.43
6054,1810,0.59
6055,8063,1.11
6055,431,7.85
6055,3633,8.27
6056,8181,3.83
6056,4575,6.72
6056,9788,1.69
6057,814,7.35
6057,6567,6.49
6057,705,5.09
6058,511,4.24
6058,9099,4.58
6058,8123,3.75
6059,7172,2.53
6059,139,6.64
6059,9921,6.02
6060,2800,9.08
6060,663,2.14
6060,9536,9.78
6061,5359,8.68
6061,7247,5.16
6061,8497,1.43
6062,608,2.6
6062,809,6.48
6062,1631,1.28
6063,5778,3.81
6063,1246,3.0
6063,1029,1.83
6064,9765,8.78
6064,9979,2.52
6064,9557,8.07
6065,2939,9.02
6065,9671,0.39
6065,8881,0.43
6066,7255,0.58
6066,8917,9.94
6066,4101,7.8
6067,6549,4.77
6067,2859,2.26
6067,9895,4.67
6068,2840,9.18
6068,5334,8.16
6068,2782,0.19
6069,9339,2.23
6069,9706,2.86
6069,9589,7.71
6070,3484,9.35
6070,3551,8.07
6070,3691,5.48
6071,8923,1.08
6071,107,7.67
6071,5494,9.81
6072,8658,5.79
6072,864,6.43
6072,6370,8.24
6073,8375,2.94
6073,4405,7.05
6073,2768,4.91
6074,1870,0.14
6074,3784,1.86
6074,2495,8.97
6075,7014,8.33
6075,8550,8.98
6075,4853,1.59
6076,5005,2.7
6076,1033,0.59
6076,1128,5.93
6077,1987,0.36
6077,1469,5.82
6077,6719,5.53
6078,4535,8.4
6078,9162,6.59
6078,5953,2.67
6079,9582,9.2
6079,9584,5.1
6079,6507,0.21
6080,6804,5.93
6080,3343,1.81
6080,2892,5.46
6081,7413,3.64
6081,87,7.07
6081,4203,5.45
6082,9307,4.61
6082,4154,6.02
6082,407,0.41
6083,8212,3.1
6083,3208,9.79
6083,2683,0.89
6084,9555,3.7
6084,5294,6.33
6084,340,7.92
6085,3408,0.16
6085,4985,9.84
6085,1788,2.04
6086,4909,0.42
6086,1798,4.06
6086,1668,5.5
6087,6477,5.86
6087,9506,7.93
6087,1227,6.11
6088,8608,5.58
6088,3004,7.03
6088,4543,0.13
6089,5140,0.19
6089,8189,8.81
6089,4890,3.8
6090,4723,4.46
6090,4507,1.06
6090,40,3.42
6091,799,3.98
6091,1333,1.73
6091,4445,1.13
6092,8636,7.72
6092,5754,4.35
6092,5254,1.12
6093,3744,5.92
6093,5171,0.42
6093,1075,8.86
6094,3767,4.86
6094,3152,1.6
6094,9432,9.32
6095,5333,5.14
6095,2649,7.12
6095,9887,3.26
6096,5834,2.16
6096,1068,6.3
6096,5007,5.73
6097,2342,6.46
6097,1371,6.36
6097,8786,1.73
6098,6010,8.52
6098,6734,1.55
6098,1902,5.42
6099,8105,7.43
6099,2496,2.86
6099,989,2.97
6100,3204,9.38
6100,2860,9.87
6100,1291,7.19
6101,6679,9.54
6101,880,1.21
6101,7687,4.27
6102,7103,6.39
6102,5656,3.51
6102,4272,7.84
6103,5287,5.79
6103,7797,8.75
6103,7776,7.35
6104,4482,7.7
6104,6276,2.08
6104,9079,3.46
6105,5685,7.02
6105,8398,0.45
6105,125,4.47
6106,763,5.18
6106,6736,4.94
6106,1041,5.74
6107,2992,7.47
6107,559,5.7
6107,530,8.02
6108,4698,4.58
6108,556,5.0
6108,9230,3.95
6109,5980,9.99
6109,8841,6.18
6109,290,5.91
6110,5492,9.48
6110,7625,1.83
6110,4464,9.02
6111,8753,4.57
6111,3064,3.5
6111,3121,5.42
6112,7405,5.92
6112,1246,7.88
6112,9418,6.11
6113,7105,0.93
6113,5508,2.16
6113,5377,4.84
6114,5356,8.13
6114,633,9.14
6114,9386,0.91
6115,3615,3.05
6115,7434,7.8
6115,30,0.3
6116,3306,6.02
6116,7140,7.11
6116,7784,8.98
6117,3999,6.05
6117,5396,0.16
6117,8126,9.29
6118,3896,9.21
6118,575,5.69
6118,1594,2.52
6119,4254,7.44
6119,149,5.26
6119,2996,7.07
6120,4886,2.23
6120,2832,6.84
6120,4850,9.32
6121,7087,4.43
6121,6660,6.85
6121,468,4.0
6122,1602,1.11
6122,1959,3.32
6122,9639,1.03
6123,3245,0.2
6123,3464,1.89
6123,570,8.08
6124,4087,3.52
6124,5025,7.04
6124,4717,7.08
6125,8036,3.62
6125,7725,3.69
6125,8915,4.82
6126,1949,5.61
6126,3535,9.38
6126,2985,1.63
6127,6732,4.08
6127,6693,2.41
6127,2269,4.45
6128,3250,5.2
6128,8435,9.51
6128,4167,4.5
6129,2631,5.49
6129,2648,1.94
6129,2360,5.4
6130,6650,4.42
6130,3464,6.17
6130,2669,5.68
6131,7213,1.18
6131,1892,0.84
6131,443,1.69
6132,2321,5.66
6132,4423,8.34
6132,1001,6.6
6133,4793,2.32
6133,8881,9.97
6133,8824,5.69
6134,1147,9.05
6134,6583,5.39
6134,4979,4.13
6135,8878,7.14
6135,9485,4.92
6135,8560,5.03
6136,8966,2.66
6136,4669,9.72
6136,900,5.26
6137,6255,8.75
6137,8292,9.68
6137,4121,1.01
6138,7347,3.52
6138,6747,7.03
6138,203,3.74
6139,6491,4.02
6139,5528,0.28
6139,2515,2.92
6140,3919,2.21
6140,4716,3.81
6140,6154,7.62
6141,1015,5.34
6141,4511,7.75
6141,1897,0.73
6142,2216,1.05
6142,6154,1.04
6142,5238,1.72
6143,801,4.13
6143,1073,1.32
6143,6708,9.37
6144,3143,1.3
6144,5180,2.56
6144,7911,6.62
6145,1872,0.91
6145,1463,3.76
6145,6346,7.93
6146,9040,5.15
6146,748,2.74
6146,6109,6.02
6147,3558,3.82
6147,6941,6.03
6147,3404,3.23
6148,8274,6.62
6148,3143,3.06
6148,6778,4.63
6149,3165,9.61
6149,5440,1.94
6149,4996,4.96
6150,4217,1.89
6150,409,8.5
6150,6625,1.65
6151,7091,9.29
6151,135,5.47
6151,3398,9.37
6152,1135,8.28
6152,8423,7.99
6152,8691,5.72
6153,1640,2.21
6153,7609,4.1
6153,2729,5.4
6154,5774,5.81
6154,460,8.68
6154,1486,1.87
6155,4487,0.74
6155,1893,7.89
6155,3563,0.14
6156,454,2.27
6156,4992,9.2
6156,2416,9.97
6157,2514,0.87
6157,9986,3.42
6157,5463,7.85
6158,2587,7.59
6158,2613,6.09
6158,2006,5.25
6159,6355,0.96
6159,3338,3.34
6159,4950,2.99
6160,9840,1.0
6160,1760,3.87
6160,2257,7.05
6161,4200,3.58
6161,3677,1.52
6161,2691,8.88
6162,1587,1.58
6162,2516,6.46
6162,6708,7.03
6163,5469,6.25
6163,5447,1.0
6163,5122,6.12
6164,6091,0.45
6164,1585,2.42
6164,2860,8.65
6165,3241,5.33
6165,1670,0.98
6165,6462,1.63
6166,3,2.53
6166,2635,9.83
6166,2437,9.26
6167,4842,5.75
6167,8949,5.86
6167,5729,4.81
6168,2581,0.13
6168,6562,6.67
6168,7045,3.45
6169,2835,3.95
6169,7972,1.25
6169,1606,4.9
6170,1574,1.7
6170,7690,6.41
6170,5528,5.54
6171,1288,6.31
6171,5194,6.09
6171,4323,5.85
6172,961,7.25
6172,9451,0.2
6172,4411,8.06
6173,2334,2.1
6173,7593,9.26
6173,1018,2.86
6174,8028,3.99
6174,9990,0.14
6174,4663,4.58
6175,5945,6.09
6175,9169,7.53
6175,3526,3.68
6176,1163,6.19
6176,2276,8.26
6176,208,9.46
6177,708,7.13
6177,4279,0.17
6177,9025,6.32
6178,8160,6.3
6178,4667,0.2
6178,2444,0.31
6179,2853,1.12
6179,6745,1.14
6179,56,9.32
6180,8660,0.57
6180,4653,3.45
6180,1470,0.66
6181,140,9.83
6181,8583,9.33
6181,6220,10.0
6182,8862,6.27
6182,3753,6.53
6182,3541,9.52
6183,7487,3.33
6183,9858,3.81
6183,4564,7.04
6184,8683,0.42
6184,3599,0.96
6184,3876,7.73
6185,3169,7.79
6185,1107,1.85
6185,8951,9.2
6186,4899,6.23
6186,2129,4.68
6186,450,8.94
6187,7308,7.7
6187,34,8.59
6187,7981,0.15
6188,4385,7.19
6188,397,7.31
6188,8267,7.54
6189,6001,3.13
6189,6291,5.92
6189,3418,0.69
6190,9739,4.65
6190,9837,0.28
6190,8070,4.38
6191,3846,8.66
6191,7190,2.27
6191,1487,3.56
6192,2216,4.76
6192,5452,8.69
6192,2810,6.07
6193,129,7.88
6193,1748,4.88
6193,4926,5.6
6194,4940,7.96
6194,907,9.44
6194,5818,8.94
6195,6217,9.22
6195,8953,2.74
6195,8411,9.33
6196,9628,4.47
6196,8556,8.45
6196,8652,4.11
6197,7565,5.17
6197,8658,2.72
6197,2858,3.69
6198,8151,4.07
6198,6635,5.9
6198,9961,7.66
6199,6835,0.57
6199,3357,2.38
6199,3094,4.89
6200,4684,0.3
6200,3558,2.84
6200,7270,4.91
6201,7174,7.6
6201,4498,7.87
6201,8381,5.1
6202,6803,4.6
6202,9758,8.17
6202,7269,9.73
6203,7825,4.67
6203,5387,3.93
6203,5743,2.67
6204,6448,0.18
6204,898,8.97
6204,3675,4.44
6205,9919,7.58
6205,2948,3.19
6205,8665,8.5
6206,9465,9.02
6206,7644,4.21
6206,6539,6.0
6207,3734,3.28
6207,7596,1.61
6207,6744,2.26
6208,4206,5.83
6208,5887,5.37
6208,3887,6.02
6209,3412,3.15
6209,2477,8.92
6209,8758,6.99
6210,4275,6.65
6210,3776,4.6
6210,4247,0.64
6211,3425,2.6
6211,6779,7.05
6211,9760,1.59
6212,2724,2.54
6212,941,9.06
6212,8508,0.68
6213,2430,2.69
6213,5894,1.77
6213,2365,7.31
6214,516,0.15
6214,7444,6.55
6214,3359,6.68
6215,1693,3.28
6215,1911,9.15
6215,4291,5.15
6216,8394,7.59
6216,5593,2.7
6216,9959,7.65
6217,462,5.58
6217,3197,3.06
6217,7883,9.77
6218,7570,3.93
6218,267,3.51
6218,7044,3.73
6219,3256,2.65
6219,1156,9.44
6219,7026,1.1
6220,1875,7.57
6220,3833,6.21
6220,9244,8.83
6221,7084,8.73
6221,13,7.83
6221,1444,8.23
6222,6395,0.75
6222,3794,3.9
6222,7741,2.21
6223,2559,1.08
6223,9587,1.44
6223,7066,1.21
6224,8771,4.27
6224,7566,2.48
6224,1367,9.61
6225,3119,5.14
6225,5261,1.38
6225,464,8.1
6226,5151,7.04
6226,2920,3.09
6226,1678,3.65
6227,9578,1.27
6227,8383,7.53
6227,8840,1.46
6228,3568,1.68
6228,4381,3.3
6228,3616,9.2
6229,4830,4.9
6229,3091,1.05
6229,7531,6.96
6230,7096,3.65
6230,3767,5.13
6230,6256,4.96
6231,7352,6.25
6231,2564,3.47
6231,8553,6.48
6232,1560,8.67
6232,9063,6.71
6232,3586,4.27
6233,9421,9.45
6233,8257,9.21
6233,5838,6.49
6234,3656,7.4
6234,1601,6.37
6234,9017,3.25
6235,1299,3.55
6235,4605,3.36
6235,2073,7.24
6236,3943,9.92
6236,5265,6.36
6236,9771,3.66
6237,3283,1.34
6237,7580,8.14
6237,9870,9.16
6238,1672,1.97
6238,3301,6.27
6238,1972,3.85
6239,2881,2.28
6239,8552,1.02
6239,8699,0.83
6240,7862,2.2
6240,814,5.7
6240,1243,4.18
6241,9743,2.2
6241,5384,2.25
6241,883,4.44
6242,252,5.39
6242,6228,6.45
6242,5234,2.47
6243,1433,1.12
6243,7738,3.23
6243,3307,2.96
6244,3023,9.41
6244,5135,3.96
6244,8557,4.65
6245,6975,6.82
6245,1123,3.02
6245,7642,3.28
6246,8367,8.64
6246,6050,7.14
6246,8346,0.59
6247,6304,3.15
6247,1406,3.92
6247,1751,7.54
6248,8606,5.13
6248,6693,8.71
6248,3112,7.53
6249,8195,2.67
6249,250,0.47
6249,6212,9.63
6250,4050,8.45
6250,3364,4.98
6250,6405,6.63
6251,8494,2.45
6251,7096,1.06
6251,784,8.85
6252,5140,8.04
6252,8126,5.59
6252,7147,3.66
6253,9116,2.11
6253,102,6.25
6253,6344,5.87
6254,6204,8.14
6254,7005,2.25
6254,7904,6.11
6255,9868,6.08
6255,996,9.01
6255,3594,9.32
6256,8218,3.9
6256,5877,6.16
6256,897,4.84
6257,881,7.52
6257,8768,8.62
6257,3448,6.85
6258,1192,4.3
6258,3694,4.87
6258,1975,6.72
6259,2688,4.46
6259,2197,1.05
6259,771,5.96
6260,1419,6.86
6260,5490,7.33
6260,5860,8.04
6261,6395,3.4
6261,4410,0.72
6261,7113,1.2
6262,1863,6.59
6262,7195,1.36
6262,243,8.79
6263,6642,7.63
6263,3765,9.45
6263,1837,2.01
6264,2666,1.43
6264,2192,7.97
6264,9466,2.32
6265,5835,9.56
6265,7646,7.23
6265,5353,1.34
6266,8191,7.86
6266,3813,2.51
6266,8947,2.57
6267,5692,8.62
6267,6672,3.54
6267,2761,6.99
6268,3164,1.73
6268,7946,4.84
6268,12,1.83
6269,6534,3.76
6269,7805,8.16
6269,8681,2.06
6270,3155,3.06
6270,3956,2.31
6270,8012,7.62
6271,6657,4.84
6271,9461,6.51
6271,9237,1.35
6272,2581,4.84
6272,3035,6.03
6272,159,8.67
6273,8359,4.49
6273,8694,1.9
6273,7194,5.11
6274,5742,5.74
6274,5094,4.52
6274,5417,3.01
6275,72,6.24
6275,5640,2.44
6275,6744,4.89
6276,2367,6.29
6276,4715,9.94
6276,6445,3.18
6277,9766,1.04
6277,2324,7.53
6277,2004,2.38
6278,8351,4.28
6278,1818,5.46
6278,8519,1.55
6279,2314,1.55
6279,1911,7.46
6279,5244,0.34
6280,2550,4.98
6280,3848,0.39
6280,3384,9.25
6281,3970,5.59
6281,6450,6.65
6281,8161,0.6
6282,9865,8.66
6282,9135,1.36
6282,8646,3.63
6283,2134,3.76
6283,4114,3.89
6283,2521,8.48
6284,700,5.02
6284,5231,5.24
6284,648,2.53
6285,436,7.83
6285,2362,8.75
6285,875,3.58
6286,4386,0.15
6286,5006,2.7
6286,5046,4.93
6287,5,0.76
6287,9684,2.04
6287,9687,7.83
6288,4521,2.52
6288,8472,4.3
6288,70,0.5
6289,5447,9.48
6289,9787,2.09
6289,4246,9.29
6290,3734,2.55
6290,4039,7.76
6290,1760,2.85
6291,4222,1.42
6291,1506,0.52
6291,1127,5.43
6292,2322,5.97
6292,345,9.31
6292,2226,1.24
6293,543,0.65
6293,5895,0.58
6293,8803,4.81
6294,9055,3.8
6294,3539,3.01
6294,986,4.12
6295,6158,7.78
6295,5779,5.01
6295,9472,2.91
6296,1395,3.19
6296,8995,3.83
6296,4789,9.6
6297,5958,8.1
6297,6593,1.54
6297,5642,7.86
6298,6804,7.36
6298,1423,9.41
6298,4703,5.08
6299,8945,6.99
6299,6106,6.28
6299,9759,1.07
6300,945,0.23
6300,6211,1.05
6300,4950,2.95
6301,3984,5.89
6301,3222,7.95
6301,6331,9.76
6302,9923,4.06
6302,2759,5.07
6302,3653,0.99
6303,860,0.98
6303,27,1.32
6303,3631,4.25
6304,4091,0.57
6304,7405,6.09
6304,8944,6.01
6305,8696,2.25
6305,5598,3.45
6305,4130,9.49
6306,4955,2.85
6306,3691,9.0
6306,791,7.3
6307,7569,1.78
6307,866,8.3
6307,7215,8.8
6308,9658,2.87
6308,763,0.96
6308,7731,7.56
6309,303,0.2
6309,4069,9.24
6309,1738,1.44
6310,4358,9.68
6310,3162,0.5
6310,9708,4.56
6311,9329,2.59
6311,9243,4.69
6311,796,5.14
6312,3334,6.2
6312,9337,9.42
6312,850,9.71
6313,4723,4.29
6313,9086,5.0
6313,5591,7.38
6314,5461,7.85
6314,8565,3.73
6314,1538,2.81
6315,9360,7.85
6315,7036,8.41
6315,9243,3.59
6316,5675,4.55
6316,5282,7.27
6316,7536,5.73
6317,2289,7.4
6317,9063,1.77
6317,4753,4.22
6318,9074,1.57
6318,4,7.39
6318,8405,3.38
6319,186,5.44
6319,5484,7.45
6319,9540,4.34
6320,7508,7.05
6320,7596,2.3
6320,2903,5.26
6321,5723,7.9
6321,4542,8.54
6321,7691,1.29
6322,8285,1.73
6322,6596,9.22
6322,5704,1.38
6323,8077,9.36
6323,5034,4.88
6323,4365,2.37
6324,5643,0.76
6324,5293,1.59
6324,1727,2.27
6325,8001,3.06
6325,6362,6.77
6325,7103,0.23
6326,5757,2.44
6326,5819,8.02
6326,5946,7.21
6327,8649,7.57
6327,1700,4.88
6327,1947,0.55
6328,6299,6.83
6328,1800,6.75
6328,6759,2.62
6329,275,2.14
6329,4403,2.7
6329,1703,4.67
6330,2144,5.75
6330,7941,1.54
6330,9319,3.14
6331,7977,5.62
6331,902,8.78
6331,7480,2.01
6332,9977,0.16
6332,5991,4.72
6332,9395,2.12
6333,3230,6.7
6333,8091,4.77
6333,8899,4.26
6334,8993,4.35
6334,6670,7.08
6334,6796,7.02
6335,6313,5.59
6335,6066,2.78
6335,4218,7.61
6336,4977,1.09
6336,6608,0.37
6336,158,1.69
6337,7465,7.57
6337,9768,1.19
6337,3593,0.89
6338,7929,8.21
6338,2014,5.39
6338,4603,0.62
6339,862,1.82
6339,6623,9.45
6339,3522,6.86
6340,9493,1.08
6340,6277,2.67
6340,6928,3.84
6341,2463,2.1
6341,6225,4.08
6341,4492,1.99
6342,7588,7.29
6342,3500,3.89
6342,3024,5.35
6343,3925,7.09
6343,4491,2.43
6343,8912,6.55
6344,4753,7.59
6344,1859,7.94
6344,9333,8.23
6345,5859,0.98
6345,8646,1.4
6345,8080,7.11
6346,4324,1.93
6346,781,9.66
6346,6157,6.84
6347,922,4.83
6347,6382,4.49
6347,8365,1.43
6348,7481,6.37
6348,3138,4.29
6348,9695,6.66
6349,6109,9.85
6349,334,3.92
6349,5888,7.78
6350,9851,7.29
6350,227,9.63
6350,2692,5.84
6351,5300,1.88
6351,6327,2.6
6351,1951,5.89
6352,6094,9.49
6352,1310,0.69
6352,4905,2.24
6353,5980,4.4
6353,7118,8.38
6353,2072,7.42
6354,9404,9.54
6354,8017,1.12
6354,7856,6.22
6355,3995,3.18
6355,7130,1.29
6355,8556,4.5
6356,5273,5.34
6356,390,8.82
6356,2396,9.12
6357,9855,6.75
6357,5453,6.1
6357,2612,1.21
6358,8778,8.35
6358,7391,1.8
6358,6120,4.76
6359,852,6.55
6359,609,8.9
6359,2961,2.38
6360,412,5.68
6360,6844,9.87
6360,1233,2.09
6361,6074,8.96
6361,680,7.41
6361,992,8.18
6362,3277,3.9
6362,4973,9.8
6362,7388,2.94
6363,4187,3.61
6363,6875,7.49
6363,848,9.66
6364,3975,1.31
6364,6503,5.83
6364,746,3.59
6365,5488,8.14
6365,8749,4.38
6365,3083,9.55
6366,6062,8.5
6366,1010,5.85
6366,1327,3.16
6367,9678,3.2
6367,4912,6.29
6367,7935,2.31
6368,8548,8.76
6368,582,0.73
6368,5901,9.02
6369,6554,4.58
6369,3440,1.83
6369,9236,2.06
6370,8150,1.72
6370,7018,3.32
6370,1461,8.84
6371,4148,8.05
6371,9837,4.56
6371,5456,9.51
6372,8449,7.44
6372,3832,3.1
6372,1819,2.48
6373,4583,2.02
6373,3788,8.14
6373,3610,4.26
6374,3769,2.84
6374,633,4.36
6374,889,7.62
6375,7248,7.91
6375,4383,4.9
6375,5928,4.57
6376,7922,5.57
6376,6773,6.79
6376,8478,1.7
6377,8095,1.93
6377,7767,5.17
6377,2610,3.27
6378,6287,0.29
6378,8425,9.75
6378,8219,7.03
6379,721,4.93
6379,6721,0.28
6379,7161,1.14
6380,844,7.52
6380,1724,4.0
6380,5405,3.08
6381,1882,4.62
6381,1732,6.75
6381,255,8.37
6382,4367,8.03
6382,2710,2.84
6382,8266,4.41
6383,3629,3.06
6383,6440,3.03
6383,5512,2.52
6384,6551,0.74
6384,4116,8.08
6384,5650,7.17
6385,3088,1.41
6385,7735,7.35
6385,6093,4.67
6386,2441,3.83
6386,4636,0.96
6386,4097,8.19
6387,601,5.45
6387,7021,0.8
6387,3254,1.67
6388,3282,7.33
6388,9868,7.57
6388,2678,4.28
6389,8598,4.26
6389,6633,5.39
6389,5033,0.48
6390,1996,1.67
6390,807,1.25
6390,2779,0.2
6391,2488,9.57
6391,2576,6.37
6391,1428,1.27
6392,8700,1.67
6392,1148,2.34
6392,6535,0.71
6393,5389,4.04
6393,2662,5.09
6393,6465,4.79
6394,8074,8.98
6394,3845,1.44
6394,1692,0.92
6395,7584,5.26
6395,2574,0.72
6395,2687,2.51
6396,946,6.31
6396,5868,5.54
6396,6866,4.12
6397,6880,7.14
6397,1765,3.6
6397,6745,9.58
6398,5311,7.44
6398,6251,6.67
6398,1211,1.23
6399,109,6.59
6399,1470,6.75
6399,1341,4.54
6400,7697,0.87
6400,4652,2.66
6400,2984,7.02
6401,82,9.01
6401,4241,0.81
6401,3984,4.33
6402,9559,9.85
6402,9456,9.18
6402,6822,0.71
6403,1502,5.64
6403,826,3.33
6403,2296,8.92
6404,2936,5.45
6404,4496,6.48
6404,4267,8.56
6405,7503,4.06
6405,2900,6.39
6405,8111,1.45
6406,3956,0.86
6406,6033,4.82
6406,3861,0.58
6407,9961,4.39
6407,5869,0.19
6407,44,7.25
6408,7099,9.37
6408,1786,0.31
6408,3490,5.83
6409,6664,7.59
6409,7124,0.85
6409,5813,9.93
6410,532,7.74
6410,7589,0.83
6410,2459,0.17
6411,913,4.28
6411,5194,9.23
6411,2273,5.0
6412,4627,7.9
6412,2875,1.13
6412,3735,6.52
6413,8096,2.35
6413,9819,6.34
6413,6931,0.99
6414,4171,4.06
6414,4137,7.38
6414,4721,6.03
6415,9852,9.17
6415,1460,4.61
6415,5512,1.23
6416,681,9.49
6416,2547,6.46
6416,1769,7.16
6417,1202,5.03
6417,5090,3.32
6417,1136,0.17
6418,35,0.32
6418,7720,6.82
6418,3981,5.07
6419,3497,3.91
6419,1661,2.63
6419,1525,2.03
6420,9111,5.76
6420,2445,5.22
6420,77,2.7
6421,5995,1.9
6421,2253,1.79
6421,3336,2.74
6422,1427,9.58
6422,6361,6.4
6422,3595,9.93
6423,4880,8.74
6423,2531,3.71
6423,4184,7.71
6424,8174,8.15
6424,5677,0.31
6424,9053,2.07
6425,2218,0.91
6425,3962,3.07
6425,660,1.06
6426,2940,1.01
6426,1759,2.8
6426,9876,0.66
6427,9944,1.68
6427,4145,1.58
6427,4339,0.26
6428,41,7.75
6428,4722,5.78
6428,3904,2.78
6429,1811,3.78
6429,1867,8.75
6429,3981,9.8
6430,2272,7.14
6430,4726,3.33
6430,8139,9.37
6431,5954,6.58
6431,5768,7.17
6431,2623,0.29
6432,1219,5.5
6432,9034,6.51
6432,504,0.81
6433,1972,3.87
6433,5308,7.38
6433,8409,3.67
6434,3048,1.49
6434,4637,5.18
6434,7351,6.09
6435,1296,9.17
6435,4393,8.27
6435,3658,5.61
6436,751,2.07
6436,202,5.88
6436,7161,4.65
6437,2551,6.84
6437,2134,9.89
6437,3703,1.43
6438,1197,3.67
6438,5496,3.32
6438,9296,3.77
6439,7533,7.68
6439,5902,5.07
6439,1358,9.99
6440,572,9.74
6440,8407,5.41
6440,4140,3.77
6441,1695,7.95
6441,6355,9.46
6441,141,5.3
6442,5462,3.64
6442,1426,5.28
6442,1788,3.58
6443,2570,7.25
6443,1852,9.18
6443,9325,9.92
6444,498,1.85
6444,6362,1.93
6444,8995,8.13
6445,495,9.96
6445,6002,7.71
6445,962,6.49
6446,8967,4.34
6446,1509,0.56
6446,8728,0.81
6447,1734,3.34
6447,4964,7.58
6447,4592,9.25
6448,8698,2.81
6448,2843,1.24
6448,9268,2.8
6449,1857,4.9
6449,2688,1.08
6449,8516,9.6
6450,8050,8.14
6450,3070,3.31
6450,7899,0.32
6451,13,9.42
6451,2245,0.8
6451,9208,5.35
6452,5628,9.38
6452,5423,5.82
6452,2366,9.61
6453,2298,6.55
6453,9203,3.4
6453,2197,0.55
6454,8152,8.03
6454,1251,3.2
6454,9474,9.66
6455,550,5.26
6455,6260,5.96
6455,6964,3.45
6456,9999,5.19
6456,4,8.78
6456,965,2.3
6457,8590,5.31
6457,6652,3.58
6457,3886,7.81
6458,1750,9.52
6458,6584,5.21
6458,4522,2.36
6459,1057,5.92
6459,1508,2.89
6459,8306,1.93
6460,8149,5.84
6460,4395,7.06
6460,1887,1.02
6461,2665,1.21
6461,3198,2.9
6461,8908,2.46
6462,3698,3.84
6462,9532,7.58
6462,5571,9.22
6463,7009,0.78
6463,1639,3.42
6463,240,1.72
6464,3857,4.21
6464,4542,5.23
6464,8854,0.6
6465,486,3.66
6465,8562,1.54
6465,3268,9.43
6466,4180,0.55
6466,2911,4.19
6466,4217,2.87
6467,2275,7.72
6467,7509,1.36
6467,7188,5.95
6468,5136,9.29
6468,4789,7.64
6468,6382,8.12
6469,2517,1.37
6469,8110,8.76
6469,6632,3.41
6470,3335,0.35
6470,9124,7.64
6470,6141,8.57
6471,6171,3.53
6471,2150,4.26
6471,7905,7.63
6472,5888,2.54
6472,5923,9.57
6472,2924,8.21
6473,7421,9.49
6473,4304,9.7
6473,2724,6.71
6474,3869,7.07
6474,5044,1.38
6474,4721,7.19
6475,4964,1.57
6475,1615,3.9
6475,9348,8.9
6476,3235,9.48
6476,6646,0.59
6476,6628,3.43
6477,9034,9.34
6477,2111,9.99
6477,9758,8.39
6478,3555,1.9
6478,4362,4.29
6478,1123,1.22
6479,5758,9.23
6479,1025,6.18
6479,6824,2.78
6480,8368,6.39
6480,1473,8.27
6480,3588,9.92
6481,8411,0.18
6481,3654,8.11
6481,8430,4.02
6482,1776,4.01
6482,5124,2.08
6482,2838,3.64
6483,1000,8.62
6483,530,8.68
6483,9852,3.42
6484,2951,0.63
6484,4765,6.59
6484,6571,1.58
6485,3767,0.54
6485,4856,9.35
6485,285,3.43
6486,9099,2.23
6486,1870,7.85
6486,2113,5.43
6487,3206,2.76
6487,7950,7.05
6487,1062,8.69
6488,4321,1.3
6488,463,5.55
6488,6152,2.88
6489,1790,8.64
6489,1998,9.46
6489,9826,1.91
6490,9647,2.63
6490,5053,9.4
6490,5966,9.98
6491,4582,0.65
6491,4763,4.12
6491,6784,9.36
6492,3318,7.13
6492,3519,1.87
6492,6857,7.83
6493,3221,3.1
6493,913,1.32
6493,5497,7.54
6494,124,4.87
6494,1844,4.11
6494,7575,1.95
6495,5639,8.46
6495,6224,8.51
6495,8880,2.29
6496,6444,2.12
6496,9560,8.09
6496,2288,2.3
6497,6551,2.64
6497,7813,4.82
6497,6519,7.84
6498,9352,4.09
6498,141,2.27
6498,1661,7.62
6499,4341,4.11
6499,4558,4.27
6499,8379,1.88
6500,7333,3.45
6500,2458,1.77
6500,5919,6.08
6501,3494,0.45
6501,2868,5.58
6501,5173,3.63
6502,6149,9.06
6502,5419,1.83
6502,3237,4.07
6503,6341,9.68
6503,5593,0.68
6503,7233,8.67
6504,846,5.4
6504,9274,9.07
6504,1255,3.81
6505,8018,1.98
6505,944,9.12
6505,2666,1.68
6506,5984,0.43
6506,376,1.68
6506,226,9.14
6507,1769,1.37
6507,1254,3.24
6507,267,7.46
6508,618,1.08
6508,1814,1.02
6508,7537,5.87
6509,9520,6.86
6509,4151,9.68
6509,9250,0.58
6510,7572,3.26
6510,8164,9.6
6510,4267,3.61
6511,7117,5.19
6511,1739,9.06
6511,5502,3.76
6512,1715,8.49
6512,584,8.65
6512,8346,9.36
6513,2751,4.06
6513,5516,5.78
6513,9162,2.71
6514,2567,1.24
6514,7684,4.87
6514,6929,8.45
6515,9187,3.09
6515,7745,2.42
6515,6933,1.81
6516,2139,1.63
6516,2294,8.85
6516,4784,5.92
6517,3519,7.11
6517,7283,3.36
6517,9725,5.92
6518,7535,0.33
6518,2033,4.49
6518,7270,0.96
6519,9979,1.84
6519,345,4.07
6519,5540,5.68
6520,9270,8.87
6520,6973,4.41
6520,6157,5.65
6521,1459,2.16
6521,5942,6.7
6521,8311,3.5
6522,9909,1.64
6522,9146,1.66
6522,1665,6.27
6523,7581,7.41
6523,8657,8.43
6523,2681,4.33
6524,8542,1.07
6524,1711,7.98
6524,3932,8.97
6525,6150,1.03
6525,3913,8.29
6525,5706,6.53
6526,6708,2.6
6526,8300,8.73
6526,3725,1.7
6527,2943,3.1
6527,2949,9.28
6527,6867,6.15
6528,377,5.44
6528,1830,3.9
6528,6663,8.4
6529,9032,6.62
6529,3989,4.89
6529,9995,3.82
6530,4252,5.01
6530,7271,5.95
6530,6677,1.6
6531,9495,2.67
6531,614,1.49
6531,7457,1.83
6532,2489,0.8
6532,8689,1.5
6532,3474,0.52
6533,8660,0.71
6533,9026,4.49
6533,1904,6.99
6534,888,7.41
6534,8161,2.36
6534,5183,5.68
6535,5947,8.51
6535,3699,1.15
6535,7907,7.58
6536,7268,5.24
6536,5051,0.79
6536,1631,7.52
6537,2132,9.63
6537,916,6.17
6537,3250,0.7
6538,1375,0.11
6538,7626,4.11
6538,9787,9.78
6539,9085,6.41
6539,625,1.81
6539,9063,6.68
6540,9360,5.34
6540,3333,3.66
6540,1366,9.2
6541,1125,6.83
6541,1794,6.37
6541,8582,3.09
6542,2269,9.43
6542,3599,0.14
6542,5315,8.76
6543,9611,9.88
6543,9057,6.0
6543,9128,4.03
6544,6407,9.91
6544,4516,5.7
6544,5178,4.02
6545,5221,3.69
6545,5151,9.29
6545,2625,8.57
6546,1201,2.13
6546,9945,1.29
6546,3352,3.05
6547,9375,8.74
6547,3507,2.71
6547,2626,0.97
6548,3768,6.73
6548,4531,2.08
6548,2905,9.96
6549,477,0.88
6549,6253,3.93
6549,1458,7.55
6550,8253,6.11
6550,3783,0.59
6550,9249,6.92
6551,2900,6.16
6551,4610,9.74
6551,5529,9.63
6552,8852,4.44
6552,492,3.49
6552,9365,3.26
6553,8694,9.15
6553,7173,1.65
6553,7049,3.73
6554,2015,0.75
6554,2989,8.29
6554,4015,5.5
6555,5031,2.26
6555,7541,3.38
6555,4802,3.33
6556,9728,9.4
6556,2295,2.26
6556,2087,0.89
6557,9956,0.4
6557,3886,8.62
6557,6014,2.69
6558,637,4.79
6558,6235,6.42
6558,1037,4.75
6559,8930,9.22
6559,3862,9.57
6559,7975,1.82
6560,8062,8.9
6560,6169,5.85
6560,4958,3.65
6561,1830,6.2
6561,8562,4.37
6561,2243,3.27
6562,6105,6.02
6562,6937,6.57
6562,6376,6.65
6563,1516,1.15
6563,7326,3.78
6563,9159,6.0
6564,5642,2.49
6564,6922,7.15
6564,6465,4.32
6565,6377,6.94
6565,8819,2.67
6565,2809,8.13
6566,2904,0.29
6566,3920,9.7
6566,8364,9.02
6567,9971,9.67
6567,1441,5.53
6567,1911,2.0
6568,8018,4.9
6568,7354,1.63
6568,8995,5.47
6569,3599,9.73
6569,3853,1.29
6569,1054,8.2
6570,8491,2.26
6570,9162,9.2
6570,3928,0.83
6571,4511,1.47
6571,6156,7.91
6571,9182,6.66
6572,1700,9.95
6572,7036,3.52
6572,9458,6.93
6573,2817,9.56
6573,7470,3.58
6573,8396,9.95
6574,9630,6.17
6574,8623,1.96
6574,5556,5.19
6575,9757,6.06
6575,6482,2.73
6575,3550,2.64
6576,6440,7.25
6576,5548,9.37
6576,2661,5.66
6577,8092,1.75
6577,9938,2.01
6577,2897,4.42
6578,3120,7.7
6578,5842,0.86
6578,6929,1.57
6579,8700,9.95
6579,3567,6.97
6579,119,1.73
6580,7606,8.92
6580,6592,5.9
6580,994,3.65
6581,7936,2.9
6581,4587,0.24
6581,7641,8.64
6582,9786,8.16
6582,665,7.18
6582,7167,0.32
6583,1289,2.95
6583,9880,6.95
6583,9848,7.58
6584,4964,8.39
6584,9201,9.1
6584,3667,5.49
6585,2106,0.86
6585,8136,8.46
6585,9452,3.7
6586,2464,2.03
6586,9773,6.85
6586,8609,4.06
6587,1819,8.72
6587,7809,8.27
6587,1582,7.78
6588,4670,4.78
6588,6548,7.73
6588,1291,2.74
6589,1552,1.63
6589,4567,6.95
6589,16,0.45
6590,3823,3.82
6590,2131,1.32
6590,2835,1.22
6591,4334,2.74
6591,5122,3.93
6591,9054,2.5
6592,7147,0.67
6592,9122,1.92
6592,2132,0.35
6593,9207,5.3
6593,1793,6.55
6593,7829,7.25
6594,1618,5.42
6594,4834,8.04
6594,7946,3.29
6595,1309,5.11
6595,1581,2.25
6595,8244,3.25
6596,9473,0.91
6596,5306,7.21
6596,194,5.88
6597,4010,9.77
6597,4476,8.0
6597,18,4.35
6598,119,1.3
6598,5008,1.71
6598,8471,9.53
6599,7133,3.9
6599,5245,5.14
6599,6697,1.24
6600,2598,9.54
6600,611,3.06
6600,5356,5.19
6601,5588,4.33
6601,1020,7.86
6601,3104,6.61
6602,9160,6.27
6602,1488,2.83
6602,4730,7.04
6603,80,9.48
6603,399,1.4
6603,4657,9.95
6604,7315,8.96
6604,5900,6.3
6604,5262,1.11
6605,5728,0.28
6605,3064,4.21
6605,4032,1.44
6606,7559,3.97
6606,2363,2.67
6606,3168,6.01
6607,5740,4.4
6607,7381,1.36
6607,7617,4.51
6608,4526,5.74
6608,353,2.09
6608,3109,8.61
6609,5070,2.13
6609,1473,5.39
6609,3367,6.17
6610,2603,6.73
6610,3409,7.28
6610,3201,1.72
6611,1176,7.43
6611,986,5.42
6611,3372,4.73
6612,2525,5.74
6612,9641,1.97
6612,3373,4.67
6613,7614,5.77
6613,8128,8.86
6613,8984,5.96
6614,6842,1.19
6614,8163,7.21
6614,1572,1.39
6615,8574,6.21
6615,3018,7.33
6615,5097,1.29
6616,5294,4.65
6616,4259,3.57
6616,191,2.41
6617,5009,7.88
6617,6360,0.62
6617,2421,6.41
6618,6718,1.91
6618,3261,0.62
6618,8584,6.78
6619,4574,8.56
6619,8635,0.77
6619,7398,1.97
6620,9075,0.44
6620,1222,3.87
6620,737,0.23
6621,9373,3.58
6621,2965,9.95
6621,9944,4.33
6622,5663,6.67
6622,770,6.15
6622,8956,8.86
6623,9470,6.29
6623,6145,3.63
6623,8299,7.57
6624,1908,5.73
6624,5849,1.4
6624,8451,3.02
6625,2251,7.59
6625,2700,5.57
6625,2385,3.35
6626,4984,8.04
6626,8506,9.18
6626,9480,3.88
6627,9283,9.98
6627,2052,0.74
6627,3124,6.45
6628,5822,4.39
6628,6271,1.56
6628,4401,4.96
6629,3588,3.91
6629,2859,0.62
6629,266,6.25
6630,613,0.74
6630,5875,3.08
6630,6250,6.18
6631,7538,8.36
6631,8463,5.23
6631,4997,2.18
6632,4061,10.0
6632,7158,9.7
6632,1623,2.71
6633,4392,3.69
6633,3708,3.59
6633,2870,2.9
6634,6614,7.96
6634,9952,0.53
6634,4045,6.98
6635,8870,1.97
6635,1338,8.55
6635,9080,5.35
6636,2831,6.17
6636,6838,9.25
6636,6692,5.96
6637,1851,9.37
6637,5005,3.47
6637,8636,3.68
6638,2428,6.88
6638,4369,3.07
6638,4857,2.45
6639,7860,6.71
6639,2421,2.47
6639,1230,7.49
6640,4108,0.64
6640,3928,2.8
6640,6605,6.28
6641,9786,5.39
6641,6136,4.44
6641,6056,3.14
6642,8970,9.86
6642,4716,1.12
6642,5857,1.17
6643,2000,9.51
6643,2309,7.6
6643,7155,7.6
6644,6750,7.97
6644,8951,9.36
6644,114,9.82
6645,3314,9.32
6645,3482,9.15
6645,6665,8.36
6646,6114,0.98
6646,6132,4.44
6646,3810,7.44
6647,2453,8.92
6647,1633,8.56
6647,8635,1.99
6648,3752,2.04
6648,299,2.86
6648,3990,0.32
6649,7100,7.06
6649,3041,2.6
6649,6486,5.98
6650,5856,8.08
6650,7981,7.62
6650,9472,3.21
6651,2559,7.75
6651,7973,8.43
6651,3492,5.7
6652,3440,2.24
6652,4920,3.19
6652,948,5.3
6653,9906,7.43
6653,9013,5.28
6653,3550,8.15
6654,2953,7.12
6654,879,2.21
6654,6173,5.33
6655,8794,6.8
6655,3156,4.12
6655,4251,1.61
6656,2379,8.97
6656,8532,3.97
6656,1567,0.43
6657,9314,5.4
6657,4617,5.08
6657,4417,8.62
6658,5390,6.11
6658,8168,4.14
6658,5974,2.26
6659,8641,6.14
6659,9068,6.11
6659,9600,0.45
6660,6031,3.39
6660,6034,8.12
6660,9108,0.45
6661,3814,5.38
6661,8025,1.06
6661,8232,0.45
6662,1380,0.83
6662,9372,4.12
6662,1276,0.97
6663,5897,9.01
6663,659,2.41
6663,8653,3.12
6664,9537,8.18
6664,7506,0.46
6664,2340,6.7
6665,3652,3.82
6665,9322,5.34
6665,6069,9.49
6666,9437,9.35
6666,4317,7.54
6666,9724,5.16
6667,4039,9.46
6667,8956,8.27
6667,9474,6.81
6668,8169,2.22
6668,1920,0.67
6668,5996,4.99
6669,8440,8.49
6669,9463,8.27
6669,7548,2.3
6670,817,3.14
6670,8977,0.24
6670,7933,1.62
6671,1579,3.51
6671,7512,0.39
6671,308,3.27
6672,5893,2.55
6672,2476,6.62
6672,3306,6.22
6673,8648,0.84
6673,5600,3.38
6673,3611,5.65
6674,7104,6.41
6674,9993,9.19
6674,9105,8.26
6675,7434,6.62
6675,5247,6.61
6675,4495,9.15
6676,9584,6.53
6676,9966,0.41
6676,6471,5.26
6677,1777,2.31
6677,7492,1.74
6677,4974,8.49
6678,774,3.01
6678,9392,4.91
6678,2267,2.12
6679,8006,4.65
6679,6850,6.1
6679,8689,6.95
6680,7081,7.92
6680,5537,8.4
6680,6742,4.48
6681,9107,3.19
6681,4895,7.23
6681,7488,0.28
6682,548,3.01
6682,3175,2.92
6682,454,2.52
6683,2957,2.92
6683,597,2.35
6683,9743,4.74
6684,9154,3.62
6684,3251,8.21
6684,2521,7.22
6685,9351,9.57
6685,1616,8.07
6685,7032,7.47
6686,8035,0.67
6686,8374,7.27
6686,7832,4.21
6687,8377,7.17
6687,9668,9.75
6687,6009,3.29
6688,3616,2.31
6688,615,0.39
6688,8195,2.9
6689,4659,9.74
6689,1648,7.57
6689,658,8.46
6690,8521,3.63
6690,1017,3.93
6690,5743,9.05
6691,3799,6.16
6691,8361,3.48
6691,2879,2.38
6692,5252,1.78
6692,7338,5.7
6692,199,5.41
6693,9976,4.3
6693,922,1.44
6693,3517,0.92
6694,7799,5.51
6694,220,4.21
6694,605,3.25
6695,8152,0.85
6695,4099,8.64
6695,3371,2.63
6696,5062,9.57
6696,238,2.15
6696,8622,6.54
6697,9157,8.6
6697,5513,7.0
6697,3556,5.82
6698,9709,9.23
6698,5650,0.78
6698,3659,5.17
6699,2496,1.52
6699,1345,8.46
6699,937,8.57
6700,3645,8.65
6700,9115,9.14
6700,9589,0.51
6701,7876,8.27
6701,7278,8.59
6701,4450,8.58
6702,2465,8.36
6702,2729,6.23
6702,5556,7.8
6703,4101,0.59
6703,1909,5.01
6703,3896,7.93
6704,3449,9.53
6704,9664,5.5
6704,6184,7.96
6705,5383,9.84
6705,3495,0.82
6705,6114,4.58
6706,918,9.84
6706,6882,8.16
6706,4024,2.56
6707,8588,4.91
6707,4213,2.03
6707,229,8.52
6708,2938,7.31
6708,2206,5.65
6708,4492,2.03
6709,6868,2.18
6709,4347,4.46
6709,2892,4.76
6710,4709,5.56
6710,4443,1.23
6710,8590,3.85
6711,1477,6.35
6711,8610,1.7
6711,8774,6.22
6712,5952,7.94
6712,1923,8.83
6712,6093,8.54
6713,8338,8.5
6713,6310,5.59
6713,2616,4.64
6714,5745,0.13
6714,9206,0.98
6714,2688,0.67
6715,1209,0.16
6715,7155,8.46
6715,1375,6.46
6716,6335,3.57
6716,8778,1.39
6716,383,3.08
6717,9752,3.02
6717,5492,2.87
6717,8511,7.09
6718,7841,5.06
6718,5117,6.81
6718,5771,5.71
6719,2789,2.78
6719,5,6.1
6719,2120,1.96
6720,9772,5.82
6720,2112,4.09
6720,891,3.1
6721,9554,8.45
6721,8209,7.35
6721,7331,9.64
6722,2001,4.41
6722,3279,1.38
6722,5777,8.49
6723,8770,6.79
6723,350,7.26
6723,4724,4.74
6724,1708,8.02
6724,5519,4.83
6724,181,8.44
6725,3890,8.27
6725,3306,4.6
6725,7386,10.0
6726,8327,7.71
6726,9883,9.34
6726,2295,6.82
6727,1881,3.41
6727,8628,4.68
6727,5742,9.43
6728,9555,0.4
6728,4185,5.81
6728,9713,8.84
6729,6891,7.12
6729,8074,0.84
6729,3812,6.21
6730,4531,0.76
6730,9400,5.86
6730,2884,8.16
6731,9218,8.0
6731,9097,0.64
6731,4583,8.74
6732,2598,0.95
6732,221,3.9
6732,1164,8.27
6733,2731,4.59
6733,6094,5.74
6733,561,7.72
6734,7873,2.43
6734,2250,1.91
6734,3173,3.18
6735,7627,5.56
6735,5800,6.71
6735,993,5.98
6736,7807,9.73
6736,7205,7.25
6736,2790,8.18
6737,8667,6.26
6737,2132,9.12
6737,7947,5.08
6738,3883,9.1
6738,8202,1.3
6738,1355,9.26
6739,1945,9.8
6739,6330,7.86
6739,7144,1.12
6740,6663,0.79
6740,1728,0.99
6740,9032,9.0
6741,8062,0.99
6741,6582,3.58
6741,2404,8.92
6742,8955,7.23
6742,1881,6.39
6742,9375,9.85
6743,7767,10.0
6743,9371,3.97
6743,6946,0.12
6744,8810,9.51
6744,9349,5.09
6744,8616,8.92
6745,4174,0.35
6745,1090,5.07
6745,7507,8.85
6746,4286,7.41
6746,1117,1.72
6746,5102,7.93
6747,2061,1.42
6747,3062,2.96
6747,2502,3.05
6748,7215,2.39
6748,3622,8.04
6748,5409,3.8
6749,1108,3.53
6749,3339,8.44
6749,4798,9.69
6750,2085,7.08
6750,1632,3.29
6750,5887,6.55
6751,8484,4.64
6751,1425,5.39
6751,4237,2.95
6752,8580,9.42
6752,6298,4.94
6752,7041,3.57
6753,4954,9.02
6753,8742,4.23
6753,3336,9.57
6754,7530,7.66
6754,911,4.69
6754,2202,0.29
6755,8547,9.8
6755,2249,4.77
6755,4165,9.38
6756,2199,3.33
6756,4862,5.87
6756,6412,7.85
6757,4921,3.3
6757,7585,0.57
6757,3794,7.9
6758,7373,9.31
6758,5698,3.36
6758,7399,9.6
6759,6400,9.41
6759,5890,1.54
6759,8757,2.43
6760,7129,8.89
6760,956,3.47
6760,3988,5.79
6761,6818,5.7
6761,1330,8.57
6761,4781,4.6
6762,6701,4.11
6762,328,4.45
6762,8050,7.4
6763,4704,3.01
6763,6814,3.49
6763,1813,2.21
6764,8185,6.55
6764,9897,5.43
6764,4920,8.35
6765,5509,3.09
6765,715,8.02
6765,539,6.99
6766,4262,5.36
6766,3006,0.94
6766,8934,5.42
6767,6011,6.62
6767,6029,0.8
6767,538,8.66
6768,4404,5.88
6768,7348,2.97
6768,7072,1.84
6769,6841,3.36
6769,1801,8.19
6769,586,7.74
6770,4935,6.45
6770,372,5.29
6770,5762,9.42
6771,9255,4.53
6771,7989,6.53
6771,3578,8.1
6772,7681,1.25
6772,7640,1.93
6772,7537,3.02
6773,8423,6.82
6773,4881,4.69
6773,5481,0.95
6774,7730,4.6
6774,9915,9.77
6774,664,9.14
6775,9617,4.29
6775,638,7.2
6775,2785,8.22
6776,813,4.26
6776,7768,3.22
6776,2974,1.74
6777,1558,3.06
6777,9246,7.39
6777,8464,7.49
6778,8533,1.23
6778,2752,4.01
6778,7809,1.64
6779,4484,5.57
6779,738,5.43
6779,5704,7.27
6780,3093,9.68
6780,7503,1.53
6780,6710,3.99
6781,4868,4.7
6781,4275,6.35
6781,553,4.33
6782,8863,2.03
6782,6124,4.43
6782,4827,2.46
6783,3891,5.75
6783,8711,1.83
6783,2786,8.92
6784,2118,8.8
6784,3847,4.84
6784,5369,5.48
6785,5335,6.17
6785,8224,0.9
6785,5958,0.25
6786,7329,2.08
6786,3018,8.96
6786,4613,7.1
6787,8124,6.89
6787,5038,1.34
6787,3183,1.3
6788,7616,7.78
6788,1842,9.71
6788,1708,3.39
6789,2867,4.24
6789,3821,4.95
6789,5616,0.61
6790,2545,3.79
6790,179,4.71
6790,6339,8.09
6791,8848,5.59
6791,4959,2.49
6791,8617,2.82
6792,7280,6.43
6792,7926,6.19
6792,9264,9.69
6793,6863,6.99
6793,6335,6.37
6793,1928,1.83
6794,1514,0.91
6794,7282,2.16
6794,2844,4.93
6795,3083,8.2
6795,9285,1.06
6795,8181,3.94
6796,9400,2.57
6796,1625,1.96
6796,5875,2.68
6797,8227,3.1
6797,1621,6.47
6797,8143,5.68
6798,3787,1.52
6798,5206,4.56
6798,4051,2.65
6799,3556,4.68
6799,2757,8.59
6799,6402,6.96
6800,1409,4.84
6800,1502,6.93
6800,2863,2.09
6801,3851,4.31
6801,1338,9.49
6801,4496,8.07
6802,6142,6.55
6802,6375,8.82
6802,9826,5.36
6803,8427,6.96
6803,2339,0.78
6803,4465,8.6
6804,3590,7.14
6804,5820,5.95
6804,443,6.07
6805,3239,5.96
6805,7030,7.71
6805,5753,9.43
6806,8616,4.64
6806,9806,5.1
6806,5949,1.1
6807,3576,1.75
6807,849,2.72
6807,6338,6.8
6808,5798,5.2
6808,5170,0.91
6808,3016,1.04
6809,8222,8.21
6809,2499,9.23
6809,5039,2.22
6810,6214,1.44
6810,7949,1.4
6810,5973,3.17
6811,9996,4.23
6811,2327,9.18
6811,4296,6.51
6812,8447,9.0
6812,3297,3.85
6812,263,9.07
6813,5092,3.07
6813,3896,3.13
6813,6536,9.18
6814,5069,9.47
6814,6653,7.13
6814,4336,0.27
6815,7910,4.65
6815,6561,7.02
6815,6032,6.58
6816,53,4.34
6816,1884,0.58
6816,2666,2.52
6817,8583,4.97
6817,8862,6.57
6817,472,9.61
6818,3710,5.37
6818,3359,4.67
6818,71,1.04
6819,5813,6.34
6819,419,1.72
6819,6400,3.96
6820,5103,8.57
6820,1975,8.37
6820,2224,3.81
6821,8332,9.77
6821,3947,5.56
6821,3278,9.47
6822,5653,9.66
6822,3158,3.94
6822,1638,1.06
6823,6359,1.8
6823,3536,0.26
6823,6131,7.49
6824,6268,3.84
6824,1186,0.33
6824,5433,8.92
6825,1649,9.36
6825,1170,5.41
6825,793,5.34
6826,2447,2.86
6826,5993,7.27
6826,4544,1.32
6827,8193,5.57
6827,9629,5.59
6827,3992,3.37
6828,3400,7.97
6828,4376,6.06
6828,813,9.68
6829,2323,6.94
6829,4814,1.75
6829,6779,1.92
6830,3146,2.69
6830,7010,4.56
6830,5624,5.32
6831,6452,2.98
6831,1225,3.53
6831,766,1.0
6832,3127,1.46
6832,2755,9.15
6832,4949,6.82
6833,6558,2.03
6833,611,8.11
6833,8790,1.66
6834,9793,5.55
6834,1946,7.0
6834,7642,8.55
6835,7395,5.78
6835,7398,2.26
6835,7664,7.51
6836,9785,9.41
6836,6990,9.79
6836,7993,2.31
6837,5513,3.07
6837,8509,2.34
6837,2163,1.6
6838,2798,2.67
6838,5539,1.96
6838,6566,5.74
6839,3001,1.3
6839,9593,4.03
6839,5965,4.88
6840,173,7.16
6840,6743,1.0
6840,9,8.42
6841,3149,4.66
6841,4034,6.93
6841,2955,2.26
6842,4544,6.41
6842,5200,5.66
6842,8000,8.2
6843,1694,7.43
6843,6681,1.18
6843,3382,3.12
6844,6083,1.39
6844,6754,2.33
6844,2966,5.65
6845,9669,2.53
6845,3056,0.68
6845,3632,8.33
6846,953,2.46
6846,7718,5.87
6846,1745,2.98
6847,3727,5.51
6847,2695,2.57
6847,6972,8.73
6848,7341,4.23
6848,5183,9.08
6848,8435,7.29
6849,1248,7.63
6849,1998,8.62
6849,5936,6.08
6850,5293,6.35
6850,1791,8.1
6850,874,0.68
6851,4594,5.23
6851,4073,4.07
6851,2668,4.42
6852,2973,4.12
6852,6661,2.21
6852,6972,7.29
6853,9199,1.82
6853,7560,0.11
6853,5919,3.45
6854,8992,5.89
6854,6515,5.08
6854,1091,9.25
6855,4065,6.31
6855,4769,8.86
6855,9611,6.97
6856,8739,4.22
6856,5462,8.93
6856,2844,8.19
6857,4889,2.44
6857,9749,5.25
6857,8803,5.99
6858,2754,3.93
6858,748,5.95
6858,7266,8.57
6859,1326,7.19
6859,5931,0.19
6859,782,1.43
6860,7403,0.79
6860,2010,5.46
6860,4480,5.49
6861,6573,4.61
6861,9492,0.95
6861,495,6.56
6862,477,3.26
6862,349,1.73
6862,788,4.42
6863,2791,2.76
6863,498,0.52
6863,9352,7.75
6864,8414,8.38
6864,9326,5.02
6864,289,1.78
6865,9246,3.73
6865,5692,9.3
6865,9997,6.39
6866,7979,0.5
6866,9252,0.51
6866,1493,2.99
6867,6040,5.51
6867,1278,6.02
6867,9845,3.06
6868,9856,3.47
6868,9868,0.5
6868,4069,6.59
6869,2573,1.52
6869,2451,7.76
6869,7257,1.53
6870,5198,4.54
6870,5964,6.98
6870,315,0.53
6871,7223,2.6
6871,7905,5.78
6871,3224,1.38
6872,4896,9.82
6872,6739,9.56
6872,1029,4.74
6873,3570,3.97
6873,4673,8.81
6873,8667,5.23
6874,2758,8.59
6874,5452,4.87
6874,4724,3.5
6875,7564,7.97
6875,5417,0.99
6875,1485,4.06
6876,9708,3.52
6876,8072,7.39
6876,1778,4.02
6877,1695,8.2
6877,3066,4.24
6877,9415,8.91
6878,9144,6.84
6878,3787,5.47
6878,7763,0.63
6879,2449,9.37
6879,3100,4.34
6879,8652,7.84
6880,2449,2.45
6880,9869,4.05
6880,2766,0.97
6881,4624,0.15
6881,4251,9.1
6881,2751,8.53
6882,9358,1.07
6882,9541,5.5
6882,9245,7.75
6883,25,9.41
6883,1284,4.57
6883,7011,7.73
6884,1179,0.94
6884,5957,3.94
6884,7345,6.38
6885,6450,1.04
6885,4637,4.79
6885,5972,8.65
6886,6314,5.03
6886,416,7.84
6886,4536,0.42
6887,8258,4.39
6887,452,6.56
6887,6645,7.13
6888,6135,1.54
6888,5642,2.52
6888,4393,6.41
6889,5525,9.27
6889,7389,9.25
6889,9199,8.2
6890,2447,5.15
6890,2104,7.96
6890,6905,0.31
6891,5149,6.35
6891,6124,9.21
6891,8077,2.34
6892,4690,4.53
6892,2206,4.32
6892,9656,0.33
6893,1746,1.01
6893,8847,3.1
6893,2091,3.49
6894,8750,5.79
6894,1843,6.66
6894,4309,8.9
6895,4045,3.06
6895,4108,2.03
6895,3037,5.08
6896,644,7.23
6896,3451,6.93
6896,7493,7.36
6897,6430,6.39
6897,9117,9.89
6897,1058,3.54
6898,9981,5.15
6898,3815,6.94
6898,9702,8.51
6899,6754,3.96
6899,992,6.39
6899,6432,3.0
6900,8764,4.86
6900,5790,7.16
6900,1281,5.05
6901,3228,6.89
6901,1163,8.35
6901,1000,7.31
6902,9799,8.54
6902,4777,5.59
6902,7147,4.56
6903,7899,5.5
6903,1682,9.04
6903,3290,6.02
6904,2898,3.73
6904,4467,3.95
6904,9508,1.51
6905,2974,5.25
6905,9179,9.09
6905,906,9.24
6906,3627,8.58
6906,1575,0.23
6906,2053,1.86
6907,1578,6.94
6907,5705,4.74
6907,6760,4.8
6908,1494,1.39
6908,6496,2.06
6908,4616,4.53
6909,7996,3.37
6909,9913,8.49
6909,4982,5.05
6910,4430,0.51
6910,3153,9.07
6910,8923,8.2
6911,1966,1.14
6911,1871,5.29
6911,4244,8.69
6912,8407,6.17
6912,8881,2.96
6912,3631,1.69
6913,1294,5.08
6913,9684,3.25
6913,8983,2.79
6914,7589,9.61
6914,9025,5.42
6914,7766,3.89
6915,3099,5.71
6915,1744,1.96
6915,8887,7.39
6916,117,6.65
6916,450,3.75
6916,9910,2.81
6917,1788,4.87
6917,6090,2.69
6917,4379,9.16
6918,7849,6.36
6918,1212,1.67
6918,9592,3.29
6919,9719,0.74
6919,3382,2.9
6919,6377,9.29
6920,5201,6.4
6920,1170,4.72
6920,7386,1.3
6921,3159,3.25
6921,1108,8.69
6921,1852,8.73
6922,7,6.05
6922,8066,1.49
6922,1975,0.53
6923,253,5.72
6923,4343,5.89
6923,1024,8.12
6924,5872,3.78
6924,7207,6.01
6924,4072,7.07
6925,7317,7.46
6925,2944,0.81
6925,4431,0.48
6926,1423,9.16
6926,1108,1.16
6926,4396,3.31
6927,9082,4.3
6927,5571,5.34
6927,6498,0.92
6928,2844,1.43
6928,3875,5.29
6928,1285,1.68
6929,2922,4.42
6929,8011,4.2
6929,2386,2.46
6930,8269,8.84
6930,2042,6.02
6930,7424,4.63
6931,5427,7.45
6931,8733,6.82
6931,7618,4.93
6932,2512,8.35
6932,5899,9.58
6932,5794,7.09
6933,7657,8.72
6933,8356,6.43
6933,8329,2.31
6934,7089,8.42
6934,4158,4.53
6934,9011,2.43
6935,8008,1.4
6935,5457,7.04
6935,3974,7.49
6936,1085,9.81
6936,6727,3.31
6936,7011,6.73
6937,6782,5.16
6937,3162,5.85
6937,6387,5.19
6938,618,7.16
6938,3040,4.79
6938,8018,1.83
6939,2733,3.5
6939,387,7.58
6939,5056,1.26
6940,1043,3.66
6940,5886,8.75
6940,7049,7.04
6941,4522,0.55
6941,4926,7.79
6941,4463,9.76
6942,9131,8.66
6942,3108,2.4
6942,118,6.9
6943,5006,7.91
6943,7613,5.32
6943,8115,4.31
6944,1896,7.7
6944,8111,3.23
6944,8104,2.1
6945,1863,1.35
6945,9984,4.8
6945,1677,4.7
6946,875,6.22
6946,1805,1.53
6946,322,1.86
6947,6870,9.89
6947,8525,2.05
6947,5945,4.21
6948,6707,8.88
6948,9801,1.65
6948,6175,7.99
6949,4648,3.82
6949,5741,1.66
6949,4017,3.63
6950,5249,1.94
6950,203,4.19
6950,7309,0.95
6951,2551,0.23
6951,5024,7.38
6951,3758,9.11
6952,3599,7.13
6952,5670,4.3
6952,2493,8.37
6953,3939,4.4
6953,2080,0.32
6953,9798,2.49
6954,3922,8.4
6954,8653,2.69
6954,7343,6.71
6955,3987,7.13
6955,4269,1.9
6955,4916,8.31
6956,4328,0.91
6956,3049,5.39
6956,6530,2.53
6957,8502,6.05
6957,8518,6.44
6957,1172,1.43
6958,7577,9.43
6958,3666,8.71
6958,2407,2.69
6959,2811,0.75
6959,7340,4.53
6959,8906,8.8
6960,3343,3.82
6960,3304,3.2
6960,1262,4.47
6961,7233,2.27
6961,1638,1.99
6961,7916,7.08
6962,1480,9.27
6962,5340,7.93
6962,4228,5.09
6963,1911,7.99
6963,7637,1.32
6963,3514,7.58
6964,6908,6.33
6964,3689,4.04
6964,6224,9.81
6965,8053,7.65
6965,588,1.79
6965,1602,0.63
6966,3550,2.63
6966,6749,6.15
6966,6845,8.7
6967,6482,2.48
6967,8848,4.34
6967,7090,2.35
6968,1518,6.73
6968,1344,2.02
6968,3709,7.79
6969,8591,0.6
6969,9058,4.44
6969,8112,7.09
6970,3043,7.9
6970,4009,2.55
6970,6516,5.85
6971,4045,4.8
6971,9033,2.6
6971,9610,6.66
6972,9046,5.63
6972,5896,4.36
6972,9682,8.74
6973,1156,10.0
6973,6133,7.54
6973,9821,9.98
6974,3758,6.18
6974,7540,3.26
6974,4382,3.33
6975,4878,3.66
6975,2994,0.68
6975,5041,2.36
6976,6135,7.52
6976,8255,8.85
6976,5694,9.67
6977,21,9.82
6977,8139,9.33
6977,1752,1.85
6978,3223,4.24
6978,8934,9.89
6978,3549,7.16
6979,4143,6.85
6979,7335,3.37
6979,276,9.62
6980,9344,4.31
6980,9431,5.6
6980,9269,0.18
6981,1479,1.51
6981,3916,0.82
6981,6216,5.64
6982,7330,2.6
6982,2713,9.1
6982,8346,4.23
6983,8366,2.47
6983,9233,0.87
6983,5269,0.93
6984,8888,0.52
6984,4417,3.8
6984,7703,8.57
6985,390,6.52
6985,8236,0.85
6985,3918,9.38
6986,993,3.54
6986,7435,6.33
6986,4893,7.37
6987,7147,2.43
6987,6587,5.13
6987,2359,8.83
6988,7493,4.93
6988,7459,4.86
6988,8861,3.94
6989,4812,2.41
6989,764,9.46
6989,97,3.4
6990,745,9.77
6990,6536,9.99
6990,9615,2.49
6991,1087,4.01
6991,4960,6.18
6991,4921,1.24
6992,6296,9.49
6992,641,3.08
6992,2963,1.05
6993,1812,1.44
6993,7634,5.46
6993,4256,3.77
6994,4571,0.44
6994,7199,6.29
6994,3538,3.68
6995,7070,9.79
6995,953,4.22
6995,2259,5.47
6996,7194,3.48
6996,3499,3.7
6996,3851,9.16
6997,2317,7.03
6997,2327,7.66
6997,1824,6.52
6998,5411,4.37
6998,5389,7.44
6998,4675,9.56
6999,514,4.28
6999,5683,7.61
6999,8609,3.74
7000,6436,6.26
7000,4440,6.85
7000,5516,2.37
7001,2662,4.34
7001,7860,4.18
7001,3671,2.42
7002,7394,0.5
7002,9469,9.28
7002,1714,2.06
7003,8692,4.6
7003,9081,0.74
7003,5806,1.15
7004,2649,3.16
7004,1620,5.22
7004,9286,4.38
7005,9096,9.38
7005,9965,5.67
7005,9225,0.55
7006,8523,7.19
7006,9903,8.87
7006,2647,0.74
7007,1812,4.25
7007,7969,7.31
7007,2809,7.5
7008,4882,3.18
7008,3836,1.64
7008,4008,5.24
7009,6875,9.93
7009,3180,1.19
7009,6872,8.75
7010,8819,5.47
7010,5320,1.62
7010,8400,2.14
7011,739,7.24
7011,1929,0.67
7011,6410,7.77
7012,7483,7.0
7012,1162,5.29
7012,8862,8.84
7013,4907,5.71
7013,80,6.81
7013,5780,0.16
7014,5052,8.68
7014,7200,9.4
7014,5603,6.1
7015,5482,5.42
7015,4951,2.88
7015,2032,1.39
7016,7033,2.52
7016,3889,1.07
7016,1995,6.91
7017,2489,2.4
7017,2570,9.55
7017,3040,1.17
7018,2447,9.77
7018,3784,6.38
7018,2434,9.69
7019,9168,4.57
7019,4935,5.27
7019,433,4.84
7020,2588,8.07
7020,8651,1.24
7020,6502,9.33
7021,2079,4.58
7021,392,9.35
7021,9613,4.36
7022,6268,1.99
7022,7442,9.55
7022,1020,5.21
7023,3877,9.01
7023,4364,8.1
7023,1167,6.43
7024,8160,9.95
7024,4130,6.07
7024,1760,8.06
7025,8271,6.46
7025,2448,1.79
7025,1104,8.98
7026,5137,5.04
7026,4712,2.82
7026,5242,4.79
7027,8162,8.13
7027,3860,4.56
7027,5404,7.03
7028,9387,2.06
7028,7860,6.65
7028,229,0.72
7029,7099,6.3
7029,821,0.11
7029,9486,1.85
7030,949,3.86
7030,9246,8.32
7030,923,0.2
7031,3281,3.28
7031,6629,1.34
7031,6941,2.03
7032,2510,7.93
7032,5885,2.58
7032,4820,4.28
7033,4833,7.35
7033,3651,1.77
7033,6562,5.04
7034,3093,6.24
7034,5436,5.3
7034,2617,8.98
7035,8280,6.57
7035,9941,3.66
7035,5842,1.31
7036,800,3.39
7036,5915,6.24
7036,9665,4.03
7037,2153,8.75
7037,887,4.25
7037,6312,3.23
7038,1129,2.02
7038,7532,0.16
7038,5148,0.78
7039,7347,2.03
7039,6614,1.12
7039,7575,1.53
7040,2519,5.05
7040,8316,5.82
7040,6016,9.39
7041,1948,3.98
7041,5748,4.56
7041,1892,5.08
7042,9202,6.15
7042,9657,6.98
7042,8166,7.31
7043,6040,7.54
7043,1459,7.41
7043,9474,9.74
7044,9588,5.5
7044,878,4.71
7044,4522,6.47
7045,2301,4.73
7045,4763,8.21
7045,9227,2.6
7046,9693,8.8
7046,2737,2.34
7046,6716,2.03
7047,6793,1.3
7047,1929,6.33
7047,640,2.4
7048,7746,1.39
7048,1690,9.83
7048,8943,8.44
7049,3550,5.65
7049,1510,6.61
7049,3548,8.2
7050,9913,1.2
7050,5368,2.01
7050,4663,8.47
7051,1459,1.85
7051,7475,8.71
7051,6651,7.57
7052,9408,5.82
7052,307,8.8
7052,3564,0.47
7053,5761,5.28
7053,5293,7.99
7053,8702,6.4
7054,2679,1.61
7054,8261,8.61
7054,2471,2.31
7055,1712,1.57
7055,1971,3.38
7055,5433,1.48
7056,6308,8.42
7056,1094,1.23
7056,4054,3.98
7057,1250,7.04
7057,5917,2.15
7057,6515,2.0
7058,3890,2.66
7058,5019,2.59
7058,645,5.26
7059,6894,9.15
7059,7883,0.28
7059,6012,2.46
7060,1659,4.04
7060,3233,5.58
7060,7845,3.81
7061,7330,1.12
7061,2106,4.65
7061,9710,6.8
7062,4070,9.95
7062,4907,0.75
7062,3426,4.4
7063,4240,3.96
7063,2510,5.29
7063,7604,7.44
7064,8145,3.89
7064,237,3.9
7064,9026,3.21
7065,438,7.37
7065,2849,5.6
7065,6429,3.65
7066,1650,6.15
7066,2846,1.76
7066,3180,9.07
7067,5847,3.84
7067,1850,6.37
7067,3086,2.96
7068,1340,7.09
7068,70,0.82
7068,7615,5.49
7069,5712,6.06
7069,5430,5.78
7069,2203,6.44
7070,7238,0.91
7070,1877,1.57
7070,4450,5.73
7071,5957,8.29
7071,9503,1.81
7071,5546,7.49
7072,1400,1.26
7072,5990,6.53
7072,2089,5.54
7073,2206,5.49
7073,3376,1.61
7073,9264,8.64
7074,1325,1.09
7074,1159,9.18
7074,4850,2.83
7075,7831,0.66
7075,8267,3.76
7075,2251,1.53
7076,7050,7.87
7076,5331,1.25
7076,671,3.92
7077,5991,0.16
7077,3317,4.03
7077,3859,4.02
7078,7565,8.22
7078,6745,0.5
7078,9649,1.0
7079,5296,1.69
7079,9818,3.54
7079,6503,8.89
7080,1356,7.11
7080,7658,7.07
7080,8875,4.07
7081,6340,7.66
7081,1610,1.03
7081,5417,7.55
7082,7582,3.12
7082,3922,9.15
7082,9208,1.77
7083,4567,5.19
7083,8701,1.74
7083,138,3.43
7084,3528,8.07
7084,9223,1.19
7084,2023,2.24
7085,1483,8.78
7085,9030,1.72
7085,2630,7.92
7086,7196,1.13
7086,3900,7.49
7086,6201,9.93
7087,4483,6.23
7087,7687,7.73
7087,8747,3.0
7088,7347,2.54
7088,6467,8.42
7088,8121,2.5
7089,8663,3.4
7089,3015,0.32
7089,6436,7.64
7090,621,3.62
7090,7071,9.42
7090,903,7.5
7091,8420,5.92
7091,9102,1.14
7091,4849,9.4
7092,4167,1.84
7092,3550,7.69
7092,7022,2.27
7093,6870,6.8
7093,1741,0.16
7093,3127,0.48
7094,4940,4.98
7094,3186,8.47
7094,4189,0.4
7095,6389,6.39
7095,3092,2.44
7095,4383,9.76
7096,437,4.79
7096,3243,2.32
7096,9441,1.63
7097,666,4.4
7097,6375,7.98
7097,6389,2.83
7098,8035,8.85
7098,9083,0.58
7098,1956,1.59
7099,2204,1.59
7099,637,0.16
7099,2379,8.82
7100,4049,6.35
7100,363,3.04
7100,3575,8.26
7101,5871,2.54
7101,3932,5.17
7101,8470,5.97
7102,5969,2.29
7102,7384,7.62
7102,5745,7.75
7103,5290,7.29
7103,9611,3.33
7103,2302,2.25
7104,5353,0.33
7104,6983,7.59
7104,1464,4.22
7105,1835,5.83
7105,8917,5.2
7105,1974,3.87
7106,6778,9.08
7106,8486,8.02
7106,4366,4.08
7107,4668,5.01
7107,8309,5.03
7107,5162,7.71
7108,4841,7.93
7108,1363,5.93
7108,6489,7.56
7109,1641,6.23
7109,946,8.58
7109,1455,1.5
7110,1868,9.7
7110,6595,8.65
7110,3249,5.66
7111,5620,4.13
7111,7647,2.12
7111,8741,4.27
7112,7229,1.62
7112,385,6.64
7112,9285,0.95
7113,5498,8.09
7113,110,4.08
7113,6757,3.27
7114,2398,9.46
7114,3401,1.95
7114,8777,6.14
7115,8010,1.56
7115,6130,3.32
7115,5213,7.92
7116,4368,1.83
7116,6372,9.37
7116,8336,3.37
7117,1657,9.2
7117,3758,5.48
7117,3364,7.71
7118,2917,8.03
7118,905,2.74
7118,8842,3.43
7119,4636,9.2
7119,8927,4.18
7119,1882,2.35
7120,1823,1.13
7120,7930,1.59
7120,8616,9.89
7121,6122,6.44
7121,1137,0.98
7121,3053,1.13
7122,3379,7.31
7122,668,2.57
7122,3498,8.29
7123,2286,6.4
7123,3242,4.25
7123,7652,8.14
7124,2643,1.39
7124,9644,5.61
7124,9802,5.72
7125,218,0.3
7125,9852,2.06
7125,1986,9.73
7126,6225,2.37
7126,2036,2.62
7126,988,9.77
7127,7803,6.08
7127,5161,4.31
7127,6778,9.97
7128,6958,5.89
7128,3036,4.94
7128,7724,5.65
7129,7472,4.66
7129,1094,9.66
7129,4520,9.25
7130,7996,3.72
7130,4421,1.16
7130,4551,7.04
7131,137,7.76
7131,6167,7.54
7131,5946,0.44
7132,9307,1.4
7132,963,7.03
7132,1839,2.91
7133,3157,7.02
7133,7971,5.51
7133,4579,7.78
7134,8346,8.29
7134,412,1.31
7134,5768,8.04
7135,7,1.57
7135,6317,6.66
7135,4225,4.99
7136,3075,4.27
7136,3426,8.79
7136,6243,9.78
7137,748,4.14
7137,1927,0.32
7137,70,2.63
7138,5764,4.75
7138,8742,1.17
7138,2214,5.32
7139,8356,7.31
7139,243,3.37
7139,3253,8.91
7140,1382,4.82
7140,5247,2.22
7140,2567,2.85
7141,5458,4.75
7141,2509,5.61
7141,9922,2.45
7142,3018,2.23
7142,9624,4.68
7142,3036,2.28
7143,9807,9.91
7143,6521,5.56
7143,5364,5.99
7144,2959,8.46
7144,8365,2.7
7144,8161,7.57
7145,5831,9.21
7145,4792,9.35
7145,3748,6.74
7146,4486,6.93
7146,1772,7.2
7146,3202,4.44
7147,9644,0.81
7147,3130,2.56
7147,2191,3.55
7148,2315,0.78
7148,8974,6.94
7148,6907,5.62
7149,7978,6.92
7149,3942,3.52
7149,2834,9.69
7150,4593,1.04
7150,660,8.13
7150,5362,5.72
7151,2442,9.93
7151,550,5.41
7151,6285,10.0
7152,151,6.84
7152,9204,3.88
7152,7377,5.26
7153,9631,6.11
7153,2602,6.93
7153,361,0.15
7154,2350,7.67
7154,3880,8.83
7154,4688,6.81
7155,3494,0.83
7155,589,2.45
7155,5834,9.49
7156,2754,9.6
7156,7713,1.17
7156,5360,4.34
7157,1609,4.48
7157,6517,8.91
7157,3993,9.42
7158,9493,0.56
7158,40,8.03
7158,876,1.65
7159,3248,2.84
7159,7054,1.64
7159,5355,5.33
7160,4294,4.81
7160,3640,9.83
7160,8601,3.58
7161,2569,9.54
7161,6498,2.39
7161,589,6.74
7162,2346,6.99
7162,4542,5.64
7162,7078,7.86
7163,1623,6.68
7163,3650,8.54
7163,8695,8.21
7164,8482,5.48
7164,9330,0.89
7164,2077,4.36
7165,3919,8.72
7165,2143,0.67
7165,7597,8.41
7166,1006,0.55
7166,2897,3.48
7166,3464,6.0
7167,3613,3.53
7167,3973,4.42
7167,6480,1.28
7168,7938,1.92
7168,6994,9.48
7168,5478,0.18
7169,7681,4.96
7169,8745,5.78
7169,2650,0.93
7170,6866,8.16
7170,2741,5.52
7170,3974,1.41
7171,9465,9.85
7171,7796,1.05
7171,2377,9.55
7172,1220,2.99
7172,2214,3.06
7172,3349,5.27
7173,1218,0.53
7173,6387,9.58
7173,1010,4.87
7174,3696,8.13
7174,1743,8.62
7174,7871,1.42
7175,6312,1.85
7175,6614,2.72
7175,797,9.63
7176,9722,3.41
7176,4247,7.95
7176,7470,2.71
7177,9389,4.01
7177,7436,4.79
7177,8555,8.28
7178,155,9.96
7178,3881,9.89
7178,2019,8.92
7179,1701,3.33
7179,7571,1.36
7179,5596,6.42
7180,9197,7.77
7180,3023,0.96
7180,5156,3.72
7181,879,7.51
7181,2163,7.17
7181,7510,5.55
7182,3261,5.31
7182,1887,3.29
7182,5637,4.54
7183,5093,3.02
7183,5572,3.06
7183,5354,6.48
7184,4381,7.85
7184,7321,1.16
7184,3168,3.26
7185,7727,5.15
7185,7366,9.97
7185,9835,0.2
7186,8674,5.92
7186,3329,6.15
7186,7806,6.74
7187,3649,5.2
7187,7337,0.75
7187,5434,1.59
7188,3171,5.49
7188,6156,2.17
7188,4822,3.41
7189,8332,7.58
7189,1684,2.39
7189,190,0.91
7190,4366,4.27
7190,3209,7.61
7190,272,8.31
7191,6914,7.63
7191,1743,3.56
7191,8979,5.06
7192,2954,3.25
7192,221,8.49
7192,1927,7.96
7193,1329,7.5
7193,5145,2.76
7193,4617,9.02
7194,4892,5.31
7194,213,7.14
7194,9511,9.3
7195,6039,4.66
7195,1517,6.54
7195,8596,2.18
7196,638,1.57
7196,425,6.0
7196,6287,1.81
7197,9805,2.94
7197,6439,2.14
7197,1502,1.82
7198,8475,1.16
7198,5610,4.04
7198,3135,9.24
7199,1304,2.6
7199,356,5.88
7199,8132,3.52
7200,4916,2.28
7200,1794,8.47
7200,6253,9.88
7201,8940,9.83
7201,5327,9.14
7201,8071,2.82
7202,7698,4.41
7202,2696,0.38
7202,5993,7.59
7203,6325,8.04
7203,5399,0.96
7203,2741,2.92
7204,5979,4.43
7204,2018,9.43
7204,2509,7.17
7205,1757,3.13
7205,7105,2.02
7205,8581,5.23
7206,3186,0.14
7206,8734,9.1
7206,3050,5.73
7207,8348,8.5
7207,2729,5.99
7207,8119,4.45
7208,115,3.06
7208,977,5.64
7208,8214,1.05
7209,7785,4.18
7209,6168,7.76
7209,5866,3.24
7210,1909,9.33
7210,3472,4.77
7210,798,4.36
7211,66,8.04
7211,4889,9.59
7211,9097,7.83
7212,8884,7.74
7212,8874,2.98
7212,9191,6.4
7213,1922,8.74
7213,9607,0.2
7213,5078,0.86
7214,1749,4.78
7214,7449,5.86
7214,3080,9.05
7215,2819,5.16
7215,8227,4.73
7215,8080,4.99
7216,6723,9.21
7216,3173,3.49
7216,1764,6.64
7217,468,5.51
7217,1047,1.84
7217,1665,9.2
7218,5090,5.19
7218,4482,4.77
7218,943,2.48
7219,7962,7.53
7219,8855,2.33
7219,2302,4.2
7220,2934,6.13
7220,5785,7.47
7220,4740,1.19
7221,1381,0.18
7221,2910,7.28
7221,1003,3.63
7222,6143,1.02
7222,8155,1.04
7222,3031,3.21
7223,5167,3.26
7223,1274,4.55
7223,1539,9.4
7224,3753,9.94
7224,5280,6.33
7224,6879,7.96
7225,3841,1.79
7225,2373,8.55
7225,664,2.77
7226,3619,9.4
7226,4522,1.26
7226,6400,4.73
7227,2074,7.97
7227,7477,4.12
7227,7219,8.36
7228,5805,9.75
7228,4496,4.11
7228,9603,6.58
7229,2752,7.57
7229,9900,4.75
7229,3047,4.49
7230,9275,7.4
7230,7967,7.2
7230,8989,4.2
7231,5629,5.12
7231,417,6.77
7231,9110,1.74
7232,1134,6.74
7232,9820,0.28
7232,5450,3.84
7233,7455,4.81
7233,2531,8.62
7233,8994,8.74
7234,5812,8.83
7234,6929,1.29
7234,9616,6.5
7235,5982,1.15
7235,5580,5.2
7235,6114,7.14
7236,8243,4.97
7236,7245,2.59
7236,9279,9.69
7237,1184,6.4
7237,3575,2.71
7237,6143,3.97
7238,5302,8.79
7238,4555,1.48
7238,489,1.03
7239,525,2.11
7239,6367,5.46
7239,8316,1.75
7240,7402,3.64
7240,4050,6.13
7240,6896,0.43
7241,6960,1.15
7241,6439,0.86
7241,2548,2.78
7242,6568,7.63
7242,1465,6.71
7242,1030,8.88
7243,5238,7.68
7243,7592,7.07
7243,678,7.58
7244,2942,1.57
7244,2912,4.73
7244,3086,4.93
7245,569,8.78
7245,4553,6.25
7245,9350,1.82
7246,1856,3.38
7246,4049,4.95
7246,4792,2.44
7247,6178,4.67
7247,7241,4.33
7247,4225,9.97
7248,7126,7.05
7248,9648,1.74
7248,8189,6.41
7249,8393,2.19
7249,2049,6.94
7249,973,5.81
7250,3036,8.9
7250,497,2.93
7250,2833,6.9
7251,6583,0.32
7251,4777,1.53
7251,9535,4.52
7252,7195,3.19
7252,4,7.96
7252,1830,6.6
7253,6463,1.12
7253,434,4.73
7253,8954,6.08
7254,578,3.38
7254,6835,5.66
7254,8224,3.34
7255,8020,6.19
7255,9152,9.81
7255,6217,9.96
7256,8014,5.91
7256,4874,0.4
7256,5891,8.66
7257,8006,3.21
7257,3138,2.94
7257,2457,0.45
7258,639,2.74
7258,4803,9.24
7258,9384,9.02
7259,52,3.93
7259,3122,5.82
7259,7119,7.58
7260,8700,1.44
7260,8724,9.53
7260,6857,8.04
7261,1793,3.77
7261,9140,8.34
7261,7321,5.22
7262,2680,6.95
7262,6104,8.48
7262,8691,3.37
7263,3585,7.26
7263,2668,0.85
7263,1710,7.06
7264,8529,8.97
7264,7423,3.03
7264,340,5.12
7265,8512,4.35
7265,7992,9.6
7265,1646,2.58
7266,7560,8.92
7266,5572,4.71
7266,3032,5.52
7267,1126,8.25
7267,8819,2.43
7267,4146,0.88
7268,641,0.86
7268,7903,5.63
7268,9170,3.67
7269,7643,8.56
7269,9553,6.94
7269,1642,4.68
7270,7778,1.77
7270,6783,1.79
7270,8523,4.31
7271,3784,0.2
7271,3297,9.74
7271,6031,8.53
7272,309,3.41
7272,3690,3.42
7272,8666,7.37
7273,9723,9.46
7273,8626,5.54
7273,4560,7.83
7274,8369,3.09
7274,7764,1.82
7274,9143,8.33
7275,2767,1.08
7275,7979,1.51
7275,3262,4.12
7276,9586,9.99
7276,1999,4.29
7276,2348,0.41
7277,4188,9.33
7277,4673,3.22
7277,7968,1.62
7278,3121,6.97
7278,2929,3.36
7278,9256,2.61
7279,6749,9.79
7279,6837,8.85
7279,2120,0.97
7280,9778,7.78
7280,4703,4.75
7280,8705,9.0
7281,4699,3.49
7281,2065,8.85
7281,8022,7.33
7282,4878,7.99
7282,3532,2.06
7282,2475,3.34
7283,4681,8.44
7283,5926,0.18
7283,8862,9.5
7284,7717,8.92
7284,9614,8.44
7284,3283,1.24
7285,7082,1.03
7285,9852,9.67
7285,5258,6.28
7286,3516,9.92
7286,3532,2.76
7286,4352,0.4
7287,947,1.26
7287,7255,3.41
7287,814,4.57
7288,7493,8.83
7288,6983,6.66
7288,7250,2.02
7289,7671,9.56
7289,1268,2.24
7289,3526,9.95
7290,7444,1.21
7290,3986,8.79
7290,3189,0.25
7291,2182,1.21
7291,9934,5.83
7291,5413,8.53
7292,3154,9.31
7292,7577,6.71
7292,1491,9.19
7293,136,9.86
7293,4251,8.27
7293,350,7.82
7294,7048,4.07
7294,6399,4.47
7294,3754,5.77
7295,8732,6.82
7295,7896,6.26
7295,4460,8.3
7296,6445,4.02
7296,5234,1.92
7296,5460,2.4
7297,6337,3.88
7297,9043,8.49
7297,1711,2.7
7298,8797,2.11
7298,3111,5.41
7298,7340,6.75
7299,5075,2.53
7299,4570,0.44
7299,9852,4.48
7300,8731,8.18
7300,453,4.35
7300,7521,8.91
7301,3354,9.47
7301,4891,6.76
7301,5649,0.49
7302,4049,3.51
7302,896,4.65
7302,5413,9.68
7303,1983,3.16
7303,6571,0.6
7303,3011,6.33
7304,338,6.53
7304,7922,7.78
7304,2267,1.21
7305,4826,6.21
7305,121,5.97
7305,6988,6.14
7306,8373,2.77
7306,7252,5.2
7306,9535,1.94
7307,8178,7.58
7307,9121,6.02
7307,9243,7.12
7308,9041,6.58
7308,6964,9.88
7308,4840,1.8
7309,6637,4.65
7309,7993,1.74
7309,7193,8.81
7310,9718,3.6
7310,5909,9.75
7310,8327,6.31
7311,507,2.65
7311,9642,1.27
7311,2149,4.38
7312,166,9.55
7312,7287,0.39
7312,1787,4.64
7313,8693,7.15
7313,8541,0.32
7313,4423,4.7
7314,4376,4.7
7314,9453,6.45
7314,3127,8.69
7315,4279,9.58
7315,9763,8.88
7315,7158,6.92
7316,4660,7.95
7316,318,0.71
7316,449,9.8
7317,5493,1.83
7317,3653,0.16
7317,1192,6.49
7318,326,8.37
7318,6131,4.18
7318,932,4.37
7319,8410,7.4
7319,4725,6.15
7319,5179,5.89
7320,6394,1.73
7320,7712,2.52
7320,4670,0.38
7321,1678,8.79
7321,9784,6.65
7321,5429,4.31
7322,5006,3.07
7322,3995,9.96
7322,9102,7.79
7323,5647,2.69
7323,5350,6.08
7323,7609,9.52
7324,4326,6.08
7324,3596,5.4
7324,8032,4.74
7325,4152,6.04
7325,6667,7.57
7325,4451,1.7
7326,3968,6.49
7326,5114,8.45
7326,4079,6.58
7327,2381,9.36
7327,3976,7.8
7327,9802,5.51
7328,1584,6.1
7328,7687,3.14
7328,7335,5.34
7329,841,3.88
7329,4749,3.57
7329,8347,7.57
7330,9078,0.83
7330,5146,3.2
7330,4901,6.52
7331,5321,1.08
7331,7072,4.27
7331,8807,8.96
7332,9611,8.03
7332,8247,7.24
7332,8821,6.82
7333,193,6.39
7333,4305,4.86
7333,7557,1.92
7334,8692,0.64
7334,2967,5.51
7334,5778,8.19
7335,8069,7.3
7335,4470,3.86
7335,7089,7.07
7336,9451,7.97
7336,778,0.18
7336,9130,5.91
7337,2262,5.95
7337,416,8.39
7337,5141,0.43
7338,5302,5.11
7338,4717,3.21
7338,5515,8.02
7339,4497,0.26
7339,7088,3.7
7339,5749,5.59
7340,2093,0.4
7340,5937,2.93
7340,3635,9.21
7341,3798,1.95
7341,1690,7.03
7341,54,3.21
7342,2188,4.0
7342,1128,6.96
7342,854,1.0
7343,4720,2.55
7343,2606,4.99
7343,8497,4.33
7344,4148,4.74
7344,1172,4.49
7344,485,7.82
7345,1487,4.19
7345,8147,9.64
7345,4163,5.3
7346,1935,3.67
7346,1709,3.58
7346,1497,5.58
7347,4386,10.0
7347,5752,0.78
7347,8755,7.23
7348,2874,8.3
7348,6882,6.7
7348,190,7.17
7349,3155,1.62
7349,5053,9.79
7349,661,1.63
7350,4969,8.5
7350,6596,6.7
7350,2597,2.1
7351,7517,9.77
7351,3583,1.97
7351,641,0.96
7352,6651,4.67
7352,7793,2.96
7352,9295,0.77
7353,1527,5.77
7353,6903,7.41
7353,5875,6.09
7354,9742,9.99
7354,3574,3.94
7354,7919,1.01
7355,5302,1.86
7355,5098,1.51
7355,3608,2.73
7356,9107,3.26
7356,2108,1.98
7356,5914,2.12
7357,199,5.0
7357,8066,6.99
7357,2894,7.97
7358,1613,8.01
7358,4203,8.84
7358,626,1.35
7359,1348,2.98
7359,2127,3.57
7359,6500,1.75
7360,3526,6.24
7360,5426,7.37
7360,8735,9.86
7361,9273,4.81
7361,6906,8.71
7361,5148,5.33
7362,4782,7.78
7362,5370,7.24
7362,3986,1.84
7363,4018,3.67
7363,7161,8.88
7363,9332,1.21
7364,7951,2.35
7364,1447,4.28
7364,1812,6.53
7365,4172,0.77
7365,9101,9.29
7365,6913,8.77
7366,5939,7.86
7366,9036,1.99
7366,6081,4.16
7367,1885,5.97
7367,5686,3.17
7367,4103,9.27
7368,4670,6.8
7368,7638,2.17
7368,6284,4.7
7369,6212,6.55
7369,9401,6.5
7369,4715,9.17
7370,4165,6.29
7370,540,1.43
7370,7089,3.57
7371,4842,3.62
7371,7726,1.7
7371,5339,3.14
7372,4219,2.81
7372,3468,6.16
7372,4579,3.82
7373,8827,8.92
7373,2422,9.48
7373,3918,3.24
7374,262,4.13
7374,8663,3.37
7374,5109,0.72
7375,5321,1.11
7375,9631,6.19
7375,1673,9.48
7376,1138,7.37
7376,2042,6.85
7376,3545,9.33
7377,1937,6.94
7377,5838,0.62
7377,8212,4.12
7378,5037,2.86
7378,2284,3.63
7378,437,6.59
7379,9621,3.28
7379,6443,7.2
7379,1295,7.7
7380,8983,0.73
7380,2537,7.95
7380,1182,4.29
7381,3671,6.52
7381,7032,7.37
7381,3066,8.78
7382,9104,3.82
7382,2315,5.91
7382,7426,0.98
7383,5157,2.1
7383,8482,1.49
7383,4229,2.01
7384,8762,6.95
7384,9988,9.75
7384,2046,9.82
7385,2087,0.22
7385,2460,1.56
7385,7591,6.54
7386,392,7.01
7386,8843,7.21
7386,1818,1.16
7387,9420,7.12
7387,6897,6.1
7387,8815,7.05
7388,5946,7.67
7388,4925,0.78
7388,4781,1.94
7389,321,7.16
7389,6802,3.97
7389,8002,0.86
7390,2396,5.91
7390,5987,4.55
7390,1338,3.99
7391,7364,5.91
7391,1050,9.24
7391,8922,2.25
7392,309,0.39
7392,8754,4.57
7392,1176,5.42
7393,3799,2.24
7393,4361,7.35
7393,5033,1.23
7394,8218,9.13
7394,7795,4.76
7394,5219,3.5
7395,8495,2.93
7395,1609,9.0
7395,7823,7.52
7396,383,9.04
7396,4318,9.03
7396,6975,1.77
7397,1781,8.65
7397,394,1.01
7397,1728,9.4
7398,8036,5.84
7398,7896,2.49
7398,553,3.29
7399,1127,4.96
7399,4484,4.54
7399,377,8.48
7400,7322,3.14
7400,138,6.08
7400,4105,0.76
7401,8106,4.08
7401,2244,1.06
7401,9179,7.82
7402,3991,5.69
7402,2673,5.12
7402,3429,1.4
7403,2043,9.68
7403,3988,3.61
7403,9399,7.6
7404,1260,8.14
7404,9574,0.71
7404,3761,4.78
7405,6314,6.3
7405,2400,0.57
7405,5326,4.51
7406,436,5.49
7406,4265,2.37
7406,1565,6.53
7407,6291,6.07
7407,9704,9.83
7407,3997,7.78
7408,462,5.35
7408,5859,8.15
7408,1219,6.79
7409,3620,5.67
7409,5428,9.07
7409,5127,6.14
7410,317,3.76
7410,2808,6.74
7410,4007,2.67
7411,4137,6.29
7411,7162,7.33
7411,9888,0.75
7412,4783,3.75
7412,3619,0.48
7412,1361,6.74
7413,3903,9.66
7413,3778,3.67
7413,6894,4.59
7414,2801,0.67
7414,1806,3.0
7414,7511,5.85
7415,2515,7.18
7415,8951,4.47
7415,7722,8.7
7416,5186,3.08
7416,5310,2.02
7416,3774,3.03
7417,6663,6.82
7417,2351,2.72
7417,7084,3.63
7418,2273,9.11
7418,3595,3.73
7418,4390,4.29
7419,5062,7.51
7419,9114,2.57
7419,3069,1.7
7420,874,0.85
7420,62,6.33
7420,15,8.71
7421,9067,7.19
7421,1815,5.31
7421,3687,5.16
7422,4592,4.39
7422,8097,4.31
7422,6345,0.69
7423,5376,7.92
7423,1124,1.36
7423,6130,1.91
7424,5566,3.17
7424,9787,3.59
7424,6923,6.41
7425,9705,9.35
7425,3848,4.86
7425,4315,9.03
7426,1653,7.07
7426,8022,6.51
7426,1853,6.13
7427,9725,6.27
7427,4906,3.04
7427,3572,3.18
7428,6919,9.7
7428,1528,2.53
7428,226,1.37
7429,1938,8.76
7429,5256,4.08
7429,8225,6.4
7430,3132,1.27
7430,6707,8.35
7430,4782,2.25
7431,8940,3.29
7431,4706,1.97
7431,1332,4.09
7432,972,5.63
7432,2791,5.59
7432,3466,6.89
7433,6948,1.68
7433,3497,0.57
7433,1418,9.91
7434,708,9.86
7434,6511,8.49
7434,8264,3.58
7435,8701,7.74
7435,7285,7.48
7435,5933,8.36
7436,992,8.83
7436,3575,9.03
7436,549,3.14
7437,2809,1.62
7437,5211,8.16
7437,3539,3.69
7438,2825,8.56
7438,6699,4.3
7438,1690,5.91
7439,4084,8.72
7439,8645,6.14
7439,7405,1.93
7440,6113,2.28
7440,7108,3.2
7440,2354,9.84
7441,3473,1.87
7441,9700,1.11
7441,2638,2.65
7442,8796,7.7
7442,276,2.01
7442,2520,6.3
7443,3341,0.43
7443,494,5.75
7443,7937,0.16
7444,1047,3.07
7444,5113,2.17
7444,4987,1.25
7445,7931,3.2
7445,7619,4.48
7445,3024,0.44
7446,6560,9.72
7446,2400,1.88
7446,7555,2.53
7447,2918,3.24
7447,3474,9.5
7447,2408,9.33
7448,2954,1.42
7448,3366,7.7
7448,5217,7.43
7449,1122,7.88
7449,8492,0.53
7449,2038,3.57
7450,1875,4.35
7450,9227,6.72
7450,6661,8.23
7451,9195,7.72
7451,5263,4.16
7451,6142,3.86
7452,848,8.42
7452,948,3.01
7452,1374,3.05
7453,9349,7.0
7453,8313,4.3
7453,6550,5.81
7454,4574,3.9
7454,845,6.57
7454,6010,0.9
7455,4396,2.64
7455,2086,9.48
7455,5233,9.01
7456,8050,8.44
7456,3142,5.89
7456,5153,0.91
7457,4218,1.24
7457,1998,9.88
7457,7059,1.2
7458,4088,8.49
7458,238,4.06
7458,5956,2.1
7459,5231,8.65
7459,8698,3.14
7459,3227,9.37
7460,1485,9.23
7460,8293,0.17
7460,5828,2.5
7461,280,9.57
7461,6479,1.25
7461,2679,7.56
7462,4049,6.55
7462,2424,6.2
7462,7703,6.24
7463,6676,8.07
7463,837,1.0
7463,6730,7.83
7464,490,8.49
7464,5901,4.32
7464,5564,7.35
7465,2186,6.53
7465,3860,1.31
7465,2210,0.72
7466,9376,9.43
7466,3951,7.31
7466,5229,0.73
7467,9211,9.59
7467,9580,1.69
7467,6390,4.87
7468,8949,4.87
7468,2266,5.08
7468,2054,1.88
7469,9735,7.59
7469,8575,3.84
7469,2837,1.47
7470,7098,8.27
7470,7108,3.14
7470,3675,2.7
7471,3749,4.41
7471,2650,1.83
7471,6799,7.57
7472,1628,2.28
7472,7647,1.99
7472,2775,6.51
7473,4720,4.24
7473,6996,4.46
7473,5321,5.02
7474,5209,2.78
7474,9683,5.5
7474,7479,5.97
7475,2062,2.67
7475,965,8.0
7475,8565,0.7
7476,3581,2.47
7476,7083,5.59
7476,3833,4.46
7477,288,1.79
7477,1747,3.43
7477,3712,9.87
7478,9687,0.44
7478,6851,9.9
7478,8179,5.18
7479,6677,1.83
7479,8190,7.04
7479,5590,2.76
7480,5711,2.81
7480,70,9.74
7480,8167,2.88
7481,4398,7.38
7481,8915,1.69
7481,2489,9.33
7482,3230,4.7
7482,9570,9.51
7482,2322,4.59
7483,4891,5.65
7483,3292,9.12
7483,4608,8.58
7484,2499,0.61
7484,1446,7.52
7484,3888,9.61
7485,5425,7.2
7485,135,7.13
7485,4702,2.83
7486,842,8.1
7486,4793,9.59
7486,5015,7.85
7487,3532,6.48
7487,8662,4.19
7487,9865,5.94
7488,109,3.6
7488,2277,9.32
7488,9357,1.21
7489,5474,1.33
7489,2400,5.69
7489,3211,1.49
7490,952,3.22
7490,3272,7.26
7490,3766,9.15
7491,7132,3.27
7491,7145,9.91
7491,96,5.33
7492,7749,5.18
7492,1263,5.64
7492,221,9.49
7493,8136,4.75
7493,4018,6.74
7493,6600,2.31
7494,861,6.04
7494,6110,9.12
7494,9865,8.51
7495,4256,7.96
7495,2003,2.24
7495,4388,6.05
7496,1939,4.57
7496,8704,7.98
7496,651,1.91
7497,2565,3.22
7497,6296,9.35
7497,8621,1.91
7498,3713,0.26
7498,7641,7.31
7498,1776,3.43
7499,6656,3.16
7499,8877,4.73
7499,6436,2.14
7500,2337,2.71
7500,1011,3.74
7500,183,1.03
7501,8834,8.65
7501,932,0.61
7501,3803,1.0
7502,1684,7.6
7502,6213,6.27
7502,3893,8.02
7503,7412,2.92
7503,634,4.29
7503,815,6.42
7504,8321,4.42
7504,6443,2.49
7504,6195,7.84
7505,4762,9.37
7505,7161,2.2
7505,5971,2.67
7506,7448,0.61
7506,8920,6.3
7506,7570,6.58
7507,502,1.97
7507,6710,1.52
7507,2962,2.35
7508,4282,1.11
7508,3842,2.37
7508,6727,0.77
7509,2665,9.98
7509,3194,2.53
7509,9660,0.15
7510,4855,7.35
7510,9866,7.94
7510,8847,7.4
7511,6327,9.75
7511,8984,9.14
7511,4612,2.71
7512,931,5.09
7512,7464,5.5
7512,9775,9.42
7513,2194,7.51
7513,745,8.62
7513,5685,9.2
7514,8576,5.67
7514,372,0.9
7514,3016,4.45
7515,3437,8.67
7515,2430,8.18
7515,2086,0.86
7516,800,4.47
7516,7864,3.67
7516,4189,4.54
7517,8455,5.26
7517,4921,0.49
7517,2938,8.48
7518,1275,1.86
7518,9511,1.72
7518,1385,5.64
7519,9366,4.64
7519,5558,6.1
7519,7002,7.79
7520,3053,5.25
7520,2830,2.63
7520,4388,9.62
7521,290,6.01
7521,5220,8.1
7521,8796,2.85
7522,7105,0.33
7522,3637,8.03
7522,2962,5.81
7523,8464,9.6
7523,3625,9.61
7523,6636,6.58
7524,5845,0.51
7524,9210,9.84
7524,3544,2.58
7525,89,1.27
7525,6876,6.84
7525,3731,7.53
7526,1852,9.44
7526,6792,5.98
7526,675,0.99
7527,3908,3.24
7527,6709,6.4
7527,5714,6.23
7528,9969,0.28
7528,3433,9.08
7528,9680,0.3
7529,5825,0.64
7529,6910,4.51
7529,7843,6.09
7530,2502,3.39
7530,486,2.09
7530,7443,7.16
7531,9320,8.69
7531,567,8.46
7531,8899,4.73
7532,3967,9.56
7532,969,4.75
7532,6966,6.47
7533,7203,0.36
7533,5107,9.53
7533,7528,5.34
7534,7940,9.14
7534,4088,1.64
7534,307,3.29
7535,2854,4.08
7535,560,9.46
7535,7643,0.82
7536,8289,3.58
7536,2776,0.44
7536,6424,2.14
7537,4113,8.77
7537,136,2.13
7537,1948,7.34
7538,1673,1.56
7538,5079,7.35
7538,8992,7.11
7539,4847,6.89
7539,2800,5.1
7539,8641,7.37
7540,3807,0.27
7540,5760,1.29
7540,5746,6.52
7541,1133,4.1
7541,6739,3.47
7541,5919,9.99
7542,4281,2.23
7542,4239,6.8
7542,1628,9.59
7543,2553,3.14
7543,9779,7.44
7543,6015,1.03
7544,7642,9.44
7544,7847,7.03
7544,5853,1.34
7545,8587,0.78
7545,7691,3.41
7545,1915,0.36
7546,4892,2.98
7546,185,1.82
7546,5314,1.49
7547,9264,2.14
7547,8935,2.24
7547,5360,1.58
7548,4751,4.91
7548,7043,0.96
7548,1281,1.74
7549,2507,6.85
7549,7295,2.79
7549,9102,2.65
7550,7931,0.61
7550,3154,2.1
7550,4623,9.85
7551,1563,9.89
7551,8956,7.51
7551,8697,6.37
7552,7027,0.48
7552,1381,4.03
7552,9686,6.47
7553,9233,3.31
7553,8729,8.95
7553,7841,6.02
7554,6683,3.17
7554,599,7.86
7554,8858,3.07
7555,3702,0.74
7555,2423,9.89
7555,8264,7.91
7556,8069,3.28
7556,7751,4.76
7556,2741,5.56
7557,5100,8.12
7557,8363,4.2
7557,2179,3.11
7558,6240,9.59
7558,8546,8.22
7558,4731,2.57
7559,7311,7.06
7559,2232,3.4
7559,5907,7.51
7560,3675,7.97
7560,1262,8.0
7560,5136,5.81
7561,4941,9.19
7561,7818,7.23
7561,1495,7.78
7562,9764,0.52
7562,4945,8.84
7562,472,1.02
7563,1957,6.83
7563,4430,2.67
7563,6115,9.42
7564,5649,4.55
7564,7331,5.18
7564,1116,7.32
7565,5920,4.19
7565,8903,7.9
7565,4118,1.89
7566,1959,4.32
7566,611,4.39
7566,7787,1.44
7567,2411,4.76
7567,2696,8.26
7567,6242,5.12
7568,9839,3.56
7568,6240,3.46
7568,2323,1.53
7569,5721,7.33
7569,7619,6.21
7569,2739,4.71
7570,3167,9.2
7570,1417,4.6
7570,2714,6.17
7571,2730,5.32
7571,10,8.67
7571,3260,3.03
7572,7163,7.49
7572,8991,9.15
7572,6906,9.52
7573,3968,4.18
7573,9449,7.71
7573,7235,3.39
7574,6550,5.51
7574,6107,7.15
7574,4977,4.21
7575,1834,2.18
7575,8780,2.05
7575,8098,3.22
7576,7917,5.55
7576,5393,5.79
7576,765,2.4
7577,3143,6.45
7577,513,8.77
7577,8693,4.11
7578,9590,0.86
7578,5318,1.04
7578,3785,7.22
7579,2721,5.82
7579,8897,7.0
7579,8874,5.09
7580,8618,6.46
7580,3491,7.07
7580,162,3.11
7581,6992,1.89
7581,9702,5.68
7581,4971,0.74
7582,408,3.93
7582,4000,8.11
7582,3665,5.5
7583,6975,4.56
7583,9130,2.38
7583,6022,7.47
7584,7040,9.45
7584,3784,1.76
7584,2719,3.91
7585,9261,1.96
7585,2428,3.25
7585,2092,8.27
7586,319,7.18
7586,2622,3.1
7586,5599,5.06
7587,4564,6.59
7587,4228,9.91
7587,2502,5.45
7588,1663,7.5
7588,2935,1.55
7588,7462,4.59
7589,2597,3.21
7589,9756,8.11
7589,7169,9.21
7590,2785,5.55
7590,3389,4.97
7590,7316,2.68
7591,389,0.11
7591,2343,4.31
7591,74,2.49
7592,6827,9.24
7592,5512,1.88
7592,7465,5.13
7593,3982,4.66
7593,3119,6.38
7593,644,0.38
7594,7027,8.19
7594,5920,6.12
7594,1395,1.21
7595,8169,9.75
7595,7813,7.76
7595,1854,9.1
7596,1832,5.47
7596,2651,9.99
7596,989,0.22
7597,9315,6.99
7597,9017,9.61
7597,9176,3.13
7598,7638,1.17
7598,1555,8.54
7598,8431,1.34
7599,2744,4.19
7599,9934,1.15
7599,8644,5.97
7600,3726,8.37
7600,8899,0.71
7600,6005,8.19
7601,324,8.95
7601,6119,5.84
7601,4396,7.45
7602,8036,0.22
7602,770,4.3
7602,4997,8.72
7603,5869,5.84
7603,9935,5.47
7603,393,3.62
7604,5271,4.19
7604,6067,2.63
7604,5224,9.72
7605,8481,7.15
7605,9535,6.37
7605,3182,5.44
7606,8002,8.91
7606,2985,7.71
7606,2212,4.26
7607,9818,0.8
7607,175,1.34
7607,9302,9.29
7608,2797,2.26
7608,392,3.71
7608,695,7.28
7609,2580,1.96
7609,1743,8.4
7609,1191,7.62
7610,6609,8.77
7610,3852,4.4
7610,989,3.73
7611,7758,1.53
7611,2808,9.83
7611,7594,8.67
7612,903,0.98
7612,8914,2.86
7612,1336,9.52
7613,7153,6.33
7613,7055,0.79
7613,2179,2.8
7614,8143,2.11
7614,7069,3.87
7614,7163,3.51
7615,9636,4.48
7615,6990,2.69
7615,3251,7.19
7616,2691,9.39
7616,5597,2.47
7616,5704,0.1
7617,7434,1.57
7617,2004,3.49
7617,7028,5.46
7618,4057,7.2
7618,5964,8.81
7618,8207,9.03
7619,5201,7.45
7619,3532,8.47
7619,9807,5.41
7620,7300,9.95
7620,7336,8.2
7620,9763,3.99
7621,7734,6.13
7621,4748,9.17
7621,5163,4.69
7622,9636,7.76
7622,326,0.28
7622,1714,2.87
7623,6275,7.2
7623,6812,2.67
7623,6724,9.61
7624,7518,0.4
7624,7827,8.38
7624,7206,9.74
7625,9775,7.54
7625,949,2.58
7625,1487,6.57
7626,2310,3.32
7626,6520,9.14
7626,8810,0.91
7627,1967,8.12
7627,7370,5.86
7627,2687,7.86
7628,5438,6.94
7628,3447,5.83
7628,5238,4.13
7629,7258,9.13
7629,7772,8.84
7629,2097,3.24
7630,1752,3.94
7630,5713,9.29
7630,9650,9.88
7631,5656,9.28
7631,1554,4.54
7631,8437,2.74
7632,850,0.67
7632,4756,9.46
7632,982,2.58
7633,8299,5.66
7633,202,6.57
7633,2777,9.94
7634,8605,8.97
7634,1183,7.6
7634,1407,9.38
7635,879,3.99
7635,8435,1.51
7635,1074,9.39
7636,4184,7.54
7636,6737,3.43
7636,7274,3.67
7637,5128,7.66
7637,8996,9.76
7637,4111,0.19
7638,1190,3.22
7638,9640,4.88
7638,2380,6.21
7639,8234,4.12
7639,8971,3.46
7639,2480,0.94
7640,2428,8.88
7640,6376,0.2
7640,6729,7.39
7641,1831,1.55
7641,4673,5.27
7641,65,5.5
7642,8179,3.15
7642,1775,0.27
7642,6736,8.01
7643,1695,1.46
7643,7311,9.7
7643,1224,9.14
7644,6791,4.45
7644,922,5.11
7644,3438,9.77
7645,9624,1.5
7645,757,6.49
7645,1446,8.8
7646,2403,5.87
7646,7206,0.7
7646,974,5.42
7647,3827,5.96
7647,6796,9.14
7647,9273,8.89
7648,2614,5.27
7648,2714,8.18
7648,9717,6.66
7649,8578,4.24
7649,6122,5.08
7649,910,3.31
7650,3988,6.74
7650,6187,6.09
7650,7340,2.09
7651,3395,7.36
7651,477,3.55
7651,7124,5.34
7652,9311,4.86
7652,7133,5.06
7652,6058,4.54
7653,7833,0.28
7653,3368,7.1
7653,8635,8.29
7654,4729,3.47
7654,2966,0.7
7654,9025,2.68
7655,7849,6.25
7655,612,2.92
7655,9569,7.14
7656,5966,0.26
7656,9697,7.51
7656,21,0.34
7657,905,2.93
7657,6237,9.54
7657,8414,3.12
7658,7697,8.89
7658,6964,5.18
7658,5195,1.87
7659,5059,4.51
7659,1799,6.0
7659,6673,1.12
7660,6379,9.94
7660,4913,0.45
7660,8471,5.97
7661,2441,4.61
7661,8302,4.93
7661,6831,7.36
7662,7288,5.8
7662,3122,4.32
7662,6162,5.09
7663,4254,0.58
7663,5859,1.89
7663,9168,0.22
7664,2404,7.48
7664,6538,5.94
7664,1282,3.5
7665,4421,8.12
7665,6500,5.81
7665,4601,7.69
7666,7177,9.31
7666,3837,7.59
7666,2877,0.81
7667,6589,0.48
7667,7986,2.07
7667,4451,9.57
7668,5525,2.29
7668,2620,5.38
7668,1261,0.82
7669,3637,6.58
7669,498,1.25
7669,4776,8.22
7670,247,1.22
7670,9199,7.62
7670,4154,4.9
7671,4441,4.09
7671,9128,6.95
7671,2076,0.83
7672,9135,9.6
7672,1795,8.71
7672,5190,5.62
7673,5651,7.07
7673,170,5.33
7673,803,9.64
7674,4221,5.12
7674,9117,9.66
7674,1854,4.2
7675,9556,1.47
7675,929,1.76
7675,5867,6.71
7676,4435,3.58
7676,6769,2.72
7676,9847,0.67
7677,5167,9.05
7677,7065,9.29
7677,5908,9.75
7678,5371,7.27
7678,8575,7.13
7678,9390,6.74
7679,7569,1.56
7679,9248,2.46
7679,9506,1.46
7680,6555,5.09
7680,9017,7.09
7680,2502,2.85
7681,3682,0.27
7681,5113,8.94
7681,7694,5.93
7682,1608,2.98
7682,1015,7.6
7682,7346,3.75
7683,2527,8.19
7683,2321,7.09
7683,2952,7.54
7684,9109,7.31
7684,8710,7.22
7684,4091,4.98
7685,2027,3.75
7685,5499,8.31
7685,9967,2.71
7686,9474,7.55
7686,8806,5.13
7686,5844,2.55
7687,8147,4.04
7687,5903,1.86
7687,4915,4.65
7688,3272,1.96
7688,4147,7.8
7688,9428,6.14
7689,2711,5.97
7689,5984,4.24
7689,6870,3.86
7690,2958,9.7
7690,8808,2.02
7690,136,6.61
7691,2322,4.04
7691,2625,6.42
7691,606,1.69
7692,8972,2.0
7692,4760,8.89
7692,1493,3.71
7693,4522,7.74
7693,3835,8.89
7693,6594,1.76
7694,1548,4.72
7694,8895,8.46
7694,3961,1.01
7695,7761,1.51
7695,9284,8.07
7695,4703,9.66
7696,5995,7.47
7696,4956,0.78
7696,7797,5.58
7697,1383,8.49
7697,206,8.34
7697,4838,0.64
7698,9604,0.41
7698,8184,2.72
7698,1584,9.4
7699,4790,1.7
7699,7543,2.0
7699,6793,9.14
7700,5733,2.24
7700,4720,0.77
7700,4226,3.9
7701,3738,4.14
7701,2661,8.64
7701,943,9.91
7702,575,9.18
7702,5436,2.12
7702,9960,7.48
7703,1392,6.42
7703,1584,6.6
7703,9532,6.12
7704,2941,6.45
7704,8287,6.84
7704,6084,5.97
7705,8354,3.67
7705,9602,3.29
7705,600,4.73
7706,732,3.74
7706,7207,9.21
7706,2114,9.01
7707,5261,0.34
7707,8795,2.31
7707,3653,2.27
7708,2459,6.92
7708,70,1.91
7708,7387,2.91
7709,2061,8.12
7709,8123,5.2
7709,5599,1.52
7710,4088,3.75
7710,13,7.13
7710,5540,3.45
7711,397,5.05
7711,6816,8.5
7711,5598,4.06
7712,3566,8.23
7712,9560,0.8
7712,5535,6.37
7713,9708,5.25
7713,6926,9.8
7713,4138,2.12
7714,3633,0.82
7714,3202,5.34
7714,9407,8.76
7715,8831,0.19
7715,3363,2.78
7715,7328,1.87
7716,1086,3.68
7716,6625,9.83
7716,2449,1.56
7717,3577,2.09
7717,2456,8.0
7717,9295,5.99
7718,6060,0.69
7718,3350,8.5
7718,3484,3.27
7719,5795,0.55
7719,2918,1.08
7719,7044,3.68
7720,8186,9.12
7720,5685,9.16
7720,6314,2.1
7721,1442,6.96
7721,8485,0.79
7721,69,5.58
7722,372,8.24
7722,2949,9.1
7722,8573,9.45
7723,9627,3.58
7723,7245,2.0
7723,8828,4.7
7724,202,7.07
7724,4628,1.07
7724,4777,1.9
7725,1154,2.3
7725,5673,3.56
7725,7880,6.93
7726,9024,7.31
7726,4389,5.17
7726,8654,3.41
7727,3654,2.16
7727,6174,6.26
7727,5531,5.85
7728,1517,2.3
7728,9442,2.04
7728,8793,2.81
7729,3865,3.85
7729,4360,4.57
7729,6974,4.49
7730,750,4.59
7730,6192,6.44
7730,5165,1.42
7731,6239,0.21
7731,2856,3.49
7731,2840,3.33
7732,8859,0.92
7732,8066,5.94
7732,8643,9.73
7733,4926,1.08
7733,7584,4.87
7733,2456,3.39
7734,1473,6.4
7734,5635,2.78
7734,8831,6.95
7735,3025,8.48
7735,7181,0.95
7735,6661,5.05
7736,1455,5.6
7736,4596,9.72
7736,6838,3.59
7737,2732,8.88
7737,8863,1.7
7737,326,7.19
7738,9362,1.36
7738,8000,5.38
7738,4291,6.21
7739,2118,9.63
7739,5124,7.02
7739,694,8.99
7740,1878,1.43
7740,7521,5.14
7740,8614,7.66
7741,3336,0.51
7741,2274,9.58
7741,7334,0.98
7742,3521,4.86
7742,9399,5.54
7742,1533,7.57
7743,6835,1.19
7743,5077,4.79
7743,9276,0.53
7744,9112,3.71
7744,5975,6.68
7744,3924,9.1
7745,4835,4.27
7745,4244,3.56
7745,5807,6.11
7746,7691,9.75
7746,5408,7.11
7746,1936,5.3
7747,2084,1.51
7747,1845,0.18
7747,3618,1.35
7748,4693,4.42
7748,7471,7.85
7748,8502,6.46
7749,3216,3.53
7749,7129,6.39
7749,1544,9.26
7750,7509,7.09
7750,4657,8.79
7750,4381,2.81
7751,925,8.9
7751,3153,6.56
7751,2470,6.39
7752,6059,0.41
7752,1560,1.59
7752,3109,0.49
7753,2121,5.36
7753,2165,9.02
7753,3694,8.14
7754,3142,1.74
7754,3587,7.08
7754,6775,7.22
7755,9486,6.76
7755,7661,2.38
7755,3381,6.62
7756,8258,0.58
7756,3603,6.73
7756,349,9.84
7757,4524,6.31
7757,8500,9.79
7757,9053,9.9
7758,2878,7.58
7758,935,1.35
7758,6757,2.34
7759,6390,5.91
7759,6008,6.91
7759,5197,0.85
7760,66,8.45
7760,5887,2.57
7760,1232,8.96
7761,8267,1.78
7761,4646,3.03
7761,896,1.74
7762,1381,4.36
7762,8265,3.56
7762,4544,1.94
7763,6885,3.87
7763,8178,7.08
7763,347,4.63
7764,1724,0.2
7764,4862,0.79
7764,2223,9.05
7765,1272,4.5
7765,3438,8.08
7765,9103,4.11
7766,1889,9.64
7766,6554,2.65
7766,4259,6.61
7767,346,7.78
7767,6314,4.84
7767,7587,5.42
7768,1637,1.81
7768,6969,4.85
7768,3533,2.98
7769,163,0.99
7769,7060,8.83
7769,5296,6.56
7770,6897,3.96
7770,2903,1.1
7770,7968,9.68
7771,6386,4.95
7771,3061,5.56
7771,2778,1.18
7772,9421,1.86
7772,4104,3.77
7772,9813,9.31
7773,5303,1.8
7773,2018,9.96
7773,2346,2.08
7774,7932,0.51
7774,6355,9.89
7774,5194,0.34
7775,9838,5.77
7775,5497,9.49
7775,7128,7.09
7776,5998,3.2
7776,7109,7.72
7776,3226,3.48
7777,8238,4.18
7777,6376,6.7
7777,490,5.56
7778,8103,6.19
7778,9907,4.95
7778,4827,6.88
7779,2435,0.75
7779,5600,3.43
7779,7458,6.56
7780,8396,1.63
7780,2119,4.41
7780,1145,5.26
7781,2411,9.47
7781,7204,5.24
7781,1731,9.95
7782,5019,0.99
7782,9297,5.59
7782,8443,2.9
7783,7412,0.12
7783,4507,5.34
7783,7670,1.53
7784,8926,3.48
7784,511,1.99
7784,31,4.92
7785,3127,0.44
7785,4947,9.79
7785,1865,3.39
7786,3244,3.87
7786,6585,3.98
7786,1588,3.52
7787,2553,7.02
7787,466,9.67
7787,8337,8.23
7788,9238,7.88
7788,1049,1.4
7788,5232,7.34
7789,7263,2.62
7789,4340,4.19
7789,7725,6.16
7790,7631,1.82
7790,8422,0.49
7790,2280,1.74
7791,8519,2.38
7791,9606,5.11
7791,8931,8.04
7792,4029,9.34
7792,8114,0.51
7792,6162,9.25
7793,5518,8.74
7793,4821,1.66
7793,8850,2.38
7794,4039,7.8
7794,8802,9.04
7794,2521,9.91
7795,7511,9.15
7795,5626,6.18
7795,8817,3.62
7796,1272,7.82
7796,3165,6.41
7796,6831,6.36
7797,6463,0.54
7797,110,1.52
7797,9065,9.11
7798,6178,4.23
7798,7514,1.81
7798,3547,7.55
7799,1816,4.52
7799,3053,1.56
7799,9808,2.94
7800,3813,0.37
7800,1745,0.42
7800,4188,3.08
7801,9530,1.02
7801,6819,2.22
7801,5227,5.9
7802,9020,6.99
7802,5973,4.78
7802,670,7.44
7803,5413,2.25
7803,707,8.26
7803,5394,7.01
7804,2285,4.67
7804,6873,3.82
7804,6141,0.11
7805,621,6.99
7805,8315,1.24
7805,3468,2.32
7806,7011,7.93
7806,7406,4.08
7806,769,7.48
7807,8702,0.46
7807,7628,2.5
7807,2452,7.22
7808,4662,9.37
7808,3115,3.11
7808,3967,1.02
7809,3518,3.3
7809,6560,9.37
7809,8521,5.49
7810,5989,1.6
7810,8631,0.54
7810,9170,2.72
7811,8861,4.62
7811,5923,3.97
7811,1534,5.37
7812,24,3.62
7812,433,1.67
7812,4889,1.61
7813,622,9.81
7813,1653,8.21
7813,9648,7.9
7814,3070,5.83
7814,5109,0.76
7814,4210,8.94
7815,7884,5.5
7815,1617,6.11
7815,8685,6.75
7816,5546,5.7
7816,4680,7.75
7816,5665,1.6
7817,4693,9.56
7817,2149,4.49
7817,9992,6.05
7818,6083,4.58
7818,4793,1.9
7818,4698,6.2
7819,2704,2.51
7819,1349,9.84
7819,505,5.0
7820,5234,7.92
7820,5972,2.4
7820,9440,6.83
7821,334,9.12
7821,480,8.55
7821,6266,7.31
7822,7414,1.09
7822,2948,4.28
7822,8303,7.97
7823,5624,6.75
7823,2685,1.64
7823,5705,6.48
7824,9295,6.89
7824,1987,2.85
7824,774,5.79
7825,7624,1.72
7825,511,5.51
7825,2936,0.37
7826,3343,9.33
7826,4487,3.55
7826,3955,4.47
7827,9699,6.54
7827,2646,2.99
7827,606,6.96
7828,5501,2.41
7828,651,7.7
7828,7493,9.12
7829,9545,4.69
7829,6498,4.61
7829,3808,5.42
7830,915,3.98
7830,9476,3.83
7830,5410,9.47
7831,1962,3.94
7831,4415,1.06
7831,371,5.71
7832,7951,4.07
7832,3635,7.61
7832,9188,2.74
7833,192,1.55
7833,9222,9.0
7833,1828,2.11
7834,2654,4.52
7834,1890,5.02
7834,1251,4.6
7835,4956,8.33
7835,9092,2.62
7835,9816,6.7
7836,2743,1.56
7836,9544,9.51
7836,150,2.47
7837,3308,6.21
7837,3044,5.88
7837,7161,8.79
7838,2314,9.11
7838,5314,8.59
7838,4050,9.91
7839,9462,7.03
7839,8441,3.72
7839,7179,5.42
7840,8558,9.7
7840,8739,9.19
7840,6113,3.27
7841,8380,6.42
7841,1430,9.12
7841,8640,3.89
7842,326,9.16
7842,8079,8.87
7842,8305,4.95
7843,9954,7.33
7843,3595,8.84
7843,7507,8.86
7844,8436,8.71
7844,2369,5.74
7844,811,8.61
7845,6696,6.77
7845,8553,5.11
7845,8394,6.57
7846,3404,4.54
7846,6262,6.86
7846,3631,6.02
7847,5581,9.06
7847,6565,2.33
7847,2202,4.68
7848,1226,6.84
7848,1873,7.87
7848,7116,6.73
7849,8547,3.21
7849,1859,3.21
7849,780,0.38
7850,6918,2.0
7850,5194,6.65
7850,7861,2.99
7851,610,5.43
7851,3008,1.12
7851,3012,4.69
7852,1615,6.08
7852,4614,8.02
7852,5084,9.71
7853,1314,9.84
7853,744,7.05
7853,3940,2.99
7854,7540,1.72
7854,8825,6.78
7854,3376,0.14
7855,4583,4.13
7855,6805,7.77
7855,3112,1.15
7856,5974,9.98
7856,2996,8.53
7856,1385,5.88
7857,4677,5.32
7857,5688,3.24
7857,9079,9.83
7858,6241,7.16
7858,7282,6.61
7858,689,8.87
7859,5394,2.29
7859,7229,8.93
7859,3774,5.52
7860,7709,4.72
7860,446,3.27
7860,5655,1.68
7861,8006,6.82
7861,7079,4.32
7861,7085,9.91
7862,1474,3.43
7862,5472,1.4
7862,4574,1.25
7863,4507,6.58
7863,3016,7.28
7863,5226,1.85
7864,3178,3.88
7864,198,7.28
7864,9760,4.66
7865,4703,0.42
7865,4390,2.58
7865,8337,8.98
7866,930,3.75
7866,8469,6.3
7866,2685,0.42
7867,6788,6.56
7867,5604,5.57
7867,7887,8.1
7868,6888,4.74
7868,7918,0.59
7868,9711,7.7
7869,6095,9.81
7869,3790,4.14
7869,6691,1.42
7870,2103,5.02
7870,6063,6.22
7870,9262,9.82
7871,6045,7.32
7871,4329,2.67
7871,8584,9.31
7872,8801,4.08
7872,1772,9.75
7872,2658,9.23
7873,6932,0.17
7873,3640,9.7
7873,2507,1.2
7874,8733,9.51
7874,9368,5.41
7874,299,2.68
7875,849,8.86
7875,8210,7.47
7875,3887,6.23
7876,4248,2.42
7876,7224,9.04
7876,1236,0.57
7877,5334,6.59
7877,710,2.42
7877,6861,8.62
7878,1761,4.44
7878,8044,6.27
7878,2343,9.58
7879,1133,2.52
7879,7858,7.9
7879,376,7.12
7880,3960,3.13
7880,7374,1.12
7880,884,1.52
7881,2201,1.39
7881,8987,8.35
7881,6605,1.88
7882,1464,3.19
7882,2902,6.99
7882,374,8.19
7883,5809,7.87
7883,9885,8.96
7883,5572,9.55
7884,9919,4.15
7884,2693,5.92
7884,804,5.15
7885,9622,2.69
7885,825,1.06
7885,64,5.63
7886,3392,3.79
7886,9779,4.16
7886,341,1.89
7887,9584,4.77
7887,2922,2.72
7887,4284,7.15
7888,8697,6.42
7888,8250,7.81
7888,1753,7.1
7889,4716,9.43
7889,4264,8.51
7889,6009,2.84
7890,886,7.12
7890,229,8.62
7890,6979,8.1
7891,168,3.92
7891,9368,7.84
7891,2479,4.35
7892,3883,6.65
7892,8545,2.91
7892,1233,1.13
7893,5420,9.24
7893,7023,8.69
7893,6558,6.07
7894,9564,6.46
7894,2357,2.84
7894,2526,9.59
7895,5160,6.41
7895,6917,3.93
7895,6615,0.18
7896,5221,5.76
7896,8356,9.74
7896,5775,1.27
7897,4118,0.43
7897,3694,9.15
7897,1332,5.05
7898,8464,8.41
7898,7457,7.6
7898,6491,0.11
7899,1656,4.88
7899,2553,9.81
7899,4487,1.34
7900,8986,0.69
7900,8365,1.12
7900,8173,7.92
7901,9085,8.04
7901,1917,5.11
7901,2665,5.73
7902,8631,6.21
7902,5952,9.92
7902,4140,9.7
7903,473,5.04
7903,8147,6.66
7903,3838,0.96
7904,7287,6.7
7904,8436,5.97
7904,8976,6.3
7905,4860,1.06
7905,3698,6.79
7905,4090,9.83
7906,6000,8.41
7906,6904,7.3
7906,7319,7.67
7907,7066,7.22
7907,1467,7.19
7907,1759,9.1
7908,2999,9.6
7908,7342,1.64
7908,889,6.94
7909,4259,7.4
7909,4190,4.42
7909,3142,1.26
7910,6981,9.67
7910,3234,2.38
7910,8193,7.83
7911,6024,5.26
7911,9056,8.38
7911,4940,6.42
7912,5924,5.27
7912,2726,2.95
7912,3001,2.53
7913,5121,1.23
7913,6572,2.17
7913,8743,4.24
7914,3688,6.05
7914,9165,1.8
7914,1590,6.67
7915,782,2.48
7915,2939,2.07
7915,7213,1.62
7916,6350,5.35
7916,7987,2.84
7916,8553,2.81
7917,9748,0.22
7917,5021,7.92
7917,1493,5.86
7918,2395,3.49
7918,5377,0.23
7918,1284,5.96
7919,541,4.6
7919,7996,4.23
7919,2232,6.3
7920,7165,0.41
7920,3352,2.39
7920,7054,1.33
7921,8732,9.52
7921,6795,8.81
7921,3005,9.72
7922,3194,5.37
7922,1269,7.69
7922,5388,0.64
7923,788,1.41
7923,3863,8.61
7923,2620,5.82
7924,5702,0.58
7924,7055,2.72
7924,7534,8.28
7925,143,5.72
7925,2044,5.49
7925,2838,0.78
7926,7383,8.77
7926,4009,5.6
7926,5597,4.77
7927,6788,3.37
7927,2386,6.0
7927,6934,3.16
7928,3372,2.46
7928,7036,7.35
7928,1858,4.89
7929,7185,7.9
7929,5890,4.31
7929,9013,2.73
7930,5376,8.89
7930,3588,1.66
7930,5003,2.41
7931,7115,5.85
7931,6341,8.51
7931,45,7.94
7932,3598,6.44
7932,2042,9.66
7932,7363,6.5
7933,764,5.17
7933,6390,9.38
7933,1191,1.28
7934,9290,8.43
7934,7020,8.6
7934,969,7.55
7935,6506,4.15
7935,5006,6.75
7935,527,9.43
7936,2875,5.91
7936,5968,6.11
7936,504,5.92
7937,48,9.7
7937,967,5.38
7937,5312,8.23
7938,8993,6.43
7938,6264,8.0
7938,4367,3.67
7939,6847,3.67
7939,497,1.19
7939,4035,7.66
7940,3646,8.61
7940,3033,2.93
7940,8553,8.64
7941,8137,9.04
7941,5883,3.04
7941,4477,2.43
7942,7917,0.5
7942,3786,1.77
7942,9302,7.14
7943,400,2.21
7943,5576,6.26
7943,9820,2.5
7944,9119,4.25
7944,856,5.9
7944,1122,9.74
7945,8833,5.14
7945,425,4.97
7945,9693,2.97
7946,4440,4.95
7946,6542,8.02
7946,8188,7.9
7947,5879,9.2
7947,583,7.34
7947,4783,8.32
7948,6005,6.26
7948,470,5.24
7948,6837,5.89
7949,196,1.81
7949,6573,9.13
7949,523,3.25
7950,7086,8.74
7950,5999,5.87
7950,4083,3.58
7951,9235,8.81
7951,9065,4.03
7951,5342,6.49
7952,3712,4.18
7952,7939,8.52
7952,4538,2.55
7953,1398,7.0
7953,2126,9.77
7953,586,6.58
7954,8868,6.25
7954,5793,8.62
7954,9624,9.0
7955,1758,7.27
7955,8176,2.34
7955,7340,1.17
7956,1468,5.9
7956,2633,0.56
7956,1542,4.8
7957,3047,8.54
7957,9817,1.0
7957,1413,7.54
7958,2827,6.96
7958,9742,1.7
7958,1054,2.63
7959,6618,8.63
7959,221,7.17
7959,1722,2.5
7960,7954,4.21
7960,8026,9.88
7960,3098,1.21
7961,9725,1.73
7961,7738,0.27
7961,8400,1.81
7962,9152,8.15
7962,1354,3.08
7962,6409,1.65
7963,6245,6.41
7963,860,9.75
7963,6097,9.11
7964,5644,1.14
7964,2106,4.79
7964,2786,8.56
7965,1769,9.6
7965,3477,7.48
7965,416,2.33
7966,6578,1.59
7966,9510,2.49
7966,431,8.54
7967,9613,1.77
7967,6050,0.9
7967,2339,1.68
7968,512,4.17
7968,7007,6.55
7968,2527,6.19
7969,8980,3.79
7969,5787,0.12
7969,2989,1.3
7970,6871,2.24
7970,3884,7.35
7970,6384,2.62
7971,7250,6.71
7971,4088,7.05
7971,17,1.79
7972,5613,5.95
7972,9408,8.82
7972,3766,6.8
7973,3745,9.52
7973,4214,7.42
7973,4890,3.32
7974,2556,7.23
7974,1440,0.86
7974,8819,3.16
7975,2864,8.07
7975,2409,3.74
7975,4394,5.64
7976,7062,9.25
7976,7733,7.85
7976,7376,2.71
7977,2663,9.99
7977,9053,0.28
7977,9980,1.7
7978,1448,0.5
7978,9056,8.98
7978,3408,5.72
7979,6607,1.6
7979,1707,2.47
7979,1890,2.73
7980,6043,0.82
7980,9975,4.81
7980,2831,7.99
7981,6529,4.14
7981,1550,8.61
7981,9247,3.08
7982,5852,3.4
7982,9361,5.98
7982,4042,6.24
7983,398,9.84
7983,8446,3.22
7983,7535,2.5
7984,19,8.27
7984,1263,6.39
7984,6038,9.02
7985,2709,6.84
7985,2420,3.49
7985,562,7.91
7986,2910,9.5
7986,5679,5.4
7986,366,3.5
7987,7794,7.18
7987,533,4.7
7987,7824,7.26
7988,3571,1.3
7988,4868,5.71
7988,5344,5.46
7989,3389,1.34
7989,2544,5.09
7989,8806,9.0
7990,5160,9.66
7990,2700,6.04
7990,2617,0.14
7991,1126,3.04
7991,7409,5.78
7991,9655,8.51
7992,3160,4.95
7992,1570,1.95
7992,5080,5.87
7993,5753,2.41
7993,484,3.69
7993,4611,4.73
7994,3131,4.71
7994,8334,6.35
7994,7929,4.37
7995,7640,5.7
7995,2404,0.38
7995,1954,4.23
7996,1612,4.92
7996,6102,4.53
7996,1860,9.98
7997,3662,0.71
7997,4347,0.91
7997,8245,2.64
7998,2290,4.91
7998,6228,1.2
7998,331,0.41
7999,5465,6.47
7999,8120,5.06
7999,9595,5.62
8000,5191,4.68
8000,2944,3.38
8000,9075,8.93
8001,1650,2.87
8001,62,6.19
8001,3112,1.58
8002,9908,6.0
8002,9591,6.32
8002,5370,4.09
8003,7778,9.41
8003,8560,4.18
8003,3930,5.58
8004,6467,4.1
8004,5024,7.27
8004,3675,1.74
8005,4006,7.46
8005,867,6.32
8005,7772,5.93
8006,3133,5.6
8006,6928,8.2
8006,5492,6.53
8007,7448,2.66
8007,9544,7.77
8007,311,5.48
8008,9083,6.37
8008,5316,4.77
8008,305,4.93
8009,669,6.2
8009,4991,3.6
8009,9602,5.97
8010,9875,2.65
8010,3516,8.27
8010,8458,7.01
8011,417,1.22
8011,9951,3.15
8011,5320,2.28
8012,7363,1.37
8012,1505,5.35
8012,8154,1.96
8013,7354,2.66
8013,3066,7.65
8013,5100,9.62
8014,3408,9.39
8014,8898,3.04
8014,6294,9.35
8015,8709,7.24
8015,8420,9.86
8015,2124,9.93
8016,8451,4.8
8016,4134,6.79
8016,2162,4.63
8017,5644,0.18
8017,5829,8.11
8017,5368,4.33
8018,2308,6.33
8018,8843,6.63
8018,1934,2.4
8019,9589,4.08
8019,2443,6.33
8019,7022,9.2
8020,125,6.85
8020,5964,8.91
8020,2576,3.7
8021,7381,7.2
8021,5681,9.54
8021,1315,0.53
8022,4531,4.05
8022,4859,7.44
8022,997,0.68
8023,9291,7.41
8023,1885,9.34
8023,706,7.02
8024,1006,2.24
8024,2813,1.34
8024,4215,4.45
8025,5878,8.32
8025,1966,0.34
8025,8170,4.67
8026,5825,2.25
8026,4339,8.5
8026,867,6.95
8027,238,8.95
8027,9560,1.06
8027,1825,1.84
8028,3502,1.27
8028,6756,1.7
8028,132,1.33
8029,1783,2.48
8029,411,7.15
8029,6828,2.41
8030,4063,5.0
8030,9479,2.57
8030,4515,6.16
8031,8749,5.77
8031,1707,4.41
8031,4364,2.68
8032,6533,7.11
8032,8976,5.17
8032,2231,5.08
8033,8564,1.16
8033,1703,0.74
8033,5928,9.07
8034,2186,6.27
8034,1531,8.26
8034,3802,7.91
8035,4,1.2
8035,327,8.51
8035,4906,3.67
8036,273,1.57
8036,2170,6.86
8036,6833,5.67
8037,128,8.76
8037,9511,9.47
8037,6093,8.35
8038,9826,3.71
8038,827,8.57
8038,4386,6.77
8039,6185,9.49
8039,5883,7.27
8039,39,2.88
8040,8903,4.83
8040,477,3.75
8040,9668,4.68
8041,2563,6.01
8041,3734,7.44
8041,6915,9.15
8042,7076,9.23
8042,3210,9.78
8042,8343,2.64
8043,2731,2.73
8043,21,0.94
8043,8301,0.87
8044,1147,7.8
8044,5168,5.82
8044,7269,4.22
8045,8984,4.89
8045,5603,4.18
8045,9526,3.27
8046,2813,1.51
8046,3068,2.01
8046,4905,8.2
8047,8621,3.91
8047,7468,7.41
8047,2166,0.46
8048,8336,7.47
8048,9939,0.36
8048,937,7.16
8049,5975,8.79
8049,5462,2.51
8049,3527,0.95
8050,5191,7.87
8050,6233,1.48
8050,2437,9.51
8051,4004,9.47
8051,694,8.84
8051,2261,0.83
8052,8406,4.53
8052,1668,2.12
8052,7677,9.13
8053,5404,7.14
8053,240,5.36
8053,6212,3.0
8054,1915,3.04
8054,2361,6.85
8054,683,5.52
8055,928,9.13
8055,5844,6.66
8055,9755,8.02
8056,5310,2.49
8056,9276,1.97
8056,5968,8.43
8057,2925,1.34
8057,383,1.55
8057,9618,6.74
8058,6151,8.85
8058,7478,9.16
8058,2144,0.97
8059,4447,9.09
8059,2306,3.29
8059,9734,3.01
8060,5658,1.23
8060,9163,1.72
8060,8003,8.46
8061,3820,8.85
8061,268,2.43
8061,9607,6.73
8062,1931,3.73
8062,6240,2.48
8062,5511,0.44
8063,7734,3.68
8063,9543,2.42
8063,9955,7.67
8064,6934,4.89
8064,5995,3.4
8064,2530,8.76
8065,4498,0.91
8065,9063,0.19
8065,8726,2.63
8066,2374,0.99
8066,7275,9.72
8066,5476,6.02
8067,4534,0.88
8067,955,6.86
8067,9539,8.61
8068,6360,0.9
8068,3820,3.89
8068,5369,6.42
8069,6073,7.72
8069,1672,1.54
8069,2200,9.35
8070,3507,8.46
8070,9350,5.5
8070,5051,3.78
8071,9407,3.9
8071,4665,2.13
8071,6934,7.51
8072,2698,1.27
8072,6267,9.28
8072,5218,2.55
8073,5276,4.93
8073,4437,9.61
8073,3061,2.21
8074,6800,5.23
8074,3133,5.89
8074,3174,9.19
8075,4779,6.08
8075,446,8.74
8075,8114,9.12
8076,7831,4.03
8076,9746,1.34
8076,9812,5.98
8077,5845,0.1
8077,5319,5.23
8077,3306,2.97
8078,9923,5.08
8078,1986,0.97
8078,2271,1.18
8079,3984,5.8
8079,1827,9.42
8079,4075,1.15
8080,1437,3.38
8080,2161,7.36
8080,4060,0.29
8081,1912,3.8
8081,2658,0.81
8081,7932,3.83
8082,2658,6.75
8082,2081,1.32
8082,7519,5.81
8083,7008,5.69
8083,8434,8.59
8083,6111,2.35
8084,7257,6.98
8084,7136,4.07
8084,8482,9.06
8085,9960,1.81
8085,2395,7.74
8085,7333,9.25
8086,4416,2.69
8086,9765,1.45
8086,1568,5.43
8087,8665,7.74
8087,2863,2.79
8087,3660,9.75
8088,828,7.26
8088,9089,7.71
8088,6103,8.67
8089,4043,5.9
8089,1885,3.15
8089,9547,3.85
8090,5240,3.76
8090,1426,6.05
8090,5006,0.86
8091,4741,7.15
8091,715,8.51
8091,640,1.85
8092,7293,7.52
8092,6705,2.18
8092,7655,2.14
8093,6139,9.05
8093,698,6.49
8093,4357,1.26
8094,3948,9.46
8094,8459,1.65
8094,4892,3.44
8095,4603,5.39
8095,7208,5.92
8095,6700,9.21
8096,8637,6.42
8096,6453,3.47
8096,4895,7.33
8097,8599,0.57
8097,5780,0.62
8097,7172,3.07
8098,3633,5.83
8098,5800,4.44
8098,4646,2.75
8099,1533,4.36
8099,8841,4.0
8099,3712,3.5
8100,7281,0.35
8100,2696,2.35
8100,7949,5.14
8101,2468,4.34
8101,2394,5.6
8101,5206,5.24
8102,3147,1.08
8102,3505,6.24
8102,8475,2.89
8103,6112,0.95
8103,7019,8.91
8103,3410,6.33
8104,4212,8.33
8104,6162,0.45
8104,4000,1.27
8105,2188,4.75
8105,4944,9.51
8105,4372,3.15
8106,3660,7.71
8106,8434,3.97
8106,2001,0.15
8107,7607,0.35
8107,6494,5.95
8107,6546,3.56
8108,2489,7.92
8108,870,1.29
8108,2343,4.92
8109,7129,3.22
8109,6505,6.59
8109,4283,8.97
8110,3275,3.67
8110,5119,3.71
8110,7878,8.18
8111,158,0.7
8111,2063,2.28
8111,264,6.54
8112,403,0.56
8112,1146,4.03
8112,9462,6.17
8113,6615,4.46
8113,7744,1.2
8113,5529,0.48
8114,9521,1.83
8114,3986,8.89
8114,2753,4.21
8115,3452,7.49
8115,8431,6.02
8115,6363,8.28
8116,4053,2.03
8116,4439,9.34
8116,8601,8.58
8117,3786,6.24
8117,2521,7.82
8117,6621,1.19
8118,9447,9.83
8118,8395,1.28
8118,8447,6.09
8119,1376,6.79
8119,5547,7.76
8119,5955,6.94
8120,5572,3.33
8120,4885,7.06
8120,6452,9.65
8121,3512,8.59
8121,5776,9.99
8121,9274,8.25
8122,9147,4.22
8122,8940,1.52
8122,4035,1.97
8123,1654,5.74
8123,792,7.21
8123,2343,4.37
8124,9789,8.85
8124,1383,1.36
8124,5474,8.29
8125,2318,6.02
8125,4293,9.25
8125,238,8.29
8126,2514,8.76
8126,892,5.53
8126,2066,1.98
8127,6360,7.89
8127,604,7.12
8127,9943,5.37
8128,5509,5.97
8128,9993,6.3
8128,7646,7.73
8129,9420,8.73
8129,8812,2.54
8129,1192,3.28
8130,4389,7.82
8130,2800,2.92
8130,7932,5.53
8131,2296,2.11
8131,3063,3.31
8131,6264,1.56
8132,4690,7.37
8132,3052,3.11
8132,2692,8.9
8133,2890,7.22
8133,4475,5.31
8133,9029,4.84
8134,1192,5.01
8134,6386,2.37
8134,4764,3.13
8135,4520,0.91
8135,3589,9.87
8135,9335,9.88
8136,8066,0.19
8136,6360,3.0
8136,1803,10.0
8137,5592,8.62
8137,1687,2.5
8137,4942,7.46
8138,7377,3.36
8138,9360,7.2
8138,4737,9.92
8139,3147,1.46
8139,9504,5.89
8139,3753,0.68
8140,8646,6.74
8140,6010,4.61
8140,7935,2.51
8141,8385,1.54
8141,4117,8.52
8141,1677,5.37
8142,1722,9.66
8142,4296,1.16
8142,1906,7.94
8143,8956,4.73
8143,1691,4.11
8143,3215,1.81
8144,4146,3.08
8144,8400,1.56
8144,4846,1.11
8145,1385,1.13
8145,4309,7.55
8145,1927,5.92
8146,7285,0.35
8146,9472,0.77
8146,5701,7.78
8147,4062,3.5
8147,6611,6.88
8147,2020,3.76
8148,1824,0.94
8148,6288,5.7
8148,480,6.29
8149,361,8.55
8149,9271,3.21
8149,2179,8.03
8150,4132,0.9
8150,9702,6.64
8150,158,9.07
8151,2330,2.01
8151,9246,9.44
8151,1854,3.86
8152,8431,1.09
8152,2437,1.23
8152,8332,9.05
8153,8711,1.01
8153,6170,8.06
8153,9112,4.46
8154,689,4.43
8154,1941,6.43
8154,6688,6.59
8155,4855,9.53
8155,1964,0.28
8155,6180,5.44
8156,6394,7.69
8156,4369,3.16
8156,659,3.74
8157,7037,1.17
8157,95,9.4
8157,3898,2.34
8158,4822,2.52
8158,5989,7.8
8158,6511,7.83
8159,7245,9.44
8159,6662,2.35
8159,4739,3.52
8160,8999,6.74
8160,9458,4.5
8160,2486,7.03
8161,789,6.67
8161,7169,6.74
8161,8765,0.84
8162,4349,8.45
8162,5900,9.75
8162,4547,0.68
8163,2314,8.42
8163,1254,2.22
8163,1790,9.67
8164,6094,4.75
8164,9089,9.04
8164,672,6.19
8165,9703,6.74
8165,2322,7.91
8165,6933,7.43
8166,4013,1.85
8166,3034,7.98
8166,9060,6.57
8167,4756,5.62
8167,3031,5.64
8167,212,9.6
8168,8411,2.39
8168,575,1.52
8168,4677,2.35
8169,9118,5.21
8169,9996,7.31
8169,9646,9.9
8170,1967,3.34
8170,8343,4.86
8170,5046,6.76
8171,2707,3.66
8171,2516,6.29
8171,4816,5.98
8172,8540,7.03
8172,4357,1.68
8172,4366,6.38
8173,3046,9.22
8173,9777,7.89
8173,4366,4.3
8174,162,6.29
8174,8692,2.48
8174,8336,1.83
8175,74,7.77
8175,7753,1.86
8175,4749,7.98
8176,7194,4.36
8176,7943,6.83
8176,3772,5.27
8177,9618,8.19
8177,7767,7.12
8177,6964,1.01
8178,9081,3.55
8178,6743,6.37
8178,3980,1.67
8179,2409,5.14
8179,1470,1.98
8179,1223,3.28
8180,52,7.28
8180,3985,5.09
8180,8360,7.86
8181,1286,4.17
8181,6919,1.37
8181,2016,3.99
8182,4738,6.68
8182,1853,6.03
8182,2159,4.82
8183,2378,4.14
8183,7821,5.79
8183,3796,3.01
8184,3884,7.63
8184,9888,4.65
8184,965,4.72
8185,3158,9.67
8185,564,8.7
8185,9828,6.01
8186,5532,7.42
8186,5827,3.45
8186,4933,0.78
8187,312,6.1
8187,9455,9.11
8187,431,1.06
8188,4883,2.06
8188,9014,1.78
8188,2346,3.41
8189,167,1.82
8189,9847,4.21
8189,2422,9.78
8190,1043,7.24
8190,5472,7.54
8190,6078,9.54
8191,8600,9.1
8191,8986,6.26
8191,1070,3.02
8192,8236,5.48
8192,7414,3.85
8192,1912,2.59
8193,8900,8.03
8193,5667,4.22
8193,682,10.0
8194,3361,5.23
8194,6930,1.32
8194,8480,3.37
8195,2872,1.11
8195,8147,5.38
8195,7697,2.01
8196,5336,7.79
8196,9295,2.17
8196,7030,9.25
8197,8018,3.75
8197,1856,7.8
8197,1329,6.26
8198,184,3.19
8198,9882,6.49
8198,4668,5.33
8199,3446,1.81
8199,564,2.51
8199,6041,7.67
8200,2492,8.14
8200,763,4.27
8200,1348,6.96
8201,9331,5.96
8201,3298,2.11
8201,3777,6.51
8202,6511,7.7
8202,5429,9.3
8202,5121,3.92
8203,6839,5.54
8203,4250,2.5
8203,7618,4.38
8204,9198,6.21
8204,2634,7.07
8204,3509,9.87
8205,2911,3.43
8205,5798,7.26
8205,9394,3.32
8206,6609,9.04
8206,92,9.16
8206,992,6.59
8207,2896,1.19
8207,7050,6.93
8207,9398,4.17
8208,9690,0.55
8208,6199,4.06
8208,4451,5.21
8209,7818,9.04
8209,9362,5.95
8209,9571,0.73
8210,6095,4.82
8210,7020,5.87
8210,306,4.43
8211,1229,5.12
8211,4729,2.17
8211,9444,0.43
8212,9792,3.78
8212,1255,6.96
8212,8467,4.04
8213,5337,2.73
8213,3729,2.48
8213,4164,3.36
8214,4968,5.1
8214,2626,4.3
8214,990,7.12
8215,7602,6.88
8215,2717,8.88
8215,8702,9.9
8216,9468,2.7
8216,8330,1.88
8216,473,4.24
8217,729,6.34
8217,2376,4.57
8217,76,6.98
8218,30,6.12
8218,9132,7.44
8218,133,1.14
8219,8244,3.2
8219,7261,5.19
8219,617,1.32
8220,7216,9.7
8220,6980,2.27
8220,4532,9.33
8221,4946,3.02
8221,1789,4.47
8221,2054,8.3
8222,6416,3.57
8222,3585,1.61
8222,6359,1.28
8223,3173,6.98
8223,6709,1.58
8223,4193,8.32
8224,5259,2.98
8224,3575,2.9
8224,8566,1.99
8225,9231,5.18
8225,9425,0.48
8225,8264,3.98
8226,726,5.33
8226,6366,7.79
8226,3263,7.22
8227,1191,5.54
8227,2600,6.78
8227,1267,2.94
8228,664,5.69
8228,96,3.02
8228,7834,3.94
8229,6600,0.81
8229,6978,0.33
8229,716,1.31
8230,481,9.88
8230,4674,5.04
8230,5314,1.02
8231,5292,1.24
8231,3527,8.87
8231,9296,1.01
8232,2436,9.22
8232,404,4.06
8232,8501,8.07
8233,2173,8.18
8233,7480,7.63
8233,2611,5.03
8234,898,5.4
8234,3658,4.29
8234,8966,4.55
8235,9702,9.14
8235,3550,1.84
8235,9738,3.37
8236,50,5.54
8236,2248,0.86
8236,4434,9.91
8237,6042,1.27
8237,3081,8.16
8237,9484,0.12
8238,3333,1.81
8238,5219,8.83
8238,9189,8.0
8239,4433,2.89
8239,5908,3.38
8239,3410,9.48
8240,2877,1.5
8240,5540,0.13
8240,123,9.95
8241,8992,4.06
8241,8138,7.19
8241,4777,7.85
8242,8492,8.11
8242,6821,4.56
8242,3001,0.46
8243,934,4.69
8243,8350,0.45
8243,9693,5.48
8244,3033,5.2
8244,140,3.56
8244,9184,9.39
8245,5788,2.88
8245,2075,1.62
8245,2754,0.83
8246,3248,2.61
8246,6866,8.11
8246,214,7.95
8247,7654,2.46
8247,8499,4.19
8247,6474,0.56
8248,5213,0.44
8248,4191,3.14
8248,1237,5.16
8249,6540,1.71
8249,2297,8.76
8249,531,6.62
8250,841,8.87
8250,73,1.78
8250,4448,1.37
8251,2093,7.84
8251,6759,5.38
8251,2168,6.01
8252,377,9.84
8252,6905,0.74
8252,5742,4.44
8253,5852,2.81
8253,4821,3.6
8253,2756,6.88
8254,2630,2.64
8254,9743,2.33
8254,6277,4.91
8255,6464,6.08
8255,2963,9.33
8255,233,7.89
8256,3400,9.38
8256,6949,5.66
8256,6325,1.08
8257,9075,4.19
8257,5031,0.22
8257,795,4.63
8258,147,3.79
8258,8274,5.31
8258,5523,0.44
8259,7501,0.47
8259,7611,9.42
8259,9564,6.92
8260,4797,9.4
8260,7930,4.75
8260,7096,3.52
8261,3596,1.15
8261,7196,5.24
8261,8252,4.24
8262,7112,0.24
8262,8955,2.18
8262,1761,6.59
8263,6126,1.04
8263,3174,3.41
8263,3099,0.71
8264,7755,6.32
8264,8566,6.29
8264,3610,4.49
8265,2454,7.72
8265,4175,8.94
8265,1053,5.04
8266,7570,2.42
8266,638,5.06
8266,6276,8.39
8267,3611,3.56
8267,9676,3.57
8267,8399,3.88
8268,5121,2.0
8268,8430,9.77
8268,3452,0.52
8269,4418,3.43
8269,8164,4.29
8269,2772,0.36
8270,2592,5.36
8270,6972,1.89
8270,486,6.01
8271,1906,1.62
8271,1502,4.76
8271,3650,8.53
8272,2422,6.1
8272,4928,2.74
8272,9859,7.91
8273,5727,9.81
8273,1228,3.48
8273,104,3.24
8274,6135,4.02
8274,5869,7.94
8274,7746,4.28
8275,5117,9.36
8275,1132,1.58
8275,3522,4.09
8276,2613,5.33
8276,271,0.98
8276,7731,7.74
8277,8543,2.51
8277,3586,5.31
8277,8737,5.0
8278,7532,0.14
8278,7853,0.15
8278,4108,6.31
8279,5820,6.36
8279,8344,7.05
8279,6645,3.44
8280,8665,6.3
8280,5055,5.08
8280,7195,0.88
8281,958,0.56
8281,9335,1.69
8281,3770,2.13
8282,1398,7.0
8282,6704,3.79
8282,6221,4.71
8283,8953,2.49
8283,8936,9.54
8283,7287,9.68
8284,7988,6.36
8284,8155,0.44
8284,7404,1.0
8285,1309,5.28
8285,9257,3.3
8285,930,6.95
8286,3529,3.77
8286,872,9.49
8286,1628,9.08
8287,3486,1.58
8287,6589,1.36
8287,7478,4.38
8288,9708,1.6
8288,6931,6.47
8288,7664,6.27
8289,2366,3.64
8289,3136,4.43
8289,493,6.8
8290,8448,8.67
8290,3179,2.98
8290,6287,4.88
8291,5027,0.4
8291,9312,4.72
8291,447,2.83
8292,5075,5.12
8292,2225,7.47
8292,4258,6.08
8293,1694,4.69
8293,9584,6.98
8293,9556,0.4
8294,8704,4.11
8294,732,0.38
8294,8173,4.97
8295,6960,4.58
8295,6131,1.03
8295,1709,7.87
8296,325,7.73
8296,8089,4.64
8296,2521,2.29
8297,6965,9.01
8297,2650,1.41
8297,6442,7.49
8298,4587,3.14
8298,1887,4.53
8298,6308,8.74
8299,7694,2.38
8299,9473,2.54
8299,8585,1.65
8300,6203,0.61
8300,3310,2.89
8300,5936,2.65
8301,9108,9.98
8301,9702,7.75
8301,2363,6.85
8302,6289,7.26
8302,2978,8.69
8302,2748,3.42
8303,5529,0.47
8303,2044,7.19
8303,4488,2.44
8304,2302,2.59
8304,8811,5.2
8304,812,3.99
8305,1406,9.39
8305,4767,6.2
8305,4667,6.16
8306,2639,6.25
8306,8754,0.26
8306,3547,0.69
8307,4367,2.94
8307,9317,6.7
8307,2260,3.81
8308,5997,4.39
8308,8613,8.06
8308,1536,5.85
8309,9643,2.26
8309,5670,3.09
8309,3065,2.52
8310,6336,9.16
8310,9628,8.1
8310,3165,6.93
8311,2963,3.44
8311,6981,0.98
8311,7385,7.7
8312,2082,1.95
8312,3769,7.51
8312,4591,0.4
8313,2997,6.03
8313,9540,3.62
8313,921,0.78
8314,3961,4.83
8314,2587,1.38
8314,2127,7.69
8315,2647,7.15
8315,4457,6.94
8315,2516,8.55
8316,9306,9.68
8316,6060,0.45
8316,3336,8.46
8317,3493,5.02
8317,9145,0.96
8317,7371,7.65
8318,4381,8.8
8318,1216,8.43
8318,9051,8.74
8319,8078,1.96
8319,334,1.8
8319,4295,8.29
8320,1339,0.64
8320,3209,5.42
8320,2966,8.09
8321,590,5.71
8321,4625,1.75
8321,738,9.12
8322,3219,0.58
8322,8437,3.91
8322,8755,0.33
8323,454,0.64
8323,5008,6.77
8323,4073,3.52
8324,7562,5.99
8324,7084,6.28
8324,4243,3.7
8325,3484,7.34
8325,1281,0.84
8325,3348,8.6
8326,4133,5.21
8326,5622,0.22
8326,8399,1.68
8327,9284,8.61
8327,4263,9.07
8327,2742,3.43
8328,4335,1.49
8328,3901,8.81
8328,5448,6.57
8329,509,5.6
8329,9093,3.13
8329,3751,6.47
8330,281,1.72
8330,4639,8.96
8330,6080,5.04
8331,9537,0.33
8331,2022,9.97
8331,5451,8.43
8332,1346,6.07
8332,4991,9.49
8332,7355,3.75
8333,3473,8.89
8333,3127,5.55
8333,287,4.5
8334,1819,3.75
8334,9016,6.43
8334,832,4.07
8335,8585,8.98
8335,9969,3.03
8335,4530,5.14
8336,5455,7.86
8336,1391,7.81
8336,3316,9.97
8337,8773,3.46
8337,8539,7.6
8337,570,7.28
8338,2738,6.6
8338,793,9.3
8338,8298,7.58
8339,4933,6.42
8339,1991,6.82
8339,3014,9.1
8340,5775,1.36
8340,3830,6.59
8340,8468,2.25
8341,7722,5.5
8341,8295,9.54
8341,3710,1.48
8342,8135,2.46
8342,684,1.98
8342,3102,0.14
8343,3784,9.93
8343,6534,8.62
8343,3072,7.18
8344,6639,1.29
8344,7330,3.48
8344,2955,3.66
8345,6928,6.51
8345,4108,8.75
8345,5070,5.15
8346,2731,1.92
8346,1407,5.33
8346,9281,2.28
8347,6574,8.56
8347,4648,7.98
8347,6289,0.66
8348,423,2.65
8348,2161,7.99
8348,7185,0.28
8349,9104,7.53
8349,6787,4.12
8349,7050,9.43
8350,9676,7.03
8350,3844,1.35
8350,3656,8.91
8351,3594,5.67
8351,1227,9.7
8351,5786,2.56
8352,418,7.31
8352,3298,6.84
8352,152,9.29
8353,2629,3.14
8353,3179,9.45
8353,1985,1.57
8354,2208,8.56
8354,9333,9.02
8354,7986,9.66
8355,3283,7.48
8355,3774,1.64
8355,2026,7.63
8356,5717,2.63
8356,2694,8.61
8356,5104,9.46
8357,6103,1.34
8357,7927,3.92
8357,6160,1.93
8358,1908,7.45
8358,6171,4.13
8358,8954,6.48
8359,5380,5.65
8359,2424,8.59
8359,2415,3.47
8360,7711,3.56
8360,8797,8.93
8360,3766,1.68
8361,3813,1.55
8361,9908,6.64
8361,5621,2.63
8362,2537,8.03
8362,9942,4.75
8362,3323,1.78
8363,425,8.26
8363,3327,9.5
8363,7691,5.65
8364,9705,5.77
8364,5055,4.27
8364,6828,3.62
8365,553,2.21
8365,5089,5.97
8365,4665,2.05
8366,3381,5.3
8366,2562,8.62
8366,1635,1.26
8367,384,4.34
8367,3414,9.52
8367,5323,7.94
8368,6903,8.73
8368,6373,5.41
8368,4036,2.11
8369,3965,2.01
8369,6686,1.13
8369,5053,3.84
8370,1550,1.56
8370,6680,7.91
8370,2682,1.09
8371,8067,9.35
8371,1585,6.98
8371,8817,2.17
8372,4636,0.15
8372,8105,2.03
8372,3979,2.91
8373,2177,0.11
8373,6751,6.08
8373,7070,1.64
8374,7017,2.1
8374,7470,0.52
8374,3792,8.46
8375,1304,6.18
8375,3599,8.39
8375,6911,4.4
8376,5782,7.56
8376,293,9.48
8376,9465,9.49
8377,5548,6.37
8377,832,2.73
8377,1801,0.74
8378,5906,0.99
8378,4169,5.35
8378,9291,8.77
8379,1561,7.22
8379,2175,6.49
8379,7465,8.2
8380,8667,0.11
8380,3728,7.91
8380,7532,2.93
8381,8066,1.67
8381,4245,4.01
8381,4526,1.89
8382,8731,0.23
8382,6834,1.69
8382,2890,5.95
8383,5640,1.66
8383,1917,6.99
8383,2664,9.25
8384,6436,9.88
8384,3640,8.06
8384,6587,6.02
8385,9961,4.22
8385,9416,9.93
8385,6815,9.32
8386,4963,3.59
8386,897,5.91
8386,3350,3.26
8387,6658,1.84
8387,2084,5.83
8387,7196,9.36
8388,2620,1.96
8388,6500,4.91
8388,4701,8.72
8389,1869,7.71
8389,384,2.25
8389,3559,0.42
8390,7665,7.36
8390,3660,6.63
8390,9147,3.37
8391,6565,2.06
8391,56,9.82
8391,5026,4.68
8392,6454,0.61
8392,7556,9.04
8392,2545,5.3
8393,1845,1.89
8393,3732,6.3
8393,8248,1.91
8394,9571,5.36
8394,1342,2.45
8394,1157,0.7
8395,5133,7.65
8395,3574,9.5
8395,5590,3.59
8396,9446,8.67
8396,2859,3.15
8396,8901,3.09
8397,1799,0.92
8397,9279,1.07
8397,6956,3.23
8398,3868,1.84
8398,6827,9.38
8398,8065,9.99
8399,3837,9.27
8399,3887,9.61
8399,6571,5.24
8400,5473,4.91
8400,3676,1.6
8400,2056,3.95
8401,8518,5.18
8401,1859,7.36
8401,5407,7.24
8402,7451,9.74
8402,4560,0.44
8402,3335,2.66
8403,1758,1.67
8403,9130,9.78
8403,9976,4.29
8404,9413,6.04
8404,6244,4.19
8404,8755,5.96
8405,49,0.63
8405,8458,7.15
8405,8112,1.85
8406,1998,0.49
8406,8800,3.12
8406,6225,8.44
8407,3443,9.21
8407,4630,7.65
8407,1052,0.63
8408,5379,3.78
8408,874,9.28
8408,116,8.27
8409,3016,4.06
8409,158,7.49
8409,3391,9.94
8410,959,7.9
8410,7030,0.26
8410,5956,6.34
8411,6762,7.61
8411,1108,8.03
8411,2284,2.26
8412,5718,4.62
8412,995,3.96
8412,1050,2.89
8413,8864,9.88
8413,1167,1.46
8413,2178,2.03
8414,898,7.78
8414,6994,9.66
8414,953,0.54
8415,6666,3.66
8415,8339,3.97
8415,7146,2.27
8416,5318,4.42
8416,9317,5.8
8416,4660,0.71
8417,667,6.42
8417,9310,6.03
8417,9402,6.02
8418,6774,3.89
8418,9109,9.69
8418,1818,4.42
8419,8107,1.7
8419,4221,5.98
8419,3120,6.06
8420,1395,0.13
8420,7335,6.64
8420,821,3.33
8421,29,6.65
8421,9869,5.0
8421,5961,6.86
8422,2587,7.82
8422,9701,0.76
8422,1782,8.13
8423,4867,4.04
8423,691,3.13
8423,9394,8.63
8424,7843,5.48
8424,6696,0.73
8424,6765,0.95
8425,7326,2.4
8425,9737,8.61
8425,5790,4.93
8426,9314,0.49
8426,9711,7.22
8426,6191,1.07
8427,6938,0.68
8427,7182,8.14
8427,3245,6.71
8428,2387,2.52
8428,5344,1.03
8428,1871,1.96
8429,1902,8.08
8429,116,6.86
8429,5895,0.52
8430,979,0.35
8430,4977,3.73
8430,4608,8.6
8431,4933,5.61
8431,9496,2.73
8431,3509,6.51
8432,9611,2.31
8432,3356,7.46
8432,1199,1.85
8433,3475,3.53
8433,3586,4.71
8433,46,5.31
8434,4348,6.01
8434,7746,8.57
8434,1543,8.24
8435,8224,8.81
8435,7949,0.99
8435,8018,7.64
8436,1553,5.96
8436,7980,2.5
8436,8947,5.82
8437,3597,6.46
8437,551,1.65
8437,9723,0.75
8438,2655,2.05
8438,263,6.1
8438,7654,4.97
8439,7198,4.18
8439,105,7.77
8439,9425,7.93
8440,7966,7.94
8440,753,8.01
8440,2796,0.93
8441,1997,8.44
8441,1151,7.78
8441,8279,9.9
8442,4429,7.76
8442,9691,5.39
8442,8967,1.49
8443,16,2.33
8443,9437,8.51
8443,6128,2.86
8444,7409,8.39
8444,4311,5.95
8444,2380,4.64
8445,7488,4.53
8445,7088,3.71
8445,260,8.86
8446,4678,9.19
8446,4041,2.37
8446,5323,0.67
8447,599,4.06
8447,2784,3.97
8447,1488,9.1
8448,6897,7.33
8448,83,0.94
8448,1129,3.84
8449,7688,4.05
8449,2455,3.35
8449,6138,1.67
8450,1876,6.38
8450,7988,1.98
8450,282,4.27
8451,6974,4.26
8451,4171,1.79
8451,3146,7.14
8452,8997,2.45
8452,269,9.59
8452,1732,6.56
8453,2895,8.73
8453,8387,9.83
8453,7820,1.11
8454,8731,4.01
8454,2292,7.43
8454,9478,9.38
8455,8614,6.33
8455,1336,1.61
8455,1760,5.52
8456,735,5.17
8456,9442,7.5
8456,5559,4.56
8457,3561,1.84
8457,6260,9.91
8457,9898,2.4
8458,9956,8.4
8458,7409,7.29
8458,2566,4.87
8459,4680,3.79
8459,44,8.01
8459,3818,7.59
8460,9582,4.6
8460,316,8.33
8460,9951,3.02
8461,5480,6.23
8461,465,4.07
8461,3723,5.85
8462,9799,8.56
8462,3523,6.07
8462,9134,1.96
8463,4342,9.77
8463,7101,9.47
8463,6496,4.2
8464,1213,4.19
8464,6969,5.03
8464,9484,4.41
8465,873,0.69
8465,7955,1.08
8465,4661,4.27
8466,591,2.15
8466,2984,9.38
8466,8072,1.17
8467,1244,2.97
8467,2544,5.33
8467,1720,3.08
8468,7494,3.84
8468,1266,3.38
8468,3326,2.15
8469,292,6.85
8469,6267,8.01
8469,5501,7.09
8470,398,8.05
8470,6205,8.1
8470,2517,3.8
8471,5350,3.44
8471,6719,4.94
8471,6702,6.64
8472,8178,7.39
8472,668,0.35
8472,3727,6.55
8473,7,2.86
8473,6166,2.31
8473,4145,5.01
8474,16,8.62
8474,6008,5.39
8474,3698,8.7
8475,8914,1.04
8475,4059,7.62
8475,5438,2.36
8476,7617,6.29
8476,4693,9.47
8476,3671,7.43
8477,6378,4.86
8477,9547,4.43
8477,7219,6.92
8478,6648,7.19
8478,905,3.47
8478,8224,2.78
8479,6183,4.76
8479,6436,4.96
8479,6213,4.18
8480,2598,7.25
8480,7712,1.35
8480,9961,0.78
8481,2772,9.25
8481,9179,3.31
8481,1937,6.8
8482,1633,2.66
8482,6276,6.05
8482,8721,7.09
8483,6188,1.09
8483,2467,7.18
8483,7543,8.23
8484,7547,5.3
8484,6429,1.07
8484,5793,4.07
8485,9689,4.44
8485,191,4.47
8485,3087,1.16
8486,61,7.87
8486,672,3.73
8486,138,4.61
8487,6437,2.27
8487,681,0.81
8487,4010,0.55
8488,8497,1.03
8488,8880,2.47
8488,6111,5.57
8489,9625,9.44
8489,5278,4.64
8489,4128,7.13
8490,1817,3.19
8490,5318,4.43
8490,9071,4.01
8491,5398,9.36
8491,172,3.37
8491,9861,0.48
8492,920,7.04
8492,8753,2.67
8492,8990,1.63
8493,2830,1.64
8493,198,0.85
8493,6459,1.22
8494,2749,3.46
8494,6464,5.77
8494,2468,6.22
8495,6430,7.1
8495,410,1.12
8495,4696,8.57
8496,8692,0.4
8496,9022,1.12
8496,8271,4.06
8497,9691,9.55
8497,4194,3.25
8497,6001,7.71
8498,9066,1.35
8498,5271,7.63
8498,7782,1.94
8499,8560,8.57
8499,5493,0.23
8499,5650,2.7
8500,2609,9.23
8500,9420,6.52
8500,7736,2.2
8501,5713,4.07
8501,3342,7.75
8501,2185,0.74
8502,9783,3.13
8502,3434,4.0
8502,1031,7.77
8503,1659,9.26
8503,5404,9.43
8503,2141,2.45
8504,2668,7.5
8504,6659,1.85
8504,6986,4.31
8505,2693,8.65
8505,4682,7.79
8505,8033,7.29
8506,2560,7.0
8506,3853,2.31
8506,9699,7.49
8507,4939,5.3
8507,4951,7.11
8507,7432,4.1
8508,4518,4.56
8508,211,5.2
8508,5485,6.1
8509,8709,1.13
8509,3081,5.04
8509,2279,1.56
8510,6120,3.97
8510,1617,0.38
8510,8676,2.21
8511,4261,0.78
8511,6417,9.15
8511,3922,3.54
8512,5436,8.42
8512,5187,7.44
8512,1273,5.7
8513,2335,6.3
8513,2040,1.54
8513,1174,8.04
8514,1512,5.64
8514,6653,7.21
8514,738,8.81
8515,6391,9.67
8515,875,5.79
8515,5896,0.97
8516,5108,5.34
8516,914,4.15
8516,8925,4.24
8517,6926,3.88
8517,4837,0.4
8517,3501,3.21
8518,8781,2.17
8518,2178,9.68
8518,2300,8.84
8519,2048,7.63
8519,601,0.67
8519,171,9.33
8520,8642,4.37
8520,3329,7.68
8520,4263,6.9
8521,5213,2.67
8521,5688,3.88
8521,3263,6.95
8522,4284,7.19
8522,9492,9.68
8522,3428,8.88
8523,5775,5.91
8523,5703,8.59
8523,2985,7.67
8524,1980,1.16
8524,2138,1.95
8524,5105,0.31
8525,3426,7.79
8525,3809,6.63
8525,3653,9.17
8526,1998,2.19
8526,6121,1.28
8526,8774,7.54
8527,2053,4.61
8527,9118,8.62
8527,4263,2.8
8528,7509,7.89
8528,9378,0.38
8528,3905,3.87
8529,7005,2.64
8529,8694,2.7
8529,3328,5.76
8530,4739,8.31
8530,9397,9.75
8530,3000,1.46
8531,4668,5.56
8531,8201,1.29
8531,9959,1.36
8532,9706,3.67
8532,1847,9.35
8532,6798,2.86
8533,8240,6.84
8533,1027,6.08
8533,5974,2.9
8534,3717,8.43
8534,8215,8.72
8534,8961,8.96
8535,3204,8.26
8535,9169,5.65
8535,4273,1.73
8536,9722,0.85
8536,5855,6.22
8536,579,6.48
8537,5972,4.48
8537,6402,7.7
8537,3888,8.81
8538,6368,6.82
8538,6961,4.62
8538,2072,4.1
8539,9898,9.23
8539,4513,0.73
8539,1132,8.4
8540,8224,9.93
8540,8745,2.09
8540,4305,4.85
8541,30,4.01
8541,4352,0.35
8541,4650,4.09
8542,1321,4.04
8542,6069,9.13
8542,2023,7.61
8543,3797,5.51
8543,1533,9.16
8543,4627,6.87
8544,3936,8.47
8544,6058,6.88
8544,4968,4.78
8545,1381,9.62
8545,8743,7.04
8545,2814,2.63
8546,8701,2.19
8546,4873,6.06
8546,7825,1.69
8547,3254,1.29
8547,8665,2.79
8547,7736,7.04
8548,546,3.62
8548,8394,9.58
8548,5011,2.73
8549,9980,8.48
8549,5365,6.96
8549,4290,4.23
8550,8230,4.28
8550,872,2.43
8550,7393,5.03
8551,4627,9.78
8551,7600,1.89
8551,6690,6.8
8552,6040,6.29
8552,1908,7.17
8552,3824,2.13
8553,5499,5.3
8553,8768,2.84
8553,9847,4.23
8554,8050,9.5
8554,2880,1.23
8554,1803,2.8
8555,4901,5.81
8555,9482,5.71
8555,4308,0.56
8556,4392,0.38
8556,7979,1.14
8556,5911,4.1
8557,2801,8.18
8557,4964,4.28
8557,8678,1.15
8558,2985,0.84
8558,1607,9.39
8558,8964,7.19
8559,4514,8.63
8559,7123,4.78
8559,7422,9.02
8560,772,3.19
8560,9897,9.33
8560,1921,0.98
8561,6221,4.72
8561,7607,2.18
8561,3451,0.35
8562,2620,8.44
8562,7817,0.82
8562,4920,8.19
8563,3077,0.51
8563,4483,5.16
8563,1809,7.01
8564,7027,3.66
8564,5326,9.78
8564,5226,0.1
8565,5592,5.81
8565,2018,9.11
8565,396,9.88
8566,6397,3.61
8566,3209,1.68
8566,5399,4.33
8567,927,9.5
8567,8037,0.92
8567,3319,2.34
8568,8225,4.06
8568,7996,4.2
8568,195,3.3
8569,9332,8.54
8569,5876,4.48
8569,123,3.06
8570,6669,3.63
8570,6077,7.11
8570,1433,4.35
8571,1665,4.77
8571,3197,9.69
8571,9088,0.61
8572,3412,5.93
8572,4649,9.37
8572,2504,8.15
8573,1015,8.78
8573,1782,3.66
8573,9468,2.17
8574,9971,7.62
8574,484,9.93
8574,3601,1.49
8575,8292,5.56
8575,8650,3.14
8575,6444,5.82
8576,4192,2.02
8576,755,9.22
8576,7153,1.99
8577,1667,0.58
8577,3095,8.0
8577,7212,2.15
8578,9132,1.11
8578,2850,4.2
8578,8661,7.51
8579,3201,2.05
8579,3195,2.15
8579,8135,3.31
8580,2568,1.47
8580,8016,9.39
8580,7253,4.23
8581,7254,0.86
8581,6582,9.4
8581,8277,9.55
8582,9509,6.01
8582,7069,6.9
8582,8373,3.68
8583,7457,0.62
8583,4999,5.29
8583,1275,8.36
8584,6326,2.19
8584,2329,3.33
8584,167,9.25
8585,8019,8.69
8585,7912,0.23
8585,5649,1.12
8586,942,3.9
8586,3916,6.19
8586,5301,4.24
8587,2042,4.64
8587,5967,8.3
8587,9699,6.5
8588,6301,0.34
8588,9534,7.39
8588,9171,9.09
8589,2770,5.54
8589,1480,0.48
8589,845,5.25
8590,9078,0.98
8590,6148,5.44
8590,5562,3.15
8591,2530,5.13
8591,6773,5.88
8591,3410,2.76
8592,8269,7.23
8592,7723,8.94
8592,339,2.33
8593,3335,2.63
8593,8679,4.96
8593,532,5.96
8594,4692,5.64
8594,6202,9.17
8594,3566,3.71
8595,155,5.37
8595,6251,3.35
8595,2234,3.19
8596,5538,6.87
8596,989,6.59
8596,4976,3.77
8597,2383,3.99
8597,1789,0.21
8597,7322,8.58
8598,9826,2.08
8598,2870,5.64
8598,5921,8.94
8599,1407,4.73
8599,685,9.46
8599,3714,4.14
8600,4964,4.25
8600,8640,6.93
8600,2510,6.87
8601,1545,9.79
8601,3488,4.45
8601,7588,2.31
8602,2890,3.66
8602,3890,4.47
8602,4108,4.1
8603,6459,8.55
8603,1433,4.86
8603,1669,8.39
8604,9978,3.85
8604,8190,3.9
8604,1438,3.98
8605,1210,5.77
8605,1848,6.45
8605,9612,8.11
8606,9926,0.77
8606,9183,1.28
8606,9778,8.77
8607,4840,1.9
8607,4840,9.99
8607,1483,2.72
8608,8458,0.37
8608,5218,4.84
8608,6697,0.65
8609,5445,9.42
8609,5532,4.13
8609,2166,1.43
8610,7749,5.88
8610,3155,6.78
8610,6211,8.6
8611,7946,9.85
8611,762,7.68
8611,815,1.62
8612,9393,0.92
8612,9684,0.23
8612,1018,4.27
8613,6897,8.96
8613,193,6.13
8613,3380,7.94
8614,4511,7.52
8614,6011,0.53
8614,7621,7.43
8615,4716,8.84
8615,4393,9.53
8615,9366,9.76
8616,108,0.71
8616,3041,7.68
8616,7644,5.08
8617,9678,4.77
8617,8872,0.44
8617,5569,9.93
8618,1810,2.17
8618,5830,5.3
8618,8901,5.24
8619,1301,3.01
8619,8063,4.5
8619,8337,2.95
8620,750,0.49
8620,1132,2.39
8620,1151,6.9
8621,8158,7.5
8621,8281,6.09
8621,6129,1.05
8622,7200,2.74
8622,1804,9.47
8622,2988,7.08
8623,1399,8.62
8623,2070,6.2
8623,1994,2.76
8624,2765,1.65
8624,2039,8.17
8624,5872,4.4
8625,7942,4.96
8625,7043,2.31
8625,2069,1.53
8626,3086,3.42
8626,649,4.45
8626,9538,1.72
8627,8001,1.17
8627,9235,6.3
8627,6811,9.5
8628,6191,5.69
8628,1066,1.6
8628,5919,1.3
8629,7591,4.44
8629,5322,5.81
8629,611,7.55
8630,5196,3.95
8630,3951,5.45
8630,1212,6.24
8631,6441,8.77
8631,390,1.59
8631,8282,4.73
8632,85,1.33
8632,4118,3.58
8632,2917,4.12
8633,5177,0.67
8633,7685,2.39
8633,1448,6.4
8634,3674,6.61
8634,8058,0.17
8634,1165,2.04
8635,2736,3.5
8635,8090,7.68
8635,933,1.71
8636,9667,6.22
8636,5085,2.78
8636,6252,4.22
8637,4457,8.24
8637,4315,5.43
8637,5732,0.11
8638,9801,5.33
8638,7000,0.55
8638,6881,1.86
8639,2838,9.54
8639,8056,5.41
8639,113,4.16
8640,9635,3.8
8640,9688,7.09
8640,4002,3.69
8641,3928,5.26
8641,777,1.7
8641,9563,3.25
8642,8912,4.63
8642,9580,4.63
8642,3339,8.23
8643,84,6.51
8643,7174,3.07
8643,1136,6.16
8644,1664,1.92
8644,1123,5.77
8644,2401,1.08
8645,5338,6.4
8645,2512,1.64
8645,9728,2.6
8646,9689,6.6
8646,475,4.63
8646,8495,2.88
8647,8466,4.09
8647,2435,9.42
8647,4523,2.45
8648,6054,7.16
8648,2254,7.66
8648,3986,3.16
8649,1278,8.03
8649,9087,8.26
8649,8766,2.03
8650,5097,3.53
8650,8151,5.89
8650,4541,4.81
8651,4480,1.41
8651,5870,4.18
8651,8829,4.64
8652,2271,7.71
8652,9895,4.55
8652,1774,6.82
8653,496,3.52
8653,4431,2.12
8653,4602,7.77
8654,5901,9.39
8654,4419,6.11
8654,6883,7.15
8655,7750,9.98
8655,9394,6.74
8655,2339,7.58
8656,5186,2.73
8656,9847,9.43
8656,4006,0.7
8657,4228,3.42
8657,3690,8.0
8657,3084,2.03
8658,4447,4.71
8658,1120,8.84
8658,824,0.71
8659,7669,8.35
8659,7381,4.3
8659,2549,1.73
8660,226,9.36
8660,553,3.52
8660,6608,0.18
8661,6126,2.34
8661,214,2.19
8661,8745,5.96
8662,7328,5.94
8662,5939,6.13
8662,1213,1.68
8663,1037,6.29
8663,6800,8.23
8663,2128,6.58
8664,2053,1.87
8664,768,1.82
8664,996,5.76
8665,3134,6.13
8665,1330,4.61
8665,8859,5.07
8666,6181,1.9
8666,3059,7.56
8666,4915,8.91
8667,3667,9.26
8667,4782,1.13
8667,3503,7.79
8668,2014,1.71
8668,5626,3.09
8668,3210,1.15
8669,585,0.69
8669,372,1.2
8669,7625,0.73
8670,8956,7.72
8670,8169,2.4
8670,6017,7.61
8671,8133,0.17
8671,554,9.57
8671,9088,5.31
8672,8127,0.15
8672,2379,5.11
8672,6976,3.09
8673,9215,4.68
8673,878,5.69
8673,7498,7.81
8674,5787,1.05
8674,5255,7.3
8674,476,2.46
8675,6653,2.91
8675,9491,3.28
8675,1384,1.11
8676,9586,0.19
8676,645,2.81
8676,2339,1.65
8677,9432,4.03
8677,3035,9.04
8677,260,4.35
8678,2677,4.43
8678,16,2.53
8678,831,0.92
8679,6347,1.66
8679,976,0.5
8679,8338,3.78
8680,2186,5.7
8680,8442,4.77
8680,2906,4.87
8681,9888,8.22
8681,9016,3.54
8681,580,7.37
8682,4402,4.79
8682,7331,2.32
8682,7342,6.35
8683,1945,2.67
8683,566,6.55
8683,9229,5.82
8684,949,5.05
8684,4668,3.53
8684,3995,0.65
8685,493,4.05
8685,7704,1.55
8685,8063,1.59
8686,6216,9.8
8686,5164,3.45
8686,7791,9.73
8687,2215,9.62
8687,3621,6.56
8687,4995,5.25
8688,6745,8.81
8688,8612,3.18
8688,2961,6.24
8689,5185,5.91
8689,3266,7.2
8689,827,1.57
8690,6884,3.21
8690,1697,9.52
8690,8166,6.91
8691,9345,1.41
8691,3909,8.83
8691,500,0.52
8692,1310,6.19
8692,3525,1.35
8692,6523,9.92
8693,1446,4.32
8693,8726,6.04
8693,5472,6.43
8694,6115,9.02
8694,963,8.55
8694,645,4.39
8695,8357,5.58
8695,2802,5.03
8695,9210,5.9
8696,1447,8.35
8696,2236,0.57
8696,6623,0.81
8697,5766,3.31
8697,1011,5.0
8697,2720,2.79
8698,3114,1.31
8698,3629,2.51
8698,1189,9.92
8699,4575,1.89
8699,6932,0.53
8699,8986,7.26
8700,7091,1.36
8700,4097,7.9
8700,5925,8.12
8701,9778,4.47
8701,5983,1.71
8701,4758,1.59
8702,7387,4.18
8702,1940,9.05
8702,3592,9.77
8703,7265,4.1
8703,3644,5.48
8703,8017,4.87
8704,2723,3.14
8704,9010,8.8
8704,3047,4.05
8705,6352,7.32
8705,7685,8.1
8705,8264,8.36
8706,1732,0.84
8706,4801,0.81
8706,2033,2.38
8707,8040,6.46
8707,9770,1.1
8707,8358,3.54
8708,4661,5.66
8708,7652,8.42
8708,1329,1.54
8709,8084,7.43
8709,5543,2.4
8709,8638,3.09
8710,3982,1.77
8710,839,9.76
8710,7971,8.98
8711,3453,2.1
8711,2753,3.09
8711,7146,6.46
8712,2687,4.14
8712,4472,3.73
8712,6751,9.05
8713,6827,7.96
8713,5608,4.26
8713,810,8.79
8714,1681,1.47
8714,5195,3.56
8714,2423,7.19
8715,6108,4.06
8715,3452,3.71
8715,8900,0.31
8716,4419,7.03
8716,5444,7.02
8716,6603,1.29
8717,4765,2.07
8717,1099,2.58
8717,7118,1.17
8718,4049,3.83
8718,6300,0.4
8718,3308,4.93
8719,5686,2.24
8719,8620,7.37
8719,5739,2.15
8720,6516,0.43
8720,7089,1.72
8720,129,1.29
8721,1749,6.53
8721,6327,5.19
8721,2539,4.26
8722,4709,1.86
8722,499,1.28
8722,6308,4.18
8723,6287,3.03
8723,7417,0.17
8723,4406,9.51
8724,3683,4.89
8724,3073,8.3
8724,1020,4.71
8725,74,6.74
8725,816,3.01
8725,6064,0.75
8726,9506,9.5
8726,2077,0.89
8726,4074,7.12
8727,7646,3.74
8727,1061,0.23
8727,2254,5.71
8728,142,3.31
8728,5640,7.79
8728,9909,9.58
8729,3606,9.07
8729,9417,8.99
8729,8148,6.04
8730,4100,1.29
8730,9808,1.59
8730,2984,5.01
8731,9246,5.2
8731,4066,6.16
8731,9611,6.54
8732,4482,8.08
8732,2373,4.48
8732,3805,1.34
8733,4072,2.21
8733,6538,2.7
8733,2838,4.79
8734,2172,8.41
8734,8439,7.89
8734,2857,1.78
8735,6648,8.27
8735,1888,7.33
8735,7382,9.75
8736,4312,3.94
8736,5710,4.67
8736,2402,8.98
8737,4760,4.43
8737,4053,5.19
8737,3350,8.67
8738,9688,6.95
8738,1507,9.18
8738,9088,8.58
8739,9393,9.58
8739,5335,2.92
8739,8053,3.03
8740,693,9.32
8740,2800,1.3
8740,8217,4.49
8741,8852,7.44
8741,7450,4.8
8741,6867,2.31
8742,940,0.86
8742,5029,3.45
8742,9878,0.22
8743,5982,0.76
8743,9294,3.09
8743,8308,7.86
8744,1775,3.09
8744,5965,8.64
8744,720,8.62
8745,5132,4.95
8745,126,4.4
8745,1548,9.59
8746,776,1.16
8746,9159,5.68
8746,6522,1.75
8747,3331,5.27
8747,6638,9.69
8747,5505,6.31
8748,2116,9.87
8748,9935,9.96
8748,6914,0.28
8749,4294,8.73
8749,5554,1.92
8749,739,7.44
8750,2231,1.95
8750,2158,2.71
8750,5493,4.48
8751,6572,6.03
8751,6837,1.53
8751,765,8.4
8752,5359,2.64
8752,7519,9.01
8752,6312,7.93
8753,4441,2.62
8753,6958,4.73
8753,8913,5.42
8754,1650,3.87
8754,6562,0.96
8754,9597,8.54
8755,554,7.59
8755,8500,8.03
8755,3490,5.21
8756,1934,2.1
8756,8293,8.99
8756,3698,5.3
8757,5216,0.19
8757,2579,5.45
8757,3068,8.99
8758,7818,8.09
8758,6110,1.03
8758,9581,1.32
8759,5729,8.47
8759,9068,2.58
8759,5846,8.69
8760,4412,4.08
8760,5295,1.19
8760,708,1.33
8761,2092,7.88
8761,1105,4.99
8761,4347,0.42
8762,9319,1.81
8762,2902,7.58
8762,7740,3.57
8763,5823,8.06
8763,6578,7.65
8763,5439,9.41
8764,8656,2.68
8764,8755,9.48
8764,1289,4.07
8765,3490,0.81
8765,7155,1.62
8765,1874,5.6
8766,6047,5.87
8766,9256,5.83
8766,3891,9.6
8767,7940,5.0
8767,483,8.9
8767,9374,6.41
8768,5801,3.82
8768,9551,7.62
8768,5381,8.75
8769,8992,5.96
8769,1093,5.06
8769,488,2.37
8770,5311,1.83
8770,5251,9.39
8770,594,3.28
8771,5384,1.1
8771,4605,3.66
8771,2879,6.73
8772,4356,8.41
8772,4138,1.84
8772,8456,1.76
8773,3637,7.9
8773,5882,8.56
8773,2956,2.85
8774,4919,0.73
8774,5013,3.18
8774,2652,6.82
8775,1075,0.44
8775,1312,9.26
8775,7426,6.14
8776,2359,6.76
8776,6176,4.77
8776,4272,1.17
8777,4918,6.13
8777,7949,8.17
8777,2374,1.77
8778,79,9.79
8778,6997,6.95
8778,8039,9.97
8779,4411,6.66
8779,9518,5.13
8779,4752,1.11
8780,9990,5.9
8780,6871,5.77
8780,2285,8.62
8781,7775,3.56
8781,9288,5.91
8781,1069,2.63
8782,4209,0.82
8782,3569,9.81
8782,6983,0.16
8783,6504,7.36
8783,6763,6.7
8783,9369,8.85
8784,7626,6.47
8784,8458,3.67
8784,3134,8.33
8785,1028,1.56
8785,290,8.65
8785,1778,1.18
8786,1085,4.23
8786,922,2.4
8786,384,8.31
8787,3024,7.64
8787,1306,7.56
8787,1408,1.43
8788,6358,0.91
8788,7920,1.6
8788,5370,2.64
8789,1029,3.73
8789,8445,6.14
8789,4688,2.41
8790,826,2.39
8790,1758,1.3
8790,2066,6.67
8791,4415,8.0
8791,4695,3.16
8791,4007,3.03
8792,1003,9.13
8792,9530,2.18
8792,9567,8.24
8793,3175,0.25
8793,7524,3.3
8793,7003,1.75
8794,5798,5.67
8794,6152,0.89
8794,7014,7.07
8795,5449,9.27
8795,3176,1.12
8795,3976,1.86
8796,6367,1.21
8796,7698,3.58
8796,1917,4.38
8797,6071,3.99
8797,5350,2.54
8797,164,8.8
8798,8934,6.06
8798,2000,2.56
8798,4757,2.42
8799,9778,9.65
8799,9650,8.36
8799,8639,4.27
8800,5255,9.47
8800,9086,0.56
8800,2158,3.67
8801,5409,8.85
8801,85,6.08
8801,9531,2.36
8802,3475,6.11
8802,844,3.42
8802,4223,5.55
8803,4962,6.55
8803,3080,2.71
8803,2523,0.4
8804,3759,5.71
8804,7247,6.61
8804,9606,4.35
8805,6766,7.12
8805,2468,3.92
8805,1811,3.68
8806,3808,2.25
8806,401,9.12
8806,5207,9.43
8807,2489,4.49
8807,2455,1.97
8807,1673,8.42
8808,2588,5.83
8808,4171,5.76
8808,8040,0.15
8809,9637,7.44
8809,1290,1.91
8809,3733,8.19
8810,4244,8.07
8810,5602,4.45
8810,5755,8.94
8811,2897,4.65
8811,1613,9.61
8811,8172,3.28
8812,1795,5.52
8812,2739,9.05
8812,4276,8.18
8813,6486,5.53
8813,6576,6.37
8813,6364,9.02
8814,6258,3.65
8814,5177,0.42
8814,5901,6.92
8815,9567,4.06
8815,9331,2.47
8815,9268,8.42
8816,9389,4.81
8816,5596,4.2
8816,7131,6.84
8817,5352,1.69
8817,7052,4.44
8817,66,6.21
8818,1012,9.87
8818,9026,9.43
8818,900,3.48
8819,3765,9.7
8819,5940,2.21
8819,719,9.98
8820,3429,5.02
8820,4558,0.67
8820,7199,6.96
8821,5403,7.03
8821,2380,9.39
8821,6294,7.32
8822,3140,3.58
8822,4916,9.69
8822,5727,1.6
8823,4294,0.31
8823,4175,8.26
8823,6755,3.45
8824,7024,0.61
8824,7830,7.34
8824,2038,1.58
8825,2323,9.46
8825,7899,2.86
8825,9291,5.88
8826,464,7.36
8826,698,9.76
8826,8777,4.16
8827,2948,8.0
8827,416,5.46
8827,9429,8.14
8828,7395,4.88
8828,425,2.58
8828,4013,9.65
8829,4362,6.08
8829,7540,5.3
8829,9919,9.81
8830,6556,2.83
8830,6948,4.92
8830,3639,0.69
8831,6017,7.81
8831,3394,3.04
8831,7415,7.82
8832,601,7.62
8832,2561,5.39
8832,2790,6.65
8833,5305,8.61
8833,2430,2.38
8833,8884,9.07
8834,4510,4.89
8834,5054,2.29
8834,8910,5.24
8835,8514,1.8
8835,1685,7.61
8835,4756,3.32
8836,6781,0.97
8836,2094,9.73
8836,4396,6.45
8837,7899,8.85
8837,8066,7.44
8837,9398,0.99
8838,9540,1.75
8838,3863,0.66
8838,6605,2.28
8839,7355,2.3
8839,7670,0.79
8839,3752,2.45
8840,2841,4.93
8840,5651,5.7
8840,6602,5.49
8841,4057,1.8
8841,7780,9.16
8841,1716,6.27
8842,4634,9.56
8842,4104,4.74
8842,3388,2.86
8843,2565,2.16
8843,1293,8.08
8843,5881,9.03
8844,7095,9.19
8844,634,0.48
8844,3891,1.85
8845,7996,0.99
8845,8517,9.47
8845,8115,9.13
8846,6215,7.69
8846,202,1.48
8846,911,6.38
8847,2843,7.95
8847,3797,2.82
8847,8184,9.35
8848,6477,2.44
8848,4167,2.23
8848,4992,5.05
8849,8995,4.21
8849,6705,6.16
8849,8354,7.66
8850,6212,3.11
8850,1955,5.41
8850,6263,4.62
8851,6743,0.49
8851,7300,1.88
8851,5904,1.37
8852,7328,8.36
8852,8457,6.08
8852,9636,6.9
8853,9399,7.87
8853,3343,5.36
8853,5633,2.63
8854,5955,8.47
8854,7355,2.27
8854,5855,2.88
8855,1162,5.29
8855,6643,1.31
8855,8883,0.64
8856,3067,7.14
8856,6144,9.85
8856,8000,2.7
8857,1863,0.87
8857,1274,1.39
8857,2692,0.95
8858,4687,0.37
8858,2498,1.52
8858,5961,5.74
8859,3068,8.06
8859,9273,9.7
8859,6956,8.25
8860,8827,6.01
8860,1168,1.76
8860,2688,8.25
8861,2417,1.18
8861,4846,4.32
8861,3191,4.61
8862,6454,3.85
8862,2772,8.31
8862,5153,0.26
8863,519,6.75
8863,5764,7.42
8863,184,7.39
8864,5636,9.0
8864,6247,0.72
8864,7452,9.44
8865,4004,9.91
8865,1074,8.41
8865,2318,6.43
8866,2958,7.28
8866,252,3.93
8866,6875,3.48
8867,9186,8.82
8867,4671,2.47
8867,4332,6.19
8868,6972,9.31
8868,7507,5.49
8868,885,2.19
8869,839,7.54
8869,9458,7.35
8869,589,5.07
8870,7452,6.89
8870,6933,5.74
8870,1538,4.69
8871,3049,1.5
8871,7464,2.18
8871,8489,6.59
8872,6770,4.85
8872,2706,9.33
8872,1059,0.64
8873,3180,4.37
8873,9360,8.3
8873,917,7.99
8874,6924,0.71
8874,1552,1.59
8874,8711,8.93
8875,3581,1.86
8875,7315,7.65
8875,4051,3.39
8876,9001,8.67
8876,4415,0.14
8876,8904,7.47
8877,1514,7.82
8877,9845,4.24
8877,6882,1.57
8878,9565,5.24
8878,8116,9.79
8878,8262,5.68
8879,4209,5.72
8879,9097,7.08
8879,4099,3.5
8880,8209,1.49
8880,230,5.17
8880,960,8.81
8881,707,9.6
8881,102,7.05
8881,2965,8.95
8882,3190,8.01
8882,4584,8.71
8882,259,4.6
8883,272,6.39
8883,2105,6.0
8883,5266,9.45
8884,8140,1.64
8884,3681,9.99
8884,690,1.17
8885,3966,3.05
8885,9393,5.19
8885,1131,4.58
8886,9198,1.17
8886,6588,8.01
8886,6177,8.63
8887,4195,5.3
8887,1862,9.92
8887,4374,6.84
8888,1394,7.84
8888,8169,7.15
8888,9665,9.4
8889,6259,6.3
8889,3509,2.06
8889,6747,8.85
8890,405,8.83
8890,9014,7.09
8890,2514,1.93
8891,5541,6.12
8891,754,4.5
8891,217,2.81
8892,4856,2.93
8892,6299,3.79
8892,2436,4.55
8893,9498,9.18
8893,704,6.7
8893,3052,6.56
8894,8737,9.34
8894,3199,8.03
8894,6071,6.09
8895,356,7.76
8895,948,3.58
8895,9977,9.34
8896,9550,8.65
8896,1393,7.68
8896,2673,8.75
8897,1443,8.12
8897,1547,4.54
8897,8059,5.68
8898,4672,5.36
8898,7731,6.05
8898,1535,6.48
8899,672,3.43
8899,2954,6.45
8899,3497,4.18
8900,4364,3.93
8900,1397,4.52
8900,2706,9.07
8901,7562,1.91
8901,6911,4.6
8901,7365,1.44
8902,6068,5.27
8902,6509,4.14
8902,3918,4.17
8903,9651,7.16
8903,5746,1.6
8903,5735,3.98
8904,3250,2.52
8904,1630,8.59
8904,7436,7.23
8905,1011,4.95
8905,6149,4.05
8905,4395,8.82
8906,3221,1.65
8906,4180,5.13
8906,7248,2.44
8907,6191,6.62
8907,7214,7.45
8907,9238,1.2
8908,2665,4.95
8908,4729,4.35
8908,6050,9.88
8909,1425,2.83
8909,6174,5.78
8909,6932,9.55
8910,9819,8.83
8910,9004,3.45
8910,5686,8.6
8911,1306,6.09
8911,26,0.35
8911,7229,8.62
8912,5207,2.72
8912,3691,9.72
8912,1939,3.34
8913,6050,1.45
8913,1602,1.79
8913,4819,7.14
8914,2432,2.5
8914,1794,6.62
8914,3309,7.18
8915,344,1.89
8915,7283,5.76
8915,236,5.39
8916,4753,2.84
8916,706,5.76
8916,4278,9.75
8917,8931,6.47
8917,5799,1.69
8917,7934,3.19
8918,9379,8.59
8918,9340,3.01
8918,8646,3.91
8919,3653,7.32
8919,6068,8.76
8919,8665,2.55
8920,8994,0.71
8920,6181,1.89
8920,9887,0.69
8921,7924,0.25
8921,3987,6.37
8921,7405,9.53
8922,413,5.91
8922,4627,2.98
8922,4575,1.04
8923,3456,5.89
8923,6942,4.15
8923,5421,0.52
8924,7015,6.97
8924,9896,8.42
8924,4717,1.16
8925,2860,4.28
8925,4686,8.58
8925,476,3.75
8926,5021,5.4
8926,4146,4.13
8926,3603,6.43
8927,5565,4.59
8927,6427,4.95
8927,9084,1.36
8928,1525,9.48
8928,1934,7.83
8928,4177,1.01
8929,4365,3.51
8929,6982,3.98
8929,9729,3.02
8930,925,2.83
8930,2573,1.08
8930,6629,4.87
8931,5480,5.24
8931,1541,9.85
8931,3415,0.22
8932,4401,8.8
8932,2929,2.47
8932,1431,6.53
8933,6359,0.41
8933,5104,7.66
8933,9354,3.5
8934,2169,6.89
8934,5723,6.68
8934,8536,3.27
8935,2445,1.47
8935,8584,3.79
8935,6117,2.37
8936,2989,7.73
8936,9361,4.89
8936,8861,9.63
8937,3525,0.42
8937,7355,6.51
8937,6310,7.89
8938,4113,7.14
8938,1872,1.08
8938,335,7.44
8939,4463,7.09
8939,2768,3.88
8939,6333,2.44
8940,6229,9.19
8940,308,0.29
8940,7963,9.23
8941,541,9.28
8941,9482,9.81
8941,8673,0.52
8942,301,1.8
8942,9830,3.22
8942,7168,5.97
8943,3212,0.59
8943,6041,3.0
8943,9731,4.84
8944,8776,8.5
8944,6124,5.98
8944,854,6.26
8945,491,1.36
8945,8967,1.63
8945,3838,1.54
8946,9575,9.69
8946,1378,9.56
8946,7694,1.44
8947,4183,6.45
8947,2527,0.61
8947,1548,3.4
8948,2227,8.27
8948,1038,1.79
8948,282,7.08
8949,4415,6.89
8949,4960,5.96
8949,321,5.79
8950,9790,5.8
8950,5102,6.8
8950,2537,7.0
8951,7164,5.51
8951,7351,3.27
8951,7487,1.31
8952,7662,3.34
8952,7131,2.85
8952,1718,1.76
8953,316,3.95
8953,3385,2.58
8953,9117,1.31
8954,5323,8.9
8954,3415,9.9
8954,437,2.75
8955,5797,3.3
8955,9640,2.81
8955,2717,8.08
8956,9279,9.56
8956,1396,3.75
8956,8390,5.81
8957,5692,2.09
8957,9760,2.75
8957,690,2.32
8958,5684,3.42
8958,8725,4.64
8958,7077,8.52
8959,8026,6.14
8959,4112,6.06
8959,2422,0.45
8960,3631,0.14
8960,5914,3.88
8960,2301,7.7
8961,4053,0.65
8961,6169,6.08
8961,8350,1.35
8962,3961,8.82
8962,1498,1.73
8962,5828,4.97
8963,9924,5.07
8963,6358,3.08
8963,7699,8.49
8964,9648,4.18
8964,9,7.42
8964,7389,3.37
8965,1020,3.42
8965,8078,6.5
8965,7393,7.12
8966,4720,8.81
8966,9706,6.84
8966,9642,6.78
8967,8227,1.29
8967,6018,5.94
8967,5483,9.83
8968,5448,5.98
8968,6963,6.37
8968,6569,8.94
8969,8562,0.17
8969,6510,7.21
8969,6157,7.92
8970,3206,9.43
8970,7702,6.5
8970,3679,3.16
8971,4082,7.33
8971,7063,6.61
8971,8324,5.99
8972,7824,3.26
8972,6852,8.11
8972,5694,7.01
8973,6808,7.54
8973,2280,3.69
8973,4495,7.21
8974,4263,0.94
8974,4053,3.19
8974,990,9.61
8975,3642,6.0
8975,640,5.68
8975,9898,8.98
8976,733,3.0
8976,783,5.72
8976,6621,5.05
8977,135,1.82
8977,7820,4.04
8977,82,8.97
8978,650,7.28
8978,2397,6.17
8978,1267,8.0
8979,8861,4.32
8979,7265,8.77
8979,4790,2.12
8980,7394,8.42
8980,9254,8.71
8980,5447,2.73
8981,2379,1.58
8981,7885,6.45
8981,1120,4.25
8982,473,5.87
8982,545,0.52
8982,2717,5.32
8983,1173,9.99
8983,2493,5.39
8983,3574,4.39
8984,5533,9.22
8984,2153,6.92
8984,8175,4.03
8985,4950,3.08
8985,9539,8.85
8985,654,3.69
8986,9840,5.83
8986,3099,1.33
8986,6267,7.89
8987,3195,7.03
8987,1577,8.24
8987,9045,2.85
8988,6124,1.51
8988,1785,8.33
8988,3795,2.21
8989,2547,2.38
8989,2633,8.57
8989,1764,6.69
8990,8591,8.72
8990,9311,0.72
8990,4530,5.33
8991,2753,8.99
8991,951,4.51
8991,4648,9.04
8992,75,1.37
8992,669,5.55
8992,6870,0.11
8993,3834,6.58
8993,4420,3.22
8993,6222,9.42
8994,1568,5.73
8994,8140,9.26
8994,4382,1.0
8995,4604,1.53
8995,9078,1.71
8995,6304,8.96
8996,8903,4.79
8996,6928,2.97
8996,3932,6.27
8997,414,8.24
8997,631,8.14
8997,9451,3.52
8998,1109,4.48
8998,4092,3.89
8998,7157,4.35
8999,109,0.17
8999,8466,6.75
8999,6684,7.68
9000,618,9.81
9000,5390,4.81
9000,6138,1.24
9001,1877,8.25
9001,9778,6.48
9001,8903,4.61
9002,853,0.96
9002,2444,6.37
9002,6137,8.41
9003,2503,0.56
9003,5220,1.38
9003,3081,3.99
9004,5124,8.74
9004,8229,0.3
9004,2605,4.69
9005,1874,5.5
9005,2233,5.85
9005,7121,1.88
9006,1115,6.8
9006,192,9.22
9006,186,7.69
9007,1561,0.82
9007,6671,8.41
9007,1248,7.19
9008,1871,9.9
9008,1508,9.44
9008,1752,5.92
9009,6277,0.7
9009,158,6.94
9009,7118,9.41
9010,5581,2.14
9010,7283,4.32
9010,4563,3.52
9011,1397,2.5
9011,9104,3.82
9011,6805,7.78
9012,4503,9.5
9012,9092,3.64
9012,4876,2.96
9013,9768,3.46
9013,1646,9.34
9013,9892,3.02
9014,7382,8.08
9014,8479,6.36
9014,2656,1.18
9015,9982,5.02
9015,8628,4.27
9015,6063,4.56
9016,4481,0.66
9016,7019,6.98
9016,5197,6.27
9017,3426,3.12
9017,6526,3.7
9017,973,6.97
9018,3623,4.73
9018,573,2.38
9018,8115,1.22
9019,7649,3.97
9019,7225,8.09
9019,4052,8.22
9020,4349,0.97
9020,495,8.94
9020,4618,9.6
9021,3114,6.74
9021,3362,7.43
9021,7129,2.78
9022,6179,8.14
9022,4552,6.57
9022,1153,2.68
9023,2242,9.09
9023,7589,9.69
9023,6656,2.66
9024,1,9.4
9024,7629,9.55
9024,4515,7.27
9025,6767,2.4
9025,699,2.99
9025,1486,3.98
9026,9537,9.74
9026,7466,2.37
9026,7006,6.87
9027,1972,1.71
9027,4567,0.38
9027,56,9.72
9028,8842,8.3
9028,8161,1.28
9028,5886,2.72
9029,131,2.74
9029,7003,1.34
9029,26,7.47
9030,3667,8.07
9030,8620,7.91
9030,2651,0.31
9031,3669,1.93
9031,6526,0.14
9031,2519,7.22
9032,8166,7.85
9032,1446,7.48
9032,8102,9.6
9033,2865,1.62
9033,1556,0.64
9033,2624,1.78
9034,1071,0.59
9034,6633,6.67
9034,341,5.33
9035,9733,3.14
9035,6284,7.75
9035,4894,3.8
9036,8740,5.52
9036,6246,9.5
9036,5865,6.99
9037,4164,4.65
9037,5285,8.91
9037,6057,2.54
9038,4439,3.89
9038,1353,3.09
9038,4276,1.79
9039,2930,1.01
9039,4636,9.04
9039,7224,6.3
9040,3365,7.19
9040,7546,8.82
9040,7053,1.75
9041,7882,5.07
9041,4401,8.46
9041,9415,5.0
9042,113,1.78
9042,8962,4.44
9042,8976,3.72
9043,6569,2.78
9043,1010,2.39
9043,8614,7.71
9044,5750,5.08
9044,903,2.6
9044,9024,7.53
9045,7340,9.4
9045,8264,7.18
9045,1245,2.31
9046,5473,2.16
9046,1082,0.59
9046,3146,6.73
9047,3666,0.79
9047,6689,7.08
9047,1345,2.87
9048,9012,4.31
9048,554,0.95
9048,7053,8.49
9049,5192,7.85
9049,9069,6.07
9049,1992,7.27
9050,938,1.63
9050,4982,6.59
9050,1016,9.77
9051,6721,7.48
9051,5010,7.62
9051,5760,4.19
9052,9814,3.16
9052,1548,7.42
9052,624,6.76
9053,6095,1.4
9053,3233,1.95
9053,7432,6.84
9054,6973,3.21
9054,4940,4.57
9054,2077,4.94
9055,4044,7.75
9055,9578,7.52
9055,6601,0.71
9056,7001,0.44
9056,9952,7.73
9056,4488,0.65
9057,330,2.06
9057,5743,8.96
9057,3582,9.3
9058,1791,5.29
9058,1980,7.26
9058,8481,4.64
9059,6234,5.74
9059,1799,7.96
9059,6992,9.55
9060,6264,2.4
9060,4777,3.31
9060,5694,4.93
9061,5794,9.38
9061,2192,8.16
9061,3179,4.44
9062,4388,2.19
9062,2379,5.43
9062,3708,5.56
9063,9799,4.01
9063,7294,9.39
9063,9307,4.39
9064,244,2.27
9064,1753,2.38
9064,746,8.36
9065,8814,2.81
9065,9327,3.31
9065,6218,4.64
9066,6024,5.2
9066,4022,5.91
9066,8374,2.53
9067,198,9.37
9067,9266,9.87
9067,1233,3.9
9068,7933,8.14
9068,9858,9.7
9068,6768,0.39
9069,9025,4.21
9069,9134,6.49
9069,2311,8.99
9070,9616,6.81
9070,7606,8.4
9070,7727,5.94
9071,7894,4.38
9071,7919,2.46
9071,2895,2.23
9072,906,7.19
9072,4976,9.98
9072,5363,9.92
9073,6225,4.96
9073,1232,9.68
9073,115,1.68
9074,37,6.49
9074,6776,7.23
9074,180,6.75
9075,9359,7.89
9075,3940,9.16
9075,3100,9.58
9076,8827,9.1
9076,4346,4.16
9076,7996,9.51
9077,5835,5.37
9077,1072,7.95
9077,9412,6.53
9078,3936,7.92
9078,6955,9.53
9078,1424,8.59
9079,7062,6.47
9079,642,0.94
9079,7178,0.68
9080,977,8.41
9080,7204,6.4
9080,4990,5.14
9081,3348,6.5
9081,7903,2.51
9081,9821,7.69
9082,1488,7.0
9082,6002,8.54
9082,4996,1.91
9083,8252,0.44
9083,8230,1.53
9083,4296,8.87
9084,5210,9.59
9084,1438,9.37
9084,1352,6.23
9085,4162,2.09
9085,4338,6.63
9085,7397,8.21
9086,2787,1.71
9086,4164,0.34
9086,4413,4.34
9087,1407,7.0
9087,7773,2.16
9087,8362,0.2
9088,8054,2.81
9088,5398,2.78
9088,4631,1.89
9089,2256,0.27
9089,2530,8.62
9089,1176,0.75
9090,4418,8.5
9090,8338,2.16
9090,3537,0.75
9091,684,2.03
9091,3971,4.83
9091,8834,2.66
9092,7702,1.46
9092,9622,5.0
9092,9092,0.17
9093,9618,3.66
9093,3108,5.89
9093,8638,8.46
9094,1497,3.87
9094,2958,9.99
9094,5304,0.7
9095,6309,7.87
9095,6491,4.5
9095,3178,2.0
9096,950,9.64
9096,6091,2.85
9096,6987,2.45
9097,5856,2.73
9097,6103,6.65
9097,7635,6.82
9098,5159,4.76
9098,8337,9.46
9098,8951,6.07
9099,8589,6.68
9099,6624,1.16
9099,2298,4.97
9100,6474,6.79
9100,7225,2.11
9100,185,6.78
9101,2177,0.88
9101,4016,5.79
9101,178,7.07
9102,2955,5.96
9102,2529,3.13
9102,5831,2.58
9103,5690,2.18
9103,5741,1.83
9103,5029,6.2
9104,7312,5.5
9104,2839,8.07
9104,4129,3.52
9105,2886,9.29
9105,4696,7.19
9105,9298,6.32
9106,8888,3.97
9106,8188,9.37
9106,8937,8.92
9107,1992,3.53
9107,6368,7.5
9107,6500,1.29
9108,1685,9.27
9108,9488,9.4
9108,3492,1.47
9109,9592,6.46
9109,6734,9.69
9109,4911,8.36
9110,3003,0.19
9110,2191,6.52
9110,9226,0.83
9111,2049,2.55
9111,1058,7.11
9111,5970,2.59
9112,7465,5.71
9112,4592,7.37
9112,4179,1.48
9113,2782,1.53
9113,2534,4.99
9113,4042,4.65
9114,6004,5.51
9114,2888,9.72
9114,6842,7.1
9115,5697,4.6
9115,1150,1.37
9115,4488,6.74
9116,9212,2.33
9116,4906,0.37
9116,4400,5.32
9117,203,1.92
9117,9097,6.26
9117,7079,5.07
9118,942,1.28
9118,6698,5.22
9118,3212,0.4
9119,3925,1.86
9119,5902,5.0
9119,1234,3.22
9120,5549,8.33
9120,4942,3.4
9120,7248,0.25
9121,7028,7.79
9121,3461,9.55
9121,4294,8.14
9122,6409,9.02
9122,2406,0.21
9122,6716,2.53
9123,5526,8.91
9123,242,6.18
9123,6974,8.41
9124,7536,9.89
9124,5636,4.8
9124,4642,6.75
9125,5228,5.34
9125,1537,6.3
9125,6559,0.17
9126,9760,2.24
9126,6195,6.65
9126,3855,2.01
9127,2394,1.62
9127,6344,5.08
9127,4302,6.05
9128,745,6.97
9128,9870,1.45
9128,5276,2.41
9129,4843,4.64
9129,9748,3.68
9129,9071,0.59
9130,858,3.39
9130,2710,4.55
9130,4462,2.0
9131,2762,8.99
9131,7879,8.9
9131,7313,2.88
9132,5776,4.19
9132,9786,7.16
9132,4361,7.17
9133,2864,5.97
9133,1338,9.83
9133,1426,5.97
9134,7048,6.45
9134,3658,3.11
9134,4879,1.5
9135,1954,4.72
9135,9957,0.55
9135,4388,9.1
9136,7756,8.15
9136,761,9.19
9136,3907,7.75
9137,1572,1.47
9137,4663,5.94
9137,1616,7.99
9138,4675,8.99
9138,4239,0.82
9138,4973,6.27
9139,197,5.07
9139,769,5.49
9139,9814,9.61
9140,9071,7.7
9140,7552,6.9
9140,6853,4.74
9141,1989,4.84
9141,1406,8.65
9141,2165,1.74
9142,8888,5.24
9142,2032,8.53
9142,4003,1.4
9143,6005,7.45
9143,5022,6.75
9143,3663,0.49
9144,461,2.08
9144,375,8.9
9144,1698,4.56
9145,633,2.75
9145,313,3.02
9145,8290,6.65
9146,3833,2.3
9146,6238,4.16
9146,3951,0.21
9147,5509,9.84
9147,9890,3.21
9147,5629,4.95
9148,1031,0.56
9148,381,3.22
9148,2783,6.29
9149,9154,8.49
9149,7002,3.54
9149,4043,6.55
9150,3057,1.78
9150,6066,7.69
9150,185,8.5
9151,5930,3.24
9151,7034,8.78
9151,309,5.59
9152,6380,2.96
9152,1549,1.09
9152,591,6.42
9153,8651,2.3
9153,8464,0.95
9153,6148,3.79
9154,4493,8.68
9154,7432,1.99
9154,379,5.56
9155,4904,7.03
9155,6996,7.05
9155,7733,7.01
9156,8673,6.06
9156,1411,0.21
9156,1272,9.46
9157,5456,7.79
9157,2511,1.11
9157,3816,1.87
9158,8388,8.93
9158,9276,3.41
9158,8749,9.63
9159,1900,1.78
9159,5254,1.19
9159,2091,2.27
9160,7265,8.5
9160,2363,0.6
9160,947,1.27
9161,813,9.59
9161,8977,4.55
9161,4840,3.37
9162,7271,5.54
9162,8875,5.2
9162,602,0.73
9163,3556,9.29
9163,2431,7.78
9163,391,1.63
9164,6165,7.96
9164,7611,7.57
9164,5793,4.34
9165,9540,3.31
9165,6719,6.51
9165,5438,3.83
9166,1127,8.6
9166,3960,6.57
9166,8086,9.57
9167,8162,4.64
9167,5696,6.52
9167,2779,3.43
9168,6164,9.96
9168,7113,2.38
9168,8871,3.31
9169,2254,2.45
9169,5601,5.59
9169,788,6.63
9170,1391,4.29
9170,6315,8.2
9170,6751,7.62
9171,7816,1.46
9171,2907,4.95
9171,5150,1.04
9172,6636,3.03
9172,9575,9.43
9172,2610,7.23
9173,6622,6.42
9173,749,2.79
9173,1369,8.7
9174,4651,5.4
9174,5640,3.39
9174,5558,4.05
9175,3071,1.07
9175,807,3.38
9175,282,8.6
9176,7741,5.61
9176,8581,8.0
9176,2054,8.96
9177,7393,3.89
9177,8046,9.93
9177,6002,6.08
9178,759,0.31
9178,5098,7.66
9178,1135,3.96
9179,9145,4.0
9179,1395,0.58
9179,7965,4.55
9180,2483,4.66
9180,4409,8.5
9180,5511,5.29
9181,5039,2.52
9181,9296,1.12
9181,5443,5.31
9182,7324,2.54
9182,1075,4.44
9182,3320,8.04
9183,662,0.52
9183,4133,9.22
9183,772,9.06
9184,8191,6.22
9184,697,5.53
9184,2757,9.71
9185,2612,7.28
9185,1228,0.67
9185,3411,6.44
9186,1081,5.13
9186,6748,3.84
9186,6379,9.97
9187,1890,1.9
9187,7892,7.1
9187,9678,2.39
9188,8509,7.81
9188,2949,7.23
9188,6875,5.59
9189,411,7.33
9189,7179,5.81
9189,9503,2.06
9190,6319,3.94
9190,3392,8.91
9190,5468,5.98
9191,5415,7.98
9191,7292,6.83
9191,5696,6.15
9192,6414,9.03
9192,5146,3.48
9192,6616,7.67
9193,7004,5.39
9193,3315,7.95
9193,8125,6.85
9194,1515,5.31
9194,4974,1.14
9194,4475,7.29
9195,7577,0.14
9195,2214,2.02
9195,2335,3.85
9196,3144,7.0
9196,8887,5.37
9196,4431,1.96
9197,3134,9.0
9197,8405,9.43
9197,5567,8.3
9198,2799,9.95
9198,7264,5.58
9198,6409,0.66
9199,672,0.81
9199,9935,3.81
9199,5876,0.93
9200,1485,1.6
9200,1397,0.38
9200,7305,7.58
9201,8911,8.94
9201,9644,9.35
9201,4991,8.74
9202,2937,8.39
9202,7921,4.56
9202,3662,2.57
9203,1344,9.61
9203,999,6.59
9203,224,3.96
9204,6359,6.56
9204,5913,0.92
9204,4449,2.6
9205,5215,4.59
9205,9448,3.03
9205,242,8.11
9206,5173,6.16
9206,1562,9.02
9206,6317,0.29
9207,6991,8.48
9207,7848,0.86
9207,7145,5.72
9208,9644,2.46
9208,4466,4.81
9208,7333,5.94
9209,9429,9.23
9209,6924,1.69
9209,2963,1.38
9210,5883,6.1
9210,9642,7.05
9210,8075,7.56
9211,7566,0.42
9211,3679,1.35
9211,4487,7.09
9212,7545,3.05
9212,2778,8.29
9212,5210,7.58
9213,7256,4.76
9213,8122,5.53
9213,462,4.89
9214,2974,9.11
9214,3551,9.63
9214,4271,0.11
9215,3427,8.04
9215,3094,7.23
9215,3465,2.92
9216,4053,0.17
9216,5934,4.01
9216,6445,6.98
9217,3863,4.18
9217,5718,1.27
9217,7096,4.32
9218,3650,2.43
9218,5260,6.63
9218,767,5.97
9219,7623,1.86
9219,3425,8.46
9219,100,5.89
9220,6566,1.56
9220,1035,2.03
9220,5249,7.66
9221,3146,3.13
9221,1437,0.46
9221,3938,9.6
9222,1256,2.73
9222,7093,3.67
9222,5564,8.02
9223,7251,3.28
9223,6341,4.66
9223,858,4.53
9224,254,2.61
9224,1384,6.47
9224,4162,8.29
9225,8851,6.39
9225,983,0.28
9225,6216,9.36
9226,500,7.31
9226,9138,0.94
9226,7317,5.15
9227,6596,0.89
9227,6315,9.7
9227,6291,2.38
9228,7438,1.46
9228,4092,6.94
9228,1474,5.38
9229,7990,6.21
9229,5790,8.76
9229,4771,7.95
9230,5753,0.14
9230,573,4.2
9230,620,0.96
9231,3507,9.99
9231,5203,4.92
9231,9950,3.29
9232,6549,2.46
9232,9529,3.84
9232,2803,0.8
9233,3942,3.13
9233,1231,1.6
9233,3677,9.72
9234,2147,7.58
9234,5048,5.17
9234,326,1.38
9235,9472,8.11
9235,4073,4.12
9235,6678,2.6
9236,3625,3.02
9236,3635,5.05
9236,8129,6.63
9237,9981,4.87
9237,6238,8.06
9237,6174,9.33
9238,6457,0.12
9238,3124,8.97
9238,8914,6.23
9239,9293,8.1
9239,9168,6.95
9239,1308,8.41
9240,1766,1.88
9240,4295,2.43
9240,3371,3.34
9241,5653,1.62
9241,5142,4.97
9241,8886,1.95
9242,1654,2.81
9242,3364,6.73
9242,5786,4.47
9243,4981,7.01
9243,4288,9.94
9243,221,9.43
9244,6006,8.4
9244,6975,7.12
9244,3309,0.41
9245,1009,7.2
9245,2950,0.28
9245,4626,9.06
9246,8373,2.29
9246,1942,3.21
9246,1445,3.03
9247,592,5.49
9247,8081,0.95
9247,6953,4.45
9248,3843,8.52
9248,2037,5.99
9248,8383,7.36
9249,4071,4.84
9249,3814,6.89
9249,807,0.86
9250,3641,1.21
9250,1122,7.32
9250,9466,1.07
9251,5989,1.73
9251,5558,7.75
9251,7733,9.32
9252,5082,3.63
9252,13,5.89
9252,4042,1.59
9253,4226,6.24
9253,3091,6.66
9253,7229,7.04
9254,1690,3.51
9254,3553,6.52
9254,8228,1.37
9255,6216,0.19
9255,474,3.9
9255,2950,6.35
9256,6377,3.09
9256,4773,4.74
9256,1884,2.17
9257,4966,3.67
9257,4614,0.59
9257,3416,2.99
9258,3357,5.87
9258,8660,6.39
9258,5294,0.8
9259,5018,4.04
9259,3141,5.89
9259,7327,9.19
9260,2256,0.72
9260,1373,1.13
9260,7864,7.25
9261,9994,9.59
9261,6438,1.52
9261,9086,5.12
9262,5383,6.62
9262,3725,6.72
9262,2393,1.95
9263,4338,6.3
9263,4133,9.04
9263,4783,9.05
9264,584,5.83
9264,9910,3.17
9264,7029,7.63
9265,3316,6.4
9265,9419,7.47
9265,4557,4.42
9266,524,4.7
9266,3980,7.0
9266,8210,0.67
9267,1609,0.96
9267,8321,0.72
9267,3648,6.34
9268,8082,9.82
9268,4899,4.08
9268,7962,5.07
9269,5685,3.33
9269,9823,2.54
9269,6008,9.6
9270,4232,9.65
9270,8731,7.8
9270,9453,1.55
9271,8835,5.67
9271,7235,8.05
9271,7471,2.46
9272,8486,8.43
9272,8919,3.08
9272,3556,2.27
9273,8360,5.38
9273,9026,9.23
9273,2793,8.8
9274,9852,9.37
9274,4263,8.09
9274,1921,9.08
9275,9048,9.65
9275,3509,1.66
9275,3057,7.19
9276,737,6.01
9276,7812,6.15
9276,5663,7.5
9277,3007,4.81
9277,6095,4.58
9277,5327,7.19
9278,1655,0.62
9278,5057,5.87
9278,9091,7.34
9279,7599,6.42
9279,1114,7.24
9279,6053,3.04
9280,7701,5.66
9280,905,0.48
9280,497,8.65
9281,6858,2.65
9281,7138,4.86
9281,6407,0.2
9282,6322,9.19
9282,1575,5.32
9282,3848,3.48
9283,2691,5.79
9283,7841,5.8
9283,8970,7.09
9284,6012,8.2
9284,7413,3.11
9284,9426,8.47
9285,3191,1.47
9285,5789,5.55
9285,6360,1.32
9286,4696,1.77
9286,3052,7.1
9286,7776,3.43
9287,3003,5.59
9287,5964,5.7
9287,1379,9.58
9288,2865,9.55
9288,9151,6.41
9288,2837,5.74
9289,3705,2.85
9289,765,7.44
9289,2680,6.87
9290,5243,8.47
9290,5020,6.21
9290,9219,0.94
9291,7472,0.86
9291,5392,1.75
9291,6060,7.3
9292,3533,3.74
9292,6478,9.77
9292,9816,9.17
9293,6599,3.01
9293,491,1.45
9293,3263,5.26
9294,4660,7.71
9294,1598,8.25
9294,3679,5.72
9295,9225,9.67
9295,1803,9.32
9295,4897,7.6
9296,8702,4.58
9296,6560,5.97
9296,2421,0.26
9297,208,0.4
9297,471,5.89
9297,2439,1.14
9298,4305,6.65
9298,8508,3.68
9298,245,5.67
9299,621,1.34
9299,1749,2.72
9299,7843,3.64
9300,997,9.22
9300,8468,6.09
9300,3907,3.95
9301,8790,9.78
9301,3221,2.67
9301,6683,1.67
9302,7186,1.92
9302,9362,1.54
9302,4082,1.97
9303,2163,3.74
9303,6518,8.84
9303,9745,5.22
9304,9844,0.32
9304,393,1.72
9304,5269,7.32
9305,4634,6.92
9305,2020,9.74
9305,3046,7.84
9306,8532,7.58
9306,1531,4.89
9306,4681,4.03
9307,5998,6.13
9307,7283,0.51
9307,2801,3.2
9308,9581,5.04
9308,4275,6.46
9308,7166,0.24
9309,2302,9.17
9309,968,4.39
9309,1639,3.77
9310,138,0.28
9310,5580,6.21
9310,9286,4.73
9311,5863,7.66
9311,9224,3.0
9311,2521,3.96
9312,4734,6.48
9312,7571,9.88
9312,8763,1.14
9313,9021,5.3
9313,1046,8.42
9313,4174,3.47
9314,3260,5.71
9314,2430,1.34
9314,9453,9.79
9315,7755,3.65
9315,4243,5.15
9315,4462,7.27
9316,7058,9.98
9316,5163,9.63
9316,6778,5.53
9317,8283,9.72
9317,5688,7.01
9317,7165,2.28
9318,3415,0.77
9318,7594,4.55
9318,3914,8.05
9319,2180,6.1
9319,2626,5.07
9319,5793,1.33
9320,5606,6.72
9320,3497,3.24
9320,9064,6.9
9321,7454,3.66
9321,6870,3.22
9321,7130,6.84
9322,5147,6.02
9322,5904,7.3
9322,5908,3.94
9323,8132,0.5
9323,4389,0.86
9323,1274,4.34
9324,7438,3.08
9324,9978,6.32
9324,812,9.84
9325,2963,4.12
9325,3607,4.25
9325,2586,8.64
9326,2339,6.49
9326,3637,6.29
9326,5437,5.03
9327,4796,4.5
9327,9297,6.77
9327,5323,3.45
9328,5510,8.89
9328,6750,5.13
9328,6882,8.71
9329,8749,8.5
9329,8167,4.8
9329,594,4.5
9330,8019,0.71
9330,8858,1.17
9330,1617,6.24
9331,1137,4.38
9331,7592,2.32
9331,4370,9.27
9332,6585,2.33
9332,1052,4.04
9332,3795,8.14
9333,6489,6.43
9333,8933,7.03
9333,4610,2.38
9334,887,2.86
9334,7464,8.41
9334,7673,8.95
9335,5429,0.31
9335,5942,1.0
9335,1246,5.54
9336,3653,8.62
9336,265,8.61
9336,3228,1.38
9337,4004,2.54
9337,6440,4.63
9337,9933,9.49
9338,4311,0.38
9338,4355,5.64
9338,9147,4.8
9339,5357,5.8
9339,9109,5.69
9339,9199,6.48
9340,3752,1.64
9340,2846,9.48
9340,7878,6.0
9341,7143,1.8
9341,543,4.03
9341,7863,7.45
9342,8742,6.29
9342,6991,9.71
9342,9020,4.72
9343,5135,4.15
9343,7396,1.5
9343,7293,8.41
9344,1799,9.85
9344,2167,3.93
9344,4477,8.18
9345,8700,5.22
9345,3657,3.19
9345,4394,8.34
9346,4812,2.53
9346,9868,4.81
9346,8034,3.2
9347,8515,2.32
9347,282,3.52
9347,8755,6.19
9348,8541,1.25
9348,9260,2.81
9348,6158,5.75
9349,4084,7.08
9349,6645,9.52
9349,1925,6.86
9350,5961,9.17
9350,9472,2.99
9350,1232,1.09
9351,1344,7.61
9351,7959,2.35
9351,8671,2.3
9352,5621,3.21
9352,5886,0.34
9352,8018,3.6
9353,2940,2.7
9353,5744,5.23
9353,1384,1.42
9354,8994,9.44
9354,1169,7.44
9354,8176,3.3
9355,2143,5.21
9355,5968,1.99
9355,5844,6.6
9356,448,6.22
9356,1570,4.25
9356,3245,9.83
9357,4221,0.16
9357,1663,8.28
9357,6932,5.68
9358,7952,8.99
9358,3994,3.71
9358,9960,6.84
9359,9454,9.49
9359,9128,8.96
9359,5165,7.94
9360,7282,4.21
9360,9770,7.4
9360,4471,0.89
9361,5523,2.43
9361,2957,1.55
9361,2646,1.98
9362,7320,9.56
9362,3931,9.76
9362,231,9.56
9363,3250,6.59
9363,6914,2.82
9363,1303,2.75
9364,2717,0.15
9364,15,0.9
9364,4084,2.98
9365,5987,5.48
9365,9619,5.5
9365,8915,0.49
9366,9948,2.03
9366,1554,0.55
9366,1909,0.15
9367,4762,2.41
9367,274,6.46
9367,1696,8.84
9368,9025,8.6
9368,9813,6.13
9368,4484,8.37
9369,3746,6.67
9369,8256,5.94
9369,7508,8.37
9370,6983,2.01
9370,287,4.25
9370,3546,3.26
9371,4519,5.01
9371,3898,2.48
9371,8473,3.27
9372,9990,1.14
9372,9142,0.27
9372,6773,4.49
9373,4769,0.12
9373,4913,2.3
9373,5431,5.81
9374,1763,9.3
9374,1822,2.25
9374,5703,6.94
9375,7609,2.45
9375,8380,4.91
9375,2521,5.39
9376,4514,4.93
9376,2465,3.68
9376,8093,5.59
9377,5438,0.33
9377,226,2.98
9377,9131,3.24
9378,7885,4.14
9378,2840,4.72
9378,5882,1.84
9379,4272,3.22
9379,8682,1.14
9379,1972,0.25
9380,8775,9.81
9380,9651,7.09
9380,6055,3.08
9381,7667,6.76
9381,3952,9.38
9381,1405,8.86
9382,1507,9.98
9382,254,8.23
9382,4331,2.67
9383,6359,1.08
9383,8643,0.16
9383,5760,2.02
9384,936,2.51
9384,8847,6.34
9384,3191,3.57
9385,3241,2.02
9385,1162,4.52
9385,9275,7.21
9386,5064,0.91
9386,4107,6.69
9386,2968,2.31
9387,9375,2.79
9387,3363,5.86
9387,2018,0.81
9388,4923,9.57
9388,9594,7.76
9388,3760,0.23
9389,5760,9.56
9389,4297,0.21
9389,8094,2.31
9390,1133,4.46
9390,9927,9.71
9390,5094,4.4
9391,4417,4.09
9391,910,6.28
9391,8986,2.64
9392,7534,2.41
9392,310,6.51
9392,9109,4.42
9393,1470,8.89
9393,8954,3.37
9393,9555,6.04
9394,7052,8.92
9394,9591,9.09
9394,6312,5.57
9395,4225,5.67
9395,6617,2.42
9395,191,7.65
9396,3973,5.83
9396,7666,3.27
9396,6404,8.81
9397,3755,7.89
9397,4387,1.88
9397,4412,7.42
9398,9380,4.56
9398,6757,4.59
9398,1038,1.7
9399,8370,4.06
9399,8220,3.79
9399,1833,9.51
9400,3816,4.93
9400,5952,6.06
9400,8602,4.35
9401,8663,1.8
9401,470,7.64
9401,3098,0.89
9402,3640,4.08
9402,3504,8.47
9402,3390,2.44
9403,7090,0.99
9403,3792,9.23
9403,1858,9.81
9404,125,1.79
9404,6372,6.98
9404,3386,0.93
9405,6509,8.92
9405,4735,8.67
9405,1954,8.71
9406,6749,8.48
9406,4324,5.0
9406,1105,8.54
9407,2633,9.13
9407,5268,0.49
9407,7368,6.05
9408,5744,1.04
9408,4369,3.75
9408,4570,4.58
9409,9101,9.46
9409,4112,9.36
9409,8227,3.39
9410,7666,7.7
9410,1576,4.09
9410,7542,4.99
9411,1311,6.69
9411,6779,2.67
9411,4268,9.3
9412,8337,7.04
9412,2900,1.12
9412,7446,5.33
9413,3769,7.74
9413,1269,6.73
9413,374,1.71
9414,627,7.0
9414,5817,4.87
9414,6864,6.05
9415,4825,1.45
9415,9732,4.71
9415,4343,2.8
9416,6358,7.4
9416,5640,3.45
9416,7219,4.14
9417,3981,8.59
9417,9487,3.04
9417,3240,6.02
9418,7754,0.8
9418,907,3.83
9418,4419,3.76
9419,5921,8.29
9419,834,4.03
9419,2739,7.73
9420,3720,2.74
9420,8910,6.21
9420,8050,9.61
9421,2410,4.91
9421,1738,2.29
9421,6171,9.58
9422,6940,3.29
9422,672,2.72
9422,7677,6.86
9423,681,1.17
9423,318,1.19
9423,6489,4.3
9424,9125,8.56
9424,6499,5.64
9424,4489,2.17
9425,6760,5.76
9425,7836,1.23
9425,5586,4.61
9426,4350,9.69
9426,974,4.04
9426,2594,8.66
9427,7822,2.23
9427,3862,4.85
9427,5175,7.67
9428,2514,2.88
9428,8321,0.98
9428,7212,5.45
9429,8753,2.15
9429,4279,0.59
9429,9411,4.48
9430,2288,8.43
9430,2835,7.06
9430,7822,5.65
9431,9376,0.82
9431,2585,6.63
9431,6140,0.82
9432,9677,8.27
9432,8497,9.58
9432,408,4.79
9433,6898,0.12
9433,7975,2.21
9433,7952,1.45
9434,9356,8.29
9434,7103,1.79
9434,995,1.0
9435,6260,1.06
9435,5023,4.33
9435,5419,5.85
9436,7997,3.73
9436,2857,0.85
9436,7878,1.76
9437,7387,3.16
9437,7886,8.66
9437,7548,5.13
9438,5243,3.62
9438,9972,2.58
9438,4828,3.63
9439,8657,6.23
9439,2199,2.07
9439,4122,8.25
9440,1219,0.33
9440,5015,8.09
9440,4654,3.53
9441,2477,8.62
9441,1725,3.36
9441,4358,1.01
9442,781,8.13
9442,3683,5.01
9442,8866,8.28
9443,3971,9.63
9443,4891,8.41
9443,267,4.16
9444,4590,2.82
9444,3212,6.98
9444,8592,2.75
9445,7179,5.74
9445,9683,6.68
9445,2490,3.07
9446,3242,9.44
9446,7615,4.61
9446,1928,5.88
9447,302,8.34
9447,7739,6.66
9447,6105,6.87
9448,6299,1.19
9448,360,6.11
9448,42,5.97
9449,2369,5.96
9449,161,1.39
9449,5769,4.15
9450,1454,0.42
9450,4226,6.16
9450,1929,2.87
9451,6430,4.36
9451,3002,4.07
9451,9762,4.95
9452,824,5.4
9452,1702,3.43
9452,641,9.71
9453,5959,7.79
9453,5033,1.67
9453,1423,5.87
9454,1827,0.33
9454,239,8.75
9454,8927,2.75
9455,5854,9.96
9455,9340,1.23
9455,3318,4.29
9456,529,8.04
9456,6918,4.72
9456,4646,1.26
9457,163,2.56
9457,9480,8.88
9457,4840,8.05
9458,787,4.92
9458,6376,6.79
9458,4529,9.93
9459,1710,0.35
9459,1360,3.19
9459,1450,6.82
9460,842,5.42
9460,3612,7.59
9460,8684,1.18
9461,6386,4.16
9461,9922,8.49
9461,6567,8.58
9462,3949,1.42
9462,2425,2.49
9462,5511,3.02
9463,6737,7.93
9463,2833,0.99
9463,4668,0.3
9464,9718,0.63
9464,6765,3.07
9464,1042,5.37
9465,7506,0.46
9465,5917,4.56
9465,3383,7.88
9466,5221,6.92
9466,8070,4.46
9466,1459,1.3
9467,6749,2.79
9467,2013,8.28
9467,6640,7.56
9468,2438,1.89
9468,7923,6.05
9468,8086,3.71
9469,8048,8.09
9469,9301,7.01
9469,5908,3.71
9470,923,2.39
9470,8084,5.0
9470,3192,5.67
9471,9481,2.74
9471,7034,7.82
9471,1549,4.25
9472,9739,4.12
9472,9646,8.22
9472,5971,9.73
9473,4197,2.11
9473,5373,4.73
9473,9802,2.84
9474,6904,2.01
9474,1120,7.65
9474,9493,0.19
9475,1457,7.53
9475,6454,9.07
9475,3545,7.86
9476,8128,7.73
9476,1472,5.47
9476,4548,7.59
9477,5853,2.22
9477,3978,7.49
9477,8353,5.44
9478,4478,6.51
9478,7791,2.99
9478,5653,2.27
9479,8264,4.36
9479,1431,2.95
9479,5147,2.86
9480,7254,4.03
9480,3284,7.19
9480,3864,2.78
9481,1440,8.87
9481,6163,0.39
9481,8290,0.47
9482,1502,0.38
9482,9536,2.55
9482,6544,4.19
9483,8019,6.54
9483,8221,4.88
9483,5735,8.7
9484,2296,7.35
9484,4032,6.02
9484,8582,4.98
9485,6245,3.86
9485,3279,9.93
9485,4891,4.52
9486,9850,7.66
9486,2604,5.61
9486,5514,6.81
9487,1801,6.29
9487,8654,0.79
9487,2521,9.05
9488,5629,7.66
9488,1579,3.3
9488,794,9.85
9489,6248,7.5
9489,7463,4.33
9489,8240,4.26
9490,6631,0.63
9490,730,6.2
9490,8210,7.62
9491,4424,8.15
9491,7983,8.72
9491,9921,8.49
9492,7578,9.0
9492,6945,6.11
9492,2544,9.02
9493,8520,6.64
9493,9931,6.63
9493,7825,9.96
9494,9964,6.56
9494,3933,9.59
9494,7325,4.94
9495,5393,3.44
9495,1449,6.41
9495,2515,0.48
9496,1536,0.98
9496,6508,0.66
9496,9865,6.9
9497,3444,3.59
9497,3540,6.5
9497,608,6.76
9498,9841,1.54
9498,7266,7.21
9498,4230,0.86
9499,973,1.29
9499,8099,1.22
9499,6757,9.16
9500,1805,5.2
9500,9286,5.88
9500,9823,5.15
9501,6572,9.79
9501,1147,7.32
9501,4073,2.75
9502,8266,6.01
9502,8513,6.51
9502,6240,2.35
9503,8715,4.34
9503,4862,6.5
9503,1564,2.47
9504,5903,3.96
9504,1808,3.62
9504,6013,4.76
9505,4555,1.88
9505,3376,7.74
9505,614,6.67
9506,6869,7.3
9506,6016,3.83
9506,3007,6.75
9507,2059,9.31
9507,6221,0.33
9507,966,2.91
9508,7898,4.96
9508,1286,4.4
9508,685,5.28
9509,2218,0.98
9509,3347,6.11
9509,5445,6.64
9510,986,7.26
9510,3915,5.48
9510,8042,3.9
9511,4721,2.3
9511,6159,7.31
9511,3953,4.35
9512,2923,6.91
9512,9156,2.91
9512,8887,2.44
9513,956,5.04
9513,2234,1.23
9513,3765,4.35
9514,4220,7.75
9514,4001,0.64
9514,4628,2.83
9515,6918,6.64
9515,1265,4.68
9515,4464,8.23
9516,9279,9.06
9516,6537,5.07
9516,1701,1.38
9517,9136,2.89
9517,6275,4.5
9517,730,7.26
9518,8577,9.78
9518,2404,7.65
9518,6108,3.72
9519,9797,2.41
9519,4665,4.6
9519,5565,7.48
9520,4213,2.74
9520,2225,0.31
9520,8467,6.61
9521,3844,9.47
9521,9626,3.69
9521,3396,1.31
9522,404,7.44
9522,6738,5.95
9522,2339,1.09
9523,1378,7.76
9523,1164,0.5
9523,9731,1.65
9524,2630,4.68
9524,2641,7.41
9524,2912,2.94
9525,8650,1.78
9525,3246,8.08
9525,6283,7.54
9526,5076,0.43
9526,6509,1.89
9526,6435,3.27
9527,7626,2.52
9527,3302,7.64
9527,6618,2.07
9528,8565,1.21
9528,2723,6.35
9528,5115,7.4
9529,9093,0.54
9529,662,1.74
9529,7182,1.66
9530,8261,4.21
9530,5873,9.89
9530,332,2.87
9531,9037,5.36
9531,8758,6.09
9531,8056,4.56
9532,1988,8.88
9532,1077,0.64
9532,9395,0.54
9533,141,0.61
9533,5644,9.74
9533,3198,5.62
9534,4595,4.77
9534,3963,2.26
9534,4140,2.64
9535,5468,4.27
9535,1120,8.82
9535,9866,7.21
9536,3205,6.33
9536,2205,6.3
9536,3698,6.7
9537,2729,4.7
9537,7188,9.66
9537,3038,4.39
9538,1974,4.25
9538,2801,6.16
9538,3610,6.61
9539,1931,7.84
9539,5972,9.83
9539,1597,7.76
9540,4201,9.76
9540,9679,7.64
9540,2979,2.15
9541,5211,1.91
9541,9573,4.82
9541,9679,7.97
9542,847,3.37
9542,8348,5.72
9542,1489,9.52
9543,19,1.2
9543,6275,1.89
9543,4041,7.39
9544,6276,8.16
9544,6578,1.79
9544,2021,1.1
9545,2043,5.52
9545,4420,1.22
9545,3608,9.95
9546,8914,0.21
9546,5894,5.03
9546,8556,9.48
9547,4504,2.98
9547,404,5.63
9547,7831,6.86
9548,5526,5.33
9548,8320,4.89
9548,7387,3.26
9549,461,4.03
9549,8748,9.43
9549,3934,5.97
9550,1149,2.34
9550,9313,2.93
9550,5064,0.35
9551,270,8.9
9551,1793,1.45
9551,9170,2.81
9552,8024,2.51
9552,9408,8.47
9552,242,6.74
9553,9366,1.27
9553,8400,0.77
9553,5452,2.07
9554,5555,8.06
9554,9336,5.81
9554,8252,2.2
9555,3510,0.6
9555,7711,7.9
9555,8201,5.37
9556,1823,0.91
9556,5657,0.8
9556,371,7.71
9557,5241,4.92
9557,830,1.87
9557,7589,4.35
9558,9966,9.5
9558,4554,6.8
9558,6104,7.05
9559,9609,5.5
9559,544,8.77
9559,3075,2.77
9560,9855,4.26
9560,5101,2.78
9560,8222,2.67
9561,2295,4.25
9561,3390,1.32
9561,1183,4.79
9562,3025,6.7
9562,8065,1.04
9562,8381,3.45
9563,4894,2.93
9563,7700,3.79
9563,9459,9.66
9564,4705,0.56
9564,2239,2.07
9564,4451,7.68
9565,7429,0.12
9565,7211,3.84
9565,374,8.22
9566,3368,6.77
9566,2579,9.43
9566,3803,0.3
9567,2266,3.72
9567,3729,3.51
9567,5155,6.95
9568,4538,2.17
9568,6388,7.52
9568,3216,3.32
9569,1615,5.65
9569,7921,2.16
9569,6052,3.23
9570,3762,0.52
9570,7273,2.8
9570,3383,1.91
9571,2619,8.59
9571,680,8.81
9571,7066,7.92
9572,3123,9.17
9572,8585,0.74
9572,1670,1.07
9573,6820,3.3
9573,7997,0.78
9573,641,5.0
9574,1504,8.1
9574,8999,0.95
9574,1500,0.4
9575,8815,7.83
9575,1084,7.97
9575,9382,5.68
9576,204,7.57
9576,9847,2.65
9576,7908,4.52
9577,1544,2.85
9577,9707,1.32
9577,7979,5.43
9578,9315,0.2
9578,9055,9.12
9578,8259,3.17
9579,4542,9.98
9579,2133,2.27
9579,7498,8.14
9580,8030,4.53
9580,3697,4.09
9580,9103,9.51
9581,4957,0.24
9581,9844,4.25
9581,5347,9.65
9582,1759,2.44
9582,4288,6.37
9582,2151,4.06
9583,8880,5.36
9583,4540,0.21
9583,6840,9.48
9584,1154,3.49
9584,9723,7.75
9584,4282,8.69
9585,4725,7.01
9585,4795,7.55
9585,7871,2.68
9586,4232,5.94
9586,1114,2.61
9586,8205,7.19
9587,2945,0.36
9587,5097,1.29
9587,9353,9.63
9588,5173,5.64
9588,2063,2.36
9588,6256,3.7
9589,9776,7.38
9589,4594,7.11
9589,1667,1.68
9590,2510,4.62
9590,9439,2.3
9590,843,4.81
9591,3082,6.39
9591,9768,5.7
9591,945,2.06
9592,3327,2.67
9592,532,5.61
9592,1678,4.18
9593,3516,1.75
9593,8618,0.46
9593,190,7.09
9594,8910,7.87
9594,6249,7.28
9594,8939,4.24
9595,4452,0.47
9595,2313,5.94
9595,8320,4.32
9596,5712,4.83
9596,9301,4.05
9596,1030,8.79
9597,7922,4.19
9597,7389,6.4
9597,5949,3.23
9598,9982,4.27
9598,5021,4.08
9598,1583,0.75
9599,5565,1.98
9599,2404,6.45
9599,6766,0.88
9600,553,4.61
9600,3420,8.17
9600,1843,8.5
9601,8933,3.82
9601,9020,8.91
9601,7143,2.65
9602,5947,2.32
9602,1396,1.24
9602,108,0.64
9603,2855,7.52
9603,811,7.43
9603,5738,1.08
9604,3806,0.76
9604,747,7.3
9604,1344,9.1
9605,1477,6.41
9605,9917,8.84
9605,6065,7.72
9606,9840,9.62
9606,8075,9.68
9606,2485,8.58
9607,1157,7.2
9607,152,8.11
9607,2158,7.63
9608,1577,4.97
9608,8779,7.91
9608,695,7.95
9609,9751,9.15
9609,3224,8.29
9609,5214,4.04
9610,3153,2.54
9610,5950,5.55
9610,306,2.76
9611,8098,1.85
9611,2071,4.0
9611,6566,6.32
9612,4361,2.75
9612,1753,2.23
9612,7895,8.36
9613,9364,3.47
9613,1036,5.95
9613,5837,7.8
9614,9587,7.21
9614,5746,4.28
9614,2693,4.76
9615,7998,0.62
9615,8266,9.46
9615,5497,9.87
9616,927,5.74
9616,3171,9.87
9616,4955,3.79
9617,4684,0.46
9617,5863,8.98
9617,7918,7.8
9618,6833,8.73
9618,6967,6.69
9618,7108,3.32
9619,5919,6.83
9619,7593,1.56
9619,2007,8.85
9620,1572,9.83
9620,6327,5.54
9620,1688,5.37
9621,3544,8.76
9621,7546,5.69
9621,560,6.52
9622,1708,0.31
9622,4557,1.45
9622,1283,1.76
9623,1715,1.87
9623,1008,2.19
9623,1654,8.78
9624,1930,6.62
9624,7126,6.7
9624,2541,8.87
9625,4525,4.08
9625,8237,1.35
9625,8808,9.62
9626,8715,3.9
9626,164,6.68
9626,269,3.53
9627,5696,0.47
9627,8359,9.19
9627,4257,9.87
9628,7667,4.32
9628,7960,8.3
9628,198,1.56
9629,4603,5.63
9629,192,7.5
9629,8175,8.84
9630,8562,3.2
9630,6944,3.6
9630,1455,3.18
9631,6776,6.48
9631,7662,9.43
9631,7412,9.7
9632,8560,1.35
9632,1261,1.63
9632,1055,0.64
9633,2839,0.48
9633,7242,8.11
9633,6125,9.73
9634,5607,7.94
9634,5210,3.46
9634,318,4.36
9635,4931,5.67
9635,2683,4.66
9635,7693,5.95
9636,808,0.28
9636,8564,1.1
9636,7316,8.17
9637,1438,0.84
9637,7630,7.62
9637,1313,9.42
9638,1574,4.78
9638,8000,7.36
9638,5579,7.48
9639,8103,2.07
9639,3661,8.83
9639,4425,0.15
9640,1573,0.2
9640,2752,7.6
9640,2417,0.86
9641,5288,9.4
9641,3737,1.93
9641,1319,7.12
9642,4056,2.27
9642,2660,0.47
9642,6071,9.28
9643,2877,7.99
9643,4331,3.46
9643,4369,1.31
9644,358,3.79
9644,8874,8.49
9644,3605,0.11
9645,3126,4.71
9645,4699,0.72
9645,592,7.62
9646,1422,5.4
9646,6713,9.15
9646,7712,7.3
9647,8824,5.91
9647,1667,7.09
9647,5155,6.68
9648,3979,1.85
9648,7179,6.31
9648,9206,2.71
9649,6121,6.81
9649,8341,3.57
9649,6661,8.64
9650,2750,5.53
9650,2736,7.66
9650,1165,3.4
9651,8751,4.57
9651,4254,3.31
9651,2195,1.07
9652,8403,2.84
9652,2431,0.37
9652,7096,7.76
9653,1997,8.4
9653,6831,9.81
9653,7150,9.05
9654,2981,4.51
9654,912,1.45
9654,6837,7.91
9655,4684,3.4
9655,2426,5.85
9655,3076,1.4
9656,1454,1.11
9656,403,7.24
9656,8957,5.27
9657,7150,2.41
9657,2101,5.11
9657,6185,0.9
9658,2929,9.53
9658,9313,3.56
9658,1739,9.09
9659,6569,7.9
9659,8910,2.79
9659,7757,3.43
9660,7014,6.69
9660,7718,5.93
9660,4684,5.49
9661,336,9.57
9661,5157,4.25
9661,6200,3.78
9662,6735,6.68
9662,3488,7.79
9662,8281,9.91
9663,5512,5.48
9663,5723,5.97
9663,2754,8.57
9664,727,6.39
9664,7878,7.8
9664,293,4.7
9665,2639,5.18
9665,5910,0.95
9665,4243,9.61
9666,5997,5.82
9666,4097,7.6
9666,8618,0.25
9667,3135,9.5
9667,491,2.9
9667,5984,8.92
9668,5251,5.1
9668,313,1.02
9668,3914,9.93
9669,4319,7.91
9669,8940,4.13
9669,9853,1.76
9670,4523,6.96
9670,8312,7.77
9670,5034,1.47
9671,3147,1.46
9671,2106,0.63
9671,6274,2.73
9672,6835,6.89
9672,4252,5.03
9672,4349,1.28
9673,8250,9.48
9673,55,9.73
9673,7339,4.57
9674,6829,4.66
9674,3015,5.28
9674,925,9.43
9675,4686,3.17
9675,5089,1.72
9675,6467,5.13
9676,2416,0.2
9676,98,9.82
9676,4593,7.96
9677,8758,2.25
9677,5507,7.05
9677,4289,9.52
9678,4011,2.5
9678,1778,4.42
9678,8351,1.6
9679,394,6.71
9679,5697,8.26
9679,7704,0.12
9680,5200,3.81
9680,4936,8.48
9680,4977,7.24
9681,9075,8.1
9681,9772,3.52
9681,3332,0.36
9682,3298,6.98
9682,4712,0.78
9682,3700,5.62
9683,797,5.47
9683,5338,6.14
9683,3434,6.46
9684,8940,0.25
9684,4345,5.47
9684,1040,1.89
9685,1211,2.38
9685,6482,8.0
9685,5035,3.33
9686,658,0.56
9686,8194,0.29
9686,8795,4.74
9687,5463,9.72
9687,2681,2.86
9687,4163,2.73
9688,2375,5.74
9688,1513,5.09
9688,3129,2.59
9689,2209,3.54
9689,3559,5.42
9689,6966,5.18
9690,9104,9.33
9690,8597,0.15
9690,7457,0.67
9691,6707,9.07
9691,9136,4.73
9691,8361,7.65
9692,6289,3.99
9692,9976,6.06
9692,5007,1.28
9693,5709,8.74
9693,1294,3.87
9693,7853,8.37
9694,3148,0.23
9694,5207,5.79
9694,2504,1.06
9695,1611,2.98
9695,6900,4.67
9695,7068,1.33
9696,609,6.76
9696,1177,3.83
9696,2554,3.49
9697,4113,1.08
9697,1264,6.71
9697,6969,2.8
9698,6426,4.57
9698,1534,2.7
9698,3051,7.69
9699,2936,4.89
9699,6984,9.58
9699,8595,1.01
9700,5620,5.61
9700,1997,4.92
9700,1917,4.67
9701,7404,8.39
9701,685,7.84
9701,7294,4.05
9702,3418,4.86
9702,5460,9.26
9702,3368,9.28
9703,4530,0.18
9703,9573,2.12
9703,4773,6.37
9704,480,9.16
9704,310,6.92
9704,7711,5.52
9705,3394,1.44
9705,6328,4.27
9705,8681,9.93
9706,8585,1.4
9706,2706,6.33
9706,8885,2.8
9707,8323,7.54
9707,3081,5.86
9707,639,0.58
9708,4473,9.76
9708,7331,5.72
9708,1139,9.75
9709,6569,5.01
9709,4909,7.32
9709,2950,3.53
9710,1472,7.58
9710,1093,2.25
9710,8847,1.28
9711,4408,1.83
9711,6819,5.32
9711,5382,5.32
9712,9231,0.84
9712,6953,5.3
9712,6273,3.0
9713,2059,3.27
9713,4092,3.27
9713,2896,9.97
9714,6063,8.9
9714,1214,3.0
9714,929,4.56
9715,4765,0.2
9715,9656,1.91
9715,6778,1.47
9716,3453,0.57
9716,7472,8.42
9716,6416,4.4
9717,4199,3.49
9717,419,1.98
9717,6794,4.07
9718,4647,9.89
9718,2793,5.54
9718,733,7.5
9719,1711,2.92
9719,2500,4.42
9719,3008,4.35
9720,5497,3.6
9720,3511,1.8
9720,4517,7.24
9721,5685,6.0
9721,2625,0.55
9721,6665,0.75
9722,7671,8.46
9722,469,1.16
9722,2880,4.66
9723,7939,0.32
9723,4008,2.23
9723,2976,5.62
9724,9511,8.55
9724,6667,5.97
9724,1163,4.16
9725,9804,6.64
9725,8891,2.8
9725,1280,4.16
9726,3415,7.74
9726,7474,8.4
9726,1204,2.51
9727,4889,2.86
9727,4870,9.19
9727,5231,7.19
9728,3205,3.53
9728,5581,6.8
9728,6459,5.17
9729,5197,1.32
9729,2741,8.91
9729,5960,4.88
9730,447,4.34
9730,1472,5.81
9730,6830,4.1
9731,2448,2.27
9731,7621,5.31
9731,9713,3.95
9732,1667,5.19
9732,3290,8.19
9732,5131,1.95
9733,9603,7.58
9733,539,3.41
9733,1401,8.01
9734,9107,4.16
9734,4652,2.59
9734,8756,4.01
9735,1377,8.65
9735,4223,9.34
9735,8590,7.43
9736,8681,5.05
9736,4009,5.83
9736,2251,7.34
9737,249,3.81
9737,5942,7.87
9737,5885,2.6
9738,2711,4.25
9738,7034,9.18
9738,3724,2.02
9739,6674,9.67
9739,6840,2.06
9739,7546,2.39
9740,2059,8.52
9740,2933,9.84
9740,9703,3.67
9741,5186,0.92
9741,9187,9.4
9741,9813,4.03
9742,6163,5.48
9742,2076,3.92
9742,3342,5.85
9743,1766,1.58
9743,5173,0.62
9743,330,3.26
9744,4333,5.87
9744,9859,7.37
9744,2836,1.26
9745,8418,0.73
9745,5530,4.27
9745,7977,9.1
9746,1883,3.31
9746,6038,0.95
9746,7038,4.17
9747,9113,5.55
9747,3925,7.37
9747,3718,1.71
9748,2560,6.57
9748,6757,6.59
9748,562,1.61
9749,3830,2.76
9749,4607,3.87
9749,3700,9.4
9750,4817,0.27
9750,533,7.12
9750,3023,9.36
9751,9622,9.79
9751,4809,5.03
9751,2112,1.46
9752,7586,4.76
9752,6225,9.7
9752,8298,4.69
9753,4445,4.42
9753,1740,4.53
9753,418,5.1
9754,7120,5.67
9754,6318,3.3
9754,2796,6.09
9755,3258,4.28
9755,7636,8.66
9755,8619,4.38
9756,5103,3.95
9756,2944,4.34
9756,666,8.25
9757,1395,9.68
9757,1092,4.8
9757,9858,0.69
9758,2782,8.9
9758,7689,4.87
9758,7062,4.93
9759,3989,3.05
9759,8038,8.63
9759,6927,0.28
9760,6894,3.61
9760,350,3.66
9760,9228,0.82
9761,4478,9.45
9761,2783,7.74
9761,8216,9.75
9762,4595,6.08
9762,5553,7.54
9762,5902,3.68
9763,7975,4.74
9763,4817,7.57
9763,1749,5.07
9764,4589,3.63
9764,1426,4.87
9764,3365,6.68
9765,3952,9.44
9765,8824,6.2
9765,6596,4.59
9766,8001,1.54
9766,3173,2.77
9766,6270,5.78
9767,9746,1.08
9767,6627,1.67
9767,1079,7.77
9768,2928,7.06
9768,2471,7.23
9768,500,0.22
9769,2635,7.14
9769,3416,6.15
9769,3978,4.09
9770,955,2.26
9770,8296,8.23
9770,9786,6.65
9771,1669,2.3
9771,4248,8.03
9771,4162,3.33
9772,9317,3.13
9772,8611,7.15
9772,6481,1.89
9773,6167,2.78
9773,9744,9.19
9773,7334,2.75
9774,8402,7.31
9774,8612,0.15
9774,5440,2.01
9775,1824,3.2
9775,3206,7.61
9775,3951,0.93
9776,3840,8.87
9776,2724,6.06
9776,9552,1.97
9777,6280,9.74
9777,830,4.79
9777,7677,7.27
9778,6730,0.78
9778,3451,2.04
9778,9515,6.96
9779,9630,7.71
9779,2593,5.44
9779,2202,4.58
9780,7396,0.3
9780,5390,6.38
9780,3262,9.02
9781,1642,5.32
9781,4544,5.09
9781,3778,5.03
9782,3736,0.52
9782,9557,9.22
9782,8942,2.8
9783,2967,8.3
9783,8917,5.22
9783,1810,3.76
9784,4299,0.84
9784,2743,1.95
9784,2602,4.62
9785,4083,4.49
9785,2303,2.41
9785,4129,8.18
9786,1634,5.32
9786,9726,4.14
9786,4702,9.87
9787,9242,1.23
9787,9606,3.89
9787,4592,1.38
9788,4030,4.83
9788,1301,9.11
9788,630,9.07
9789,962,7.81
9789,1630,5.37
9789,6498,9.31
9790,4362,3.26
9790,1240,1.22
9790,2943,9.53
9791,1285,2.64
9791,4494,3.05
9791,72,2.26
9792,3611,6.05
9792,7891,2.03
9792,2690,0.11
9793,3945,8.34
9793,3156,8.7
9793,9272,5.1
9794,5004,7.41
9794,5717,1.56
9794,8778,5.74
9795,4791,9.16
9795,9750,4.79
9795,4066,7.51
9796,6420,5.78
9796,2181,8.9
9796,2981,6.95
9797,5774,1.54
9797,1391,3.28
9797,3690,9.64
9798,3435,5.88
9798,8361,4.31
9798,5085,2.44
9799,9819,9.56
9799,5212,3.65
9799,463,3.47
9800,4551,8.51
9800,6246,5.41
9800,7177,6.76
9801,5074,8.67
9801,4038,5.27
9801,6182,5.75
9802,7528,7.07
9802,1525,3.77
9802,8137,3.09
9803,8384,4.85
9803,7188,5.25
9803,5767,3.63
9804,8945,4.83
9804,7276,1.86
9804,9626,0.18
9805,7034,3.11
9805,2664,1.61
9805,1910,2.06
9806,3300,7.18
9806,2182,3.6
9806,7659,8.39
9807,8566,6.85
9807,4885,2.28
9807,2132,4.36
9808,3042,6.62
9808,1761,4.84
9808,6464,2.08
9809,5006,9.24
9809,6868,8.94
9809,2003,3.7
9810,4023,3.68
9810,6542,9.54
9810,9302,3.41
9811,5779,6.39
9811,8866,1.98
9811,5015,5.53
9812,3814,7.32
9812,6734,4.91
9812,9640,6.27
9813,6683,0.38
9813,9116,3.69
9813,4654,3.24
9814,5095,5.28
9814,9393,1.0
9814,5077,8.36
9815,6806,0.66
9815,2040,5.9
9815,8429,5.1
9816,1543,9.1
9816,254,8.61
9816,4023,2.3
9817,6521,7.76
9817,8112,6.86
9817,4771,3.18
9818,8702,5.68
9818,3523,9.5
9818,5102,3.69
9819,9246,7.79
9819,5199,3.49
9819,1512,4.25
9820,9333,4.93
9820,1403,3.65
9820,8926,4.02
9821,8748,2.06
9821,6814,6.31
9821,6336,6.78
9822,3156,2.48
9822,2477,0.32
9822,1169,8.07
9823,7296,3.84
9823,4637,7.39
9823,4622,8.8
9824,2617,7.64
9824,385,2.14
9824,8292,8.76
9825,6535,6.6
9825,5972,5.69
9825,2484,3.39
9826,7439,9.1
9826,1154,7.2
9826,474,1.78
9827,1989,8.42
9827,4332,1.19
9827,9576,3.83
9828,1340,4.9
9828,6960,0.85
9828,1702,5.83
9829,6694,0.22
9829,5138,8.95
9829,8806,3.83
9830,7789,1.81
9830,8386,0.29
9830,9554,8.93
9831,896,7.52
9831,627,3.16
9831,7957,7.68
9832,3662,9.29
9832,8955,4.82
9832,10,2.72
9833,6619,2.72
9833,1834,7.67
9833,9595,4.4
9834,8142,7.08
9834,6128,4.18
9834,4785,0.64
9835,2264,2.19
9835,8966,0.59
9835,7140,4.05
9836,2522,8.65
9836,6578,4.8
9836,865,9.37
9837,1102,1.92
9837,4070,9.07
9837,4757,3.04
9838,9789,5.42
9838,6224,8.91
9838,3866,7.02
9839,2945,7.06
9839,573,9.38
9839,1016,4.04
9840,8415,5.44
9840,7194,6.64
9840,618,5.59
9841,6273,6.65
9841,496,7.09
9841,7667,4.69
9842,2796,7.65
9842,2944,5.38
9842,7851,9.47
9843,5537,5.71
9843,8209,2.64
9843,2283,1.56
9844,2500,5.02
9844,6885,3.75
9844,3526,5.24
9845,3169,9.79
9845,3385,9.5
9845,8888,9.31
9846,7265,3.74
9846,7987,6.35
9846,616,6.6
9847,6182,6.69
9847,6219,8.82
9847,4352,3.24
9848,2498,4.13
9848,8060,3.27
9848,2929,9.29
9849,6656,1.93
9849,4613,4.22
9849,9401,5.58
9850,2829,2.28
9850,3015,8.8
9850,1274,5.9
9851,2113,9.19
9851,9318,9.22
9851,5775,8.28
9852,9624,5.22
9852,612,8.71
9852,579,8.78
9853,7071,3.94
9853,8788,1.35
9853,1543,6.82
9854,360,4.99
9854,3701,3.45
9854,9204,6.22
9855,165,7.21
9855,8900,3.5
9855,9808,6.17
9856,3780,0.79
9856,2466,5.99
9856,6850,7.86
9857,2764,8.45
9857,6261,7.46
9857,4853,1.3
9858,5939,0.86
9858,1947,3.45
9858,7882,9.55
9859,8763,8.15
9859,8619,5.08
9859,4492,0.93
9860,5613,9.56
9860,3586,1.31
9860,6980,9.09
9861,7199,7.65
9861,1874,8.4
9861,6810,9.68
9862,5230,5.3
9862,9020,3.59
9862,7799,1.44
9863,4449,4.48
9863,1298,1.11
9863,7978,2.09
9864,5431,2.57
9864,1311,1.92
9864,4362,6.85
9865,1288,8.92
9865,3663,0.88
9865,1080,9.93
9866,6484,6.01
9866,7059,4.67
9866,3075,7.26
9867,9808,6.6
9867,2999,7.14
9867,7962,7.06
9868,7111,9.21
9868,6449,5.65
9868,8570,6.37
9869,8649,0.7
9869,5673,5.05
9869,8192,8.83
9870,5213,0.37
9870,9103,4.25
9870,9488,9.86
9871,8021,3.8
9871,7503,9.02
9871,7048,2.13
9872,812,0.56
9872,7306,5.08
9872,6207,4.86
9873,2043,2.42
9873,691,7.11
9873,1860,3.2
9874,2858,2.49
9874,479,0.75
9874,8105,5.28
9875,3369,3.24
9875,3589,7.14
9875,6497,6.77
9876,7955,1.21
9876,4629,9.38
9876,5116,4.81
9877,4674,1.34
9877,371,5.96
9877,4143,3.17
9878,6811,3.25
9878,3112,6.71
9878,2765,0.86
9879,7792,3.3
9879,361,9.7
9879,8536,3.68
9880,4050,8.59
9880,3916,3.79
9880,2250,9.96
9881,7914,3.9
9881,2369,9.55
9881,5582,3.27
9882,2757,3.87
9882,1948,9.54
9882,7261,5.23
9883,5046,9.82
9883,3410,3.15
9883,8770,4.74
9884,6124,3.8
9884,3049,4.27
9884,9334,1.99
9885,9051,8.07
9885,4924,5.8
9885,6758,9.78
9886,7540,5.06
9886,9308,6.52
9886,1505,7.7
9887,418,7.63
9887,6098,4.43
9887,30,3.24
9888,90,5.61
9888,2928,8.96
9888,392,3.46
9889,5560,8.27
9889,6535,7.13
9889,7469,1.47
9890,5914,0.59
9890,2847,1.5
9890,7195,4.45
9891,5307,0.66
9891,1011,1.67
9891,5115,3.72
9892,6343,2.31
9892,1209,3.15
9892,7202,1.6
9893,9608,5.0
9893,5092,6.45
9893,7640,5.0
9894,7297,5.58
9894,1254,4.49
9894,1086,2.49
9895,2232,6.06
9895,1809,0.96
9895,7187,5.78
9896,6061,0.51
9896,2200,4.18
9896,5470,2.41
9897,4539,7.2
9897,280,1.06
9897,8614,5.36
9898,9953,6.21
9898,4175,4.09
9898,828,5.04
9899,6639,1.39
9899,7488,4.41
9899,5216,2.34
9900,4225,3.9
9900,5884,5.02
9900,7467,7.46
9901,4021,9.48
9901,1004,6.73
9901,8560,5.16
9902,9145,9.36
9902,9278,5.53
9902,6353,7.11
9903,165,7.63
9903,3970,7.92
9903,7101,3.89
9904,366,7.17
9904,8123,1.15
9904,4310,9.18
9905,9770,8.99
9905,7903,3.79
9905,4158,3.5
9906,7201,4.09
9906,951,6.33
9906,1941,9.49
9907,9525,2.38
9907,3745,7.73
9907,6837,6.2
9908,2340,5.84
9908,4200,9.83
9908,6448,7.45
9909,5768,3.12
9909,3881,1.79
9909,7545,8.24
9910,268,0.92
9910,7183,7.59
9910,3239,4.12
9911,4067,0.67
9911,5109,2.98
9911,8862,6.23
9912,3433,8.59
9912,1100,1.93
9912,755,1.06
9913,3547,2.36
9913,5178,2.86
9913,8296,1.33
9914,1619,9.09
9914,636,0.22
9914,5173,2.67
9915,8195,3.59
9915,2927,1.71
9915,1314,6.4
9916,7232,6.13
9916,7870,2.08
9916,1817,7.34
9917,8509,0.24
9917,7375,1.83
9917,4865,6.29
9918,7502,1.42
9918,825,0.62
9918,1574,1.13
9919,5326,8.66
9919,7075,2.12
9919,3912,8.53
9920,3669,2.64
9920,6909,2.82
9920,4488,5.66
9921,4709,2.17
9921,2450,6.25
9921,5016,4.82
9922,1526,0.64
9922,9786,2.25
9922,9748,0.14
9923,7206,0.15
9923,1534,6.11
9923,8088,8.9
9924,3325,5.16
9924,2242,7.43
9924,8120,6.04
9925,1488,7.72
9925,176,4.25
9925,9816,1.82
9926,4210,2.49
9926,2361,4.83
9926,9373,9.1
9927,9664,8.13
9927,7848,1.84
9927,8723,2.11
9928,69,0.53
9928,6049,5.22
9928,5725,5.68
9929,2205,5.67
9929,9119,2.82
9929,6067,1.97
9930,2277,5.44
9930,5989,8.32
9930,4453,0.25
9931,2499,5.95
9931,9146,9.3
9931,3932,4.68
9932,9931,2.55
9932,9363,6.59
9932,9053,8.23
9933,863,3.12
9933,2109,4.69
9933,6088,9.39
9934,7205,4.16
9934,6336,6.69
9934,5365,0.67
9935,4818,6.67
9935,2001,7.16
9935,9809,3.36
9936,743,2.51
9936,54,1.59
9936,8885,8.09
9937,1937,1.21
9937,7058,8.17
9937,4094,2.6
9938,9315,5.13
9938,2818,2.36
9938,7155,3.49
9939,9747,0.21
9939,9269,4.94
9939,87,5.15
9940,5985,6.02
9940,8028,5.7
9940,9437,4.09
9941,9067,6.96
9941,1114,5.91
9941,1025,6.63
9942,6392,3.91
9942,1327,8.09
9942,8399,0.77
9943,3811,0.53
9943,2013,1.14
9943,8717,3.66
9944,9029,8.31
9944,9726,7.5
9944,3211,9.29
9945,1475,8.4
9945,4288,8.98
9945,8285,8.47
9946,9058,5.18
9946,1284,2.2
9946,5914,9.13
9947,1073,4.3
9947,3837,7.22
9947,7483,7.44
9948,110,3.79
9948,3673,3.1
9948,699,0.33
9949,8724,9.9
9949,9364,0.68
9949,4618,0.6
9950,3838,0.55
9950,8456,1.62
9950,369,6.1
9951,1624,1.65
9951,6044,5.02
9951,2352,5.8
9952,3332,2.51
9952,6132,7.59
9952,592,4.83
9953,35,7.8
9953,5036,2.4
9953,9962,0.33
9954,2442,4.21
9954,2928,5.12
9954,2652,2.87
9955,4992,5.77
9955,771,5.36
9955,1966,8.34
9956,1105,8.67
9956,5796,8.05
9956,7992,8.59
9957,5648,0.27
9957,724,0.11
9957,4536,4.18
9958,3580,5.4
9958,6193,5.04
9958,4984,9.6
9959,3924,3.75
9959,3992,7.47
9959,8610,4.17
9960,7561,2.66
9960,9569,1.38
9960,4070,8.41
9961,3928,7.14
9961,8862,9.27
9961,6172,4.43
9962,3744,1.69
9962,8857,4.85
9962,3604,7.7
9963,1812,5.26
9963,6758,0.91
9963,7123,9.57
9964,1979,8.11
9964,3600,8.44
9964,2460,8.01
9965,3892,6.63
9965,5298,7.02
9965,2425,4.91
9966,5084,6.67
9966,4296,3.89
9966,4150,8.24
9967,632,4.65
9967,3105,8.28
9967,1695,7.12
9968,9408,2.16
9968,3516,6.54
9968,9773,0.57
9969,1954,4.41
9969,5127,2.58
9969,8374,9.94
9970,7390,3.02
9970,6832,2.31
9970,898,3.59
9971,3192,6.56
9971,4328,9.33
9971,7433,9.81
9972,9706,8.91
9972,5210,5.22
9972,2127,1.16
9973,2921,5.28
9973,2371,5.04
9973,1239,6.96
9974,4722,4.69
9974,4270,2.28
9974,4661,8.69
9975,3162,0.13
9975,259,1.18
9975,129,8.42
9976,6760,3.77
9976,6134,3.92
9976,2491,7.2
9977,7324,3.14
9977,8308,8.84
9977,5614,6.41
9978,5029,5.16
9978,6265,5.58
9978,8773,8.59
9979,2944,8.45
9979,2900,2.45
9979,2318,0.42
9980,7915,3.14
9980,4297,6.62
9980,7777,3.4
9981,900,3.56
9981,3998,4.85
9981,8553,9.32
9982,754,7.87
9982,1714,3.16
9982,6298,9.43
9983,4446,4.02
9983,7205,3.69
9983,3809,1.14
9984,6919,0.84
9984,8825,7.3
9984,1621,0.74
9985,9356,4.35
9985,2602,1.69
9985,47,0.4
9986,5695,6.01
9986,3461,5.17
9986,7216,2.94
9987,5507,5.54
9987,6762,7.98
9987,9260,5.66
9988,1598,8.99
9988,6926,4.92
9988,7390,8.41
9989,5626,5.08
9989,6541,8.96
9989,5247,3.38
9990,219,8.99
9990,9095,2.9
9990,3993,1.16
9991,2861,6.84
9991,1353,8.49
9991,7274,2.75
9992,1159,5.57
9992,4623,2.42
9992,7675,0.72
9993,8841,0.37
9993,6824,0.75
9993,1511,3.9
9994,1602,4.96
9994,8598,9.23
9994,766,9.22
9995,5334,9.01
9995,9308,8.19
9995,7552,5.28
9996,1832,5.25
9996,844,0.79
9996,9071,9.33
9997,6967,4.92
9997,748,6.34
9997,2490,8.75
9998,5718,7.79
9998,9842,8.47
9998,2909,7.67
9999,2422,4.99
9999,4870,2.27
9999,9918,1.11
