u,v,weight
0,4580,830.2203887939971
1,3764,49.28334834373399
1,4205,36.765662830327706
1,1042,277.0583820264522
1,840,116.27988531933053
2,846,144.78743868500658
2,840,153.99823479681146
2,3,276.9171429706959
2,777,271.750347767694
3,2,276.917142970696
3,3902,220.28942823214038
3,3848,145.0894945563644
4,2703,103.89389361215191
4,413,183.77739717661777
4,843,142.40714839173788
5,3472,26.226751111866033
5,2663,5.246260748880662
5,418,77.31415166302477
6,3264,69.03790908310118
7,1836,75.53165932830589
7,798,74.90465815097096
7,2662,83.49010881858575
7,1079,74.56070493645164
8,4469,398.78838077518884
8,9,252.26294961282665
10,4574,1278.9287355748684
11,2928,9.740014956229786
11,817,65.75533303760557
12,4588,11.821169242104892
12,11,52.88489551686186
13,827,94.28317211537993
13,799,97.90171134047367
13,2715,70.49939103359937
14,564,57.11216329807057
14,562,126.18407886220841
14,3146,175.18299519561367
14,192,97.17655398396357
15,16,155.7883907492503
16,3971,222.88197910856786
16,17,251.32553145069468
17,3880,408.519065417833
17,842,238.2057794914215
18,21,59.688168227254295
18,3764,515.4552368207866
19,2382,32.09892676605056
19,3770,42.76065649056354
20,4455,219.8838004673861
20,4455,219.00168124471213
21,3733,11.3177162966259
21,18,59.688168227254295
21,1124,300.9907767700147
22,2449,23.48016201363265
22,2450,86.72387170757521
23,3383,5.461070100390637
23,3385,157.65145341987593
24,3686,101.02997095472541
24,25,227.60633566338203
24,246,66.96395753463216
25,24,227.60633566338203
25,3698,77.00406101014195
25,2278,213.95803189957184
26,1066,97.93216866753414
26,2266,127.55572095090967
27,28,342.69966609281414
27,1203,202.35831138321066
27,3050,165.45969459242104
28,31,515.6930848478779
28,27,342.6996660928143
29,956,51.839041134669664
29,955,65.30550725839322
30,4583,10.676530971408852
30,1209,22.46038728648663
31,775,61.02381735941181
32,954,186.6611221626952
32,28,104.06481856040398
33,2283,471.412269071281
33,924,292.52245752842776
33,922,155.4455645875771
34,2853,114.36544984134018
34,1985,42.0354920036256
34,118,279.6312436838608
34,110,108.995475233106
35,1984,118.30524809637643
35,110,51.84256158741624
35,111,25.249454776940844
36,3060,151.95591582962234
36,1982,132.3910655478422
36,3097,12.78102514419703
37,1992,150.71213306653107
37,4409,64.01877250486177
37,3188,36.16538480362064
38,3862,94.58705917515631
38,1992,43.005540833486606
38,3861,1363.5523686577196
38,2666,81.43726700698612
39,1496,137.08604453919892
39,4081,98.72850323967879
39,194,206.53950047739752
39,2742,96.0361432585329
40,1497,132.57652990969214
40,2742,71.28744588580398
40,924,179.35290422563463
41,2451,15.983769241825346
41,2765,67.06621850842969
42,445,74.80158556507908
42,1171,74.2979657181212
42,22,316.02759276615285
43,2410,2261.2034988051214
44,843,120.720734842697
44,3971,178.77945305480085
45,17,139.98476984404988
45,44,87.57314148553351
46,190,134.18524525783909
46,573,103.50584684998482
46,4078,80.14516760495506
46,3288,79.16226491052966
47,48,101.10330401476699
47,595,81.20751754581069
47,416,77.34397191806745
47,3510,65.47223232352516
48,807,83.01075105809664
48,49,117.53389511316422
48,47,101.10330401476699
49,48,117.53389511316422
49,4057,89.92880378114603
49,806,86.13788315650388
50,3871,11.150898103610038
50,426,106.41268259455728
50,4055,66.79930480129028
51,3269,19.116940189860284
51,2123,163.11642215002507
51,4518,94.71967785110235
52,558,5.825089949163891
52,2597,69.21425426788255
53,552,21.44261906917104
53,2656,113.65579138057969
54,55,31.02828791364386
55,4035,82.49257690950094
55,2651,29.555845087700582
56,57,307.56274648557195
57,551,310.33174234346683
57,465,155.68066576369222
58,2080,963.9504523250738
58,1965,148.46597325343072
58,1127,187.01549313995912
59,3699,92.35130879164919
59,349,111.92153576547615
59,354,34.7454126029804
60,61,88.7222381075373
60,356,54.626792231777586
61,3348,82.15729052467782
62,4335,32.77762433507585
62,244,59.85764338412315
63,3719,59.57891119680628
64,4427,10.170213574844313
64,225,21.85418587144223
64,3611,59.68608585037881
64,473,86.52206783702998
65,3607,195.89270688293774
65,4430,58.600049581174986
65,475,48.377634790531545
66,4421,4.542286037896958
66,67,75.42253338056321
67,4420,4.766987830007118
67,68,48.96015838778747
68,3541,26.54538126748754
68,4419,4.299913492062655
69,4360,36.35045698947441
69,179,24.935234007142014
70,480,99.46215213161787
70,3544,131.10350616680284
70,4360,187.687448122112
71,4284,111.48131452358945
71,3351,16.26872134853337
71,2653,84.08524914045974
71,4182,79.47418235865945
72,197,99.51208152895138
72,87,112.18504867731983
72,74,63.93359936542123
73,88,168.59347444111165
73,72,151.26104492475824
73,3714,23.176631528533818
74,2243,79.61612380991546
75,2244,8.952872139899801
75,84,78.03373589870345
75,78,87.19445302997434
76,74,176.92453033556995
76,86,194.45665036656894
77,83,118.34272802429231
77,78,69.14771056440513
77,82,110.3473384190859
78,84,62.307877172974756
78,77,69.14771056440513
78,75,87.19445302997433
79,3515,2285.7796185949733
79,81,1141.796324340737
79,345,125.57237696563115
79,3516,130.7583606410049
80,320,17.029542640855194
80,3105,315.9456551337227
80,3516,545.0852204138242
81,3190,351.6612401929432
81,79,1141.7963243407373
82,4339,58.33057071328262
82,77,110.34733841908592
83,84,56.03611824356607
83,4156,30.27206389218984
83,4527,77.60601496560776
83,77,118.34272802429233
84,83,56.03611824356607
84,747,266.3447630060189
84,75,78.03373589870345
84,78,62.307877172974756
85,748,161.15802466349183
86,87,15.350845171713194
86,76,194.456650366569
86,198,110.06720523022811
87,86,15.350845171713194
87,88,99.77041115955791
87,74,99.56321868584443
87,72,112.18504867731983
88,89,81.225969021446
88,87,99.7704111595579
89,90,111.7938035181744
89,88,81.225969021446
89,338,118.3052109202422
90,89,111.7938035181744
90,336,113.31589900354294
90,91,82.14255431886366
90,2476,39.88699675363497
91,2469,61.44538009238957
91,3116,45.90205126216795
91,1935,110.52279179038203
91,90,82.14255431886366
92,3075,42.73671898602515
92,93,50.26076076258699
92,3479,203.43669286300906
93,326,126.063277573192
93,4291,37.6556110664421
93,3480,161.73279523128554
93,92,50.26076076258699
94,3447,78.73395443573465
94,4278,50.21710625746597
95,3477,95.87505059539896
95,3480,143.9983350841679
96,1465,76.35491842449292
96,1469,168.05737141271854
96,97,145.1919066248623
97,600,56.90365033435931
97,602,101.67999776984577
97,96,145.19190662486227
97,1662,117.21266055165076
98,4211,58.96603536213914
98,1465,16.14004767446956
98,1664,109.5977358742842
99,4380,79.81278281026394
99,96,85.42485008227119
99,1816,61.57630776094842
100,3867,114.94655532522005
100,101,115.12493008319413
100,772,98.13063538080647
100,2691,64.888362432795
101,770,56.54070526969474
101,767,70.63845002900202
101,100,115.12493008319413
102,771,56.30611601026753
102,676,87.6738232419681
103,1177,86.01642220480981
103,455,167.2974659915321
103,687,112.25857664297013
104,3315,120.70054349194447
104,560,71.70985190990893
105,106,192.99103105908728
105,109,56.18360303658858
105,108,159.8425675604012
106,108,85.45623494796298
106,107,176.1791692865483
106,105,192.99103105908728
107,106,176.17916928654827
108,3186,144.3082205812122
108,106,85.45623494796297
108,3097,110.03837528499639
108,105,159.8425675604012
109,1982,67.49971665440005
109,3188,77.63101228130758
109,105,56.18360303658858
110,4220,209.75414634408548
110,34,108.99547523310599
110,35,51.84256158741624
111,116,136.8731749782126
111,35,25.249454776940844
111,112,70.05099317773661
112,113,62.87758897477832
112,115,298.51259215505667
112,111,70.05099317773661
113,112,62.87758897477832
113,114,72.47940431440897
114,113,72.47940431440897
114,4222,26.178001481911906
114,1988,365.2883248158009
115,116,119.90329543826127
115,119,73.13530325249957
115,112,298.5125921550567
116,115,119.90329543826128
116,1986,24.510172935160263
116,111,136.8731749782126
117,113,273.60546903713913
117,120,92.78794844639563
117,1987,100.680275212345
118,34,279.6312436838609
118,4178,203.68630338374837
118,3613,126.33469093023332
118,119,49.33894055230574
119,115,73.13530325249957
119,1987,24.384844618359228
119,118,49.33894055230574
120,121,85.412659032817
120,117,92.78794844639563
121,124,57.43036382315427
121,123,206.60547004161884
121,120,85.41265903281699
122,133,90.96865385546695
122,4178,27.83961242351839
122,2089,47.70569482023676
122,4179,27.214761277406254
123,121,206.6054700416188
124,121,57.43036382315427
125,3096,13.121812656769784
125,126,104.16199317837122
125,131,42.319711998538935
126,392,96.94485346920045
126,125,104.16199317837122
126,3095,116.60426836678882
127,3911,6.291377332784623
127,131,208.56385652996954
127,128,104.70591339794123
128,132,84.91861098326218
128,130,127.79588174807235
128,127,104.70591339794126
128,129,133.79968353594478
129,4179,4.116056619059524
129,128,133.79968353594478
129,130,131.44406688679447
130,131,147.14101451235112
130,129,131.44406688679447
130,128,127.79588174807235
131,130,147.1410145123511
131,125,42.319711998538935
131,127,208.5638565299695
132,128,84.91861098326218
132,136,80.01125470255812
132,3811,121.61574774701467
133,2092,111.82321836333709
133,122,90.96865385546695
133,2088,58.81836240024316
134,136,156.16100189080657
134,4521,371.22042762133316
134,2089,164.20277387531132
135,3911,159.48787509993093
135,3614,71.04315672871388
135,136,89.06799155183309
135,137,140.15718943123903
136,132,80.01125470255812
136,135,89.0679915518331
136,134,156.16100189080657
137,4247,150.5035462787948
137,135,140.15718943123903
137,140,209.52227156124218
138,3614,25.535540897040573
138,139,155.18481836080798
138,147,64.55568754128453
139,138,155.18481836080798
139,149,121.04078856709936
139,3911,98.01646833134889
140,3091,174.60464223220828
140,141,64.55385313262309
140,137,209.52227156124218
141,142,161.28735767455282
141,918,509.8737635950306
141,140,64.55385313262309
142,2386,29.11751073774377
142,141,161.2873576745528
142,3614,294.12487814916557
143,2386,74.2696943180681
143,3372,51.75119173325331
143,151,146.7896086176779
144,4457,105.60916548816137
144,148,70.64523008224606
144,145,63.959296916344336
145,146,97.0979186717202
145,144,63.959296916344336
145,3011,29.01105333452233
146,145,97.09791867172018
146,3013,61.81886009861175
146,147,93.51372720031006
147,146,93.51372720031007
147,148,115.86364417726682
147,138,64.55568754128453
148,2033,66.85737789467159
148,144,70.64523008224606
148,147,115.8636441772668
149,2033,70.83584480450376
149,139,121.04078856709936
149,392,170.4068384380956
150,4457,16.624854478379238
150,919,97.50193227544919
151,152,56.7870257663388
151,143,146.7896086176779
151,154,162.17739980404576
152,2386,111.32873514248541
152,151,56.78702576633881
152,153,169.0424307928618
153,152,169.04243079286178
154,2746,40.37984472930198
154,4248,147.7567747914875
154,151,162.17739980404576
155,150,21.973002602370883
155,2084,29.076534291023624
156,157,14.776357210094108
156,158,22.047681504376637
157,3702,515.2748662450513
158,150,34.93572426603964
158,2084,26.817438213467554
159,4457,219.23441897770505
160,3176,623.0861915174364
160,961,451.1618017141601
160,959,209.4179587665424
160,4480,51.787521057026936
161,950,527.2355694655853
162,163,71.0138961073498
162,4484,61.64259275455458
162,3910,123.43737205068518
163,1202,98.20807206772746
163,4576,92.0238445232683
164,170,52.2703588137245
164,4481,202.5626493089269
164,3053,30.850554964805625
165,166,38.888621802711334
165,3053,67.01097615225962
165,3225,150.17399338302872
166,2836,5.264042944649457
166,165,38.888621802711334
166,1202,85.21221329276278
167,4482,13.768932617455638
167,4585,664.9010595960146
168,4482,161.59971154911065
168,172,100.96009134746444
168,169,81.07834380857454
169,184,147.37887903399542
169,168,81.07834380857454
170,3054,71.02123532832589
170,164,52.2703588137245
170,171,69.89398823725416
171,169,58.77714108968583
172,173,81.34405329283263
172,1955,137.04417099557543
172,2755,72.2375893813252
172,168,100.96009134746444
173,172,81.34405329283263
173,850,185.50279854457193
173,2366,79.0122883161039
173,174,85.71488134810463
174,4080,34.79143407133153
174,921,175.65007020497004
174,173,85.71488134810461
175,4015,122.70018972610407
175,393,242.88843957893388
175,184,82.46076829905842
176,4597,50.2540371144289
176,177,73.68544790923616
176,4036,27.747731376375086
177,2793,58.22748266261394
177,176,73.68544790923616
178,4231,11.79048186728557
178,223,55.3711893256815
178,328,96.83003460314563
179,180,56.407386711775445
180,553,34.57150766565388
180,183,36.35992177330233
181,3530,191.68324359060648
181,240,54.68761236916358
181,3807,176.67406450046315
182,2487,21.559460727406126
182,4045,85.27132446598279
183,4141,181.74432931317207
183,3529,14.39514709403704
184,3224,99.62273364140755
184,175,82.4607682990584
184,951,134.19575690090375
185,439,85.76060778318488
185,440,183.49023741311436
185,399,182.47014671957697
186,428,70.03079591348474
186,440,92.50088714412792
187,442,76.10718615529548
187,432,99.27082237571095
187,404,105.03845365206617
188,189,92.32256791964862
188,432,85.96360593053575
189,446,69.51289226726514
189,4199,127.83449009941174
189,188,95.66976594897119
189,4518,41.0713550644806
190,46,134.18524525783909
190,3510,66.90273780639373
190,594,72.90100891235315
190,191,80.61675393354327
191,592,65.41935073408709
191,593,99.10383878431425
191,564,106.27796950372313
191,190,80.61675393354327
192,396,78.60809491770458
192,415,118.23045915639473
192,656,167.51916627540203
192,14,97.17655398396357
193,781,85.48277304624044
193,783,67.17474579731721
193,3700,45.84958921020154
194,2096,273.23947359847386
194,1117,111.07481566412
194,39,206.53950047739755
195,3093,100.67650081564048
195,4523,53.88454200855645
196,2468,75.53335332658965
196,336,87.7008834082631
197,707,72.11680389901016
197,72,99.5120815289514
197,754,110.76356244724441
197,2795,158.40633687800621
198,2792,214.78359747816899
198,86,110.06720523022811
198,199,196.90135242611242
199,3448,11.588925100936285
199,198,196.9013524261124
199,4477,10.957567431584799
200,3500,79.86906637185338
200,3448,213.2640546737676
200,3650,67.57904715524987
200,3151,34.98964703158883
201,3359,7.114706112351132
202,710,177.14937718637375
202,3945,116.9119875352854
202,706,105.22037076459841
203,3212,20.044097639079595
203,202,226.81110725466817
203,3214,143.5891214644435
203,388,73.84311602076406
204,205,92.94875822942538
204,4298,15.108727212996074
205,725,49.10951324014984
205,4160,81.56914752541319
205,204,92.94875822942537
206,724,99.6783292823165
206,205,78.38628954834968
207,4405,50.46045708237427
207,3462,15.781647539510995
207,3461,42.396070962787505
208,4163,107.02014459562668
208,4165,298.0377586148652
208,4110,49.88509978629881
209,703,80.85241382826565
209,744,62.85596759204415
209,211,331.80989028583406
209,384,82.8898060356106
210,744,89.91822494282442
210,2708,81.11834860140077
211,387,9.147703800485155
211,209,331.80989028583406
211,212,18.192680174004078
212,3103,105.53714153412687
212,211,18.192680174004074
212,2805,239.06788846752656
213,3063,54.639739994609
213,3675,113.3018582880819
213,2567,63.44891428351159
214,2112,187.16442605374556
214,2171,133.86397315545483
214,3847,41.911211765776066
214,3673,101.66186184109932
215,3061,22.306771179802432
215,2251,107.42706232915998
215,216,97.00782208938216
216,2248,6.714910695377748
216,217,33.741857262044185
216,215,97.00782208938216
217,4065,59.30749898776834
217,356,101.75492286311291
218,245,125.69756917294443
218,2251,147.42509097914254
218,2171,117.28453638952254
219,4204,571.0980537084201
219,3666,21.47215390242403
219,379,134.65522102279084
220,4204,144.48649577672765
220,377,90.65862299270117
220,2172,336.2576426351927
221,3019,96.6396194744806
221,2174,168.50629735657475
221,2173,469.5527125639553
222,3218,338.69076219241157
222,3462,127.77778384787663
222,3019,15.566636975057401
223,333,74.39854477753423
223,4231,55.18143630284832
223,2431,199.21672367868558
223,773,84.00247436392978
224,4049,40.92079101210616
224,1830,165.197295694242
224,4050,77.22206374713723
225,2965,158.79381259498547
226,3447,187.41835036609058
227,228,38.86970178045994
227,3455,69.2231055842056
228,3455,40.505548487631806
228,325,142.65855574402988
229,2868,75.47420965072753
229,550,31.6194762495505
230,467,9.008529736093445
230,2348,24.33350347883109
231,462,77.91127374002244
231,2953,77.39890100080075
231,2959,41.423995767743996
231,585,49.92620229448134
232,468,94.42481071586036
232,2958,34.93633123318861
232,581,75.98525988290635
233,469,74.11876843618128
233,4486,141.7473240479454
233,463,77.92352110190826
233,581,75.79665331440816
234,548,28.83433892486266
234,461,47.575057791094274
235,236,158.56629142686938
235,182,41.649074295418515
236,1920,162.66027437863343
236,239,44.05577077768019
236,235,158.56629142686938
237,238,312.70253087196204
237,4045,158.0351530027128
237,2391,86.98342568549259
238,3362,7.9853807067690985
238,273,57.313047233388204
238,237,312.7025308719621
239,2712,154.11889599645383
239,1920,236.32413054610785
239,236,44.05577077768019
240,4365,515.3391693210509
240,181,54.68761236916358
241,66,5.1904388540286
241,4431,64.45695853364876
242,2655,122.91554764646654
243,1215,178.19480563199497
243,1214,88.95046885745367
244,4334,67.85301521071402
244,3475,95.13190655388615
245,218,125.69756917294441
245,358,86.24997345200718
245,2973,171.23660445954562
246,3680,111.98010614994742
246,367,131.3373943311334
246,24,66.96395753463216
247,3178,59.83615935005728
247,1538,60.55965156867417
248,2306,43.1088687840379
248,3164,42.4841406640725
249,2975,75.24078662766297
249,3789,90.77663024550489
250,2668,14.313286523384823
250,2669,35.62233649793649
250,1103,119.91145375532713
250,4277,39.05221448839187
251,252,95.22891242132575
251,1201,143.20308149007803
251,1197,114.17193775921963
251,1979,160.7818225450865
252,251,95.22891242132576
252,1750,44.18939007704508
252,2150,65.83564029826346
253,2512,86.47861532379991
253,2511,90.69275939503262
253,2150,301.12765610450975
254,2401,57.59874189300504
254,988,99.61120754985839
254,3055,167.34412931628827
254,2512,50.62077065378479
255,1848,89.73478323702398
255,4233,88.79483662305346
255,4396,97.25534533238994
256,260,123.02739037190005
256,4233,39.5438995408611
257,3333,47.21931057008156
257,3798,49.94789254458283
258,2126,15.166535344043867
258,1111,296.9452984237349
258,4129,322.1833019041903
259,1493,156.10251300016483
259,1786,435.9323679353204
259,2432,412.62187662518187
260,3548,86.9752523756383
260,2524,130.31215220478234
261,2401,64.58410967396351
261,3548,278.99483820442805
261,1113,596.212951558265
262,1953,123.81611172759649
262,4089,153.70454772045377
262,4071,173.64139946082653
262,1593,75.77454704273063
263,2971,15.146923517909277
263,3483,102.63146930566492
263,1426,242.44419513806565
264,4071,91.28115257533238
264,1384,63.20276346705233
264,3399,256.60071304289403
265,1683,23.895980449043748
265,1696,140.1836049527063
265,1680,143.21059857054695
265,1715,200.79722271336587
266,4321,38.53970928789711
266,4093,18.943075922707745
267,1437,198.15287144586517
267,1462,79.74337327419342
267,269,84.54509364416148
267,4414,15.76065728541829
268,4414,106.03271342956941
268,1468,73.1161170057442
268,1469,29.231190683601902
269,1427,22.122525506799803
269,267,84.54509364416148
270,1816,76.01451152265459
270,2863,24.48187488785907
270,1447,58.50573004259843
270,1462,165.60712680910154
271,3393,77.83769313351534
271,3568,123.24714737018029
271,3354,23.971168861245843
272,1661,6.588942829322489
272,273,167.5616912455971
272,449,373.4210366484282
273,447,45.05012645369471
273,272,167.5616912455971
273,238,57.313047233388204
274,3495,207.89466643059387
274,324,111.70004133204533
274,275,86.55449896160576
275,4033,34.865655399909684
275,2712,125.3080656602436
275,274,86.55449896160576
276,4568,127.3003139865708
276,3591,262.62658184880297
276,1924,42.860493369154085
277,2341,170.26055338256887
277,1828,179.58070942368627
277,3936,10.357518415663789
278,2247,175.7828337015974
278,1797,55.04691678933396
278,2788,66.69409070109216
279,3155,17.136214543092706
279,340,125.69539115634834
279,280,83.01750623644392
279,3504,260.7577779298728
280,2339,135.60042054059042
280,342,60.543288533828886
280,279,83.01750623644394
281,345,301.25520520276825
281,3509,26.172690708044097
281,2242,165.76020629487766
281,346,351.9234470288848
282,285,70.07246216409594
282,2780,1412.122508189208
282,3514,403.1158026094516
283,2105,176.2990948827483
283,285,111.99454907023394
283,697,120.34783419557132
283,2208,352.6309194278261
284,2227,479.24767541244375
284,2226,79.59581962685401
284,285,132.11596125142918
285,282,70.07246216409594
285,284,132.11596125142918
285,283,111.99454907023393
286,290,199.24451666937625
286,1874,74.84398362724279
286,1876,140.60759797167074
286,2424,75.43171324021664
287,1872,30.29793400665724
287,288,122.79275810227826
287,1874,35.97563839314485
288,289,74.1296362790184
289,297,89.01163490647092
289,1587,95.29373524816437
289,1585,108.72977010294795
290,292,48.25476082472311
290,286,199.24451666937622
291,1870,59.543136017018604
291,290,25.906749463386944
292,288,68.73879453876913
293,3311,42.06578271748189
293,2812,57.659905493505946
294,1274,40.18962639404045
295,3309,24.502238891533324
295,1634,29.91527489038446
296,2934,59.299371722040945
296,293,280.37775497098875
297,1576,29.224861998058188
297,289,89.01163490647092
298,299,133.30940103214573
298,306,61.944669214111144
298,1580,78.05687486684553
298,1585,75.65882706029271
299,298,133.3094010321457
299,305,64.17869955710054
299,300,76.57418790624953
300,299,76.57418790624955
300,1559,38.96506188202018
300,2926,83.1982490495948
301,1584,153.71817625601165
301,306,106.50066883117529
301,2988,70.18832139907185
301,1579,64.37574537204411
302,3307,118.25610165677881
302,1859,47.014377302995854
303,3305,35.79983268719723
303,302,34.30290420044375
303,2677,52.04041783692368
304,3312,153.2563731453117
304,305,105.69957418183846
304,1562,84.27128731296797
304,2988,42.82093144649234
305,1560,70.62533910180508
305,2989,59.63275218065277
305,304,105.69957418183846
305,299,64.17869955710054
306,2989,65.08884147716746
306,301,106.50066883117532
306,298,61.94466921411114
307,3157,131.93334466178345
307,3087,61.3579606513669
308,1573,81.34782572614347
309,1342,73.39681025398397
309,3763,69.06884986588068
309,3430,96.34423575054923
310,2619,79.92205631711752
310,1260,48.238290693885915
310,3157,69.2656403508388
311,3433,23.16092068346446
311,2701,22.316022592518088
312,313,340.4581830656364
312,3464,144.5671995216777
312,316,87.47972979463856
312,1242,335.83419045448534
313,312,340.45818306563655
313,1805,125.44710775114504
313,1543,329.5992703668099
313,2995,87.16242337017343
314,315,118.06066645521592
314,3972,140.51977742979716
314,2995,160.46218430147704
315,314,118.06066645521592
316,3008,409.44316189216335
316,312,87.47972979463854
317,1867,86.62728585206992
317,318,84.67201156365417
317,1868,40.545366991031514
318,317,84.67201156365417
318,1635,87.89557718035259
318,1606,104.52211065976672
318,1599,151.6000731616486
319,1804,170.10752447893304
319,3761,57.54468357586625
320,80,17.029542640855194
320,340,144.8107659282152
320,3653,120.95451606705079
321,3650,130.01703477844083
321,3448,130.38194753216945
321,2345,76.98020587919662
321,2799,110.46011419980249
322,3131,45.832683763815204
322,382,81.7240959041753
322,3351,64.94361122817259
323,4322,30.75826404734658
323,4170,33.34393467399824
323,324,131.24100445926527
324,4166,47.874466656588815
324,323,131.24100445926527
325,228,142.65855574402988
326,3478,95.74465250826708
326,95,125.71567898163958
327,4291,76.5722211530408
327,335,33.86950985703748
327,3133,112.29211659406464
327,3444,31.837217419166173
328,3617,57.58999729250771
328,331,64.8940058158516
328,178,96.83003460314563
329,3480,36.79743363426628
329,330,47.734363929965845
329,3617,68.45840623768294
330,3868,39.71081196000154
330,3458,341.7563835459316
330,329,47.734363929965845
331,3868,93.5418305259058
331,332,63.49451788198796
331,328,64.8940058158516
332,331,63.49451788198796
333,334,175.6385883642941
333,223,74.39854477753423
333,3444,137.4872634244755
334,335,34.05897164919253
335,327,33.86950985703748
335,334,34.05897164919253
335,3709,61.20800657151202
336,337,85.72493026852415
336,90,113.31589900354294
336,196,87.7008834082631
336,2469,69.55772088311188
337,336,85.72493026852415
337,338,64.83950190731366
337,3710,40.14765553780545
338,89,118.30521092024219
339,1926,67.70259479671313
340,341,119.01890569642615
340,320,144.8107659282152
340,279,125.69539115634836
341,340,119.01890569642615
342,343,193.43052003558145
342,2241,161.68596988845798
342,1799,135.52578261240527
342,280,60.54328853382888
343,342,193.43052003558148
344,345,83.35687054707981
345,79,125.57237696563116
345,281,301.25520520276825
345,344,83.35687054707981
346,3197,111.3237986339482
346,3517,45.35390208640511
346,281,351.9234470288848
347,3197,226.39803027237662
348,2786,91.05409385795933
348,3517,115.49604275177128
349,353,61.083161641443915
349,3038,43.07166596211625
350,357,104.30732059217812
350,59,44.69921325698199
351,356,89.98615557824165
351,4065,21.459047859555703
351,352,51.16863977526689
352,355,104.89349697895618
352,353,45.02462567155749
353,2569,43.92943400049698
354,355,58.40900724369863
354,60,61.576488465185776
355,354,58.40900724369864
355,352,104.89349697895618
355,356,58.455710585469255
356,355,58.455710585469255
356,217,101.75492286311291
356,351,89.98615557824165
356,60,54.62679223177758
357,3687,54.6765827711612
357,350,104.30732059217812
357,3038,14.883155542724218
358,359,120.42652838741118
358,3061,198.90848255422463
358,245,86.24997345200715
359,3063,46.08945963872026
359,358,120.4265283874112
360,358,66.65677878685614
360,363,84.09062854713432
361,359,70.2047604507952
361,363,67.2571016788248
362,361,34.600000910029564
362,3063,75.90258888443833
363,360,84.09062854713432
363,3677,120.23508183988541
363,361,67.2571016788248
364,365,109.17717128361528
365,364,109.17717128361528
365,3948,111.64005592693752
365,3678,62.14218287768669
365,2565,63.183916722998624
366,3678,102.31697290099571
367,2566,59.82943926856907
367,3143,236.2501227633115
367,246,131.3373943311334
368,3929,7.13205818953588
368,370,360.1705405934877
368,369,145.9333203116667
369,368,145.93332031166673
370,371,56.50712048806299
370,373,46.004999234661796
370,368,360.1705405934877
371,370,56.507120488062995
372,373,145.6642041982381
372,377,286.6461260078023
373,2164,144.4414791383706
373,372,145.6642041982381
373,370,46.004999234661796
374,3655,405.754351772731
374,375,143.29557565930762
375,379,561.094553752711
375,374,143.29557565930762
375,376,227.76520931129954
375,3242,317.71839290350243
376,377,129.75332806074866
376,3713,57.48108340116178
376,4204,175.11778750141687
376,375,227.7652093112995
377,376,129.75332806074863
377,220,90.65862299270118
377,372,286.6461260078022
378,3951,117.81410233478722
378,4516,56.10791383496293
379,375,561.0945537527109
379,219,134.65522102279087
379,2165,88.00135609861117
380,718,181.985290647169
380,711,136.76075973237045
380,2797,43.74969057754493
381,721,60.02794942809692
381,719,163.0634357565995
382,2795,43.63242474380608
382,322,81.7240959041753
382,755,176.12872436291406
382,3350,71.90740791863603
383,388,22.35013115641755
383,703,66.51326362541613
383,735,155.48024021963587
384,699,55.74624248510383
384,385,90.23642206348997
384,209,82.88980603561059
385,714,119.31711257227818
385,726,195.16025509299527
385,386,90.93705342151928
385,384,90.23642206348997
386,715,114.79901517759835
386,2806,269.20510927908964
386,385,90.9370534215193
386,730,99.18713725832565
387,211,9.147703800485155
387,737,115.182697893287
387,722,179.85717489786157
388,383,22.35013115641755
388,724,121.8587041738819
388,203,73.84311602076406
389,4159,55.22442551543195
389,723,92.42963226249563
390,2170,62.979603815139924
390,389,68.62826733542225
390,4160,82.0001862524318
391,2112,93.39109567817508
391,764,131.91043844459855
391,2802,14.403131640134138
392,126,96.94485346920045
392,916,82.0013338855578
392,149,170.4068384380956
393,3701,76.75289580736423
393,175,242.88843957893386
393,2853,84.3617681741913
393,3096,251.76813974630033
394,395,164.53544891680167
394,3880,83.33586241817405
395,2704,34.108554146842465
395,394,164.5354489168017
395,2663,195.06401880148343
396,394,159.51113634919707
397,566,75.3624410827767
397,420,52.97691807761707
397,570,14.39469713291886
398,4271,4.111114122426692
398,4564,88.48297754666596
398,438,56.62128536596531
399,2722,100.28383714357095
399,2736,105.20679083346914
399,185,182.47014671957695
400,424,68.68561685400617
400,401,82.307244755736
400,517,120.67951378017221
400,460,99.12699054119489
401,400,82.307244755736
401,402,108.06466852718283
401,2726,122.72615676061979
402,460,89.46440784845707
402,3380,143.66518860190124
402,3749,105.90225796886608
402,401,108.06466852718285
403,438,36.972937416857576
403,441,102.93880461070597
403,444,48.921899527022475
404,4403,52.531989352864414
404,444,54.84349713219578
404,426,88.94039354920939
404,187,105.03845365206615
405,3938,112.35165809694536
405,3269,127.67098760026697
405,50,107.86114335239498
406,588,27.327383517746856
406,4526,59.571079050240485
406,517,132.13414742605022
406,2814,133.6998526251702
407,2689,41.303986053762685
407,2633,46.538111399562126
408,2633,64.27357100278672
408,573,59.47685386409258
409,441,57.57106790237077
409,420,32.86351320571489
410,4526,6.831566981606414
410,2726,149.0712944817331
410,575,209.61233102718762
411,412,11.954818547135027
411,3526,311.8872977555123
412,411,11.954818547135027
413,414,161.4122792676481
413,3567,77.72265050259435
413,4,183.77739717661777
414,779,70.87764180437077
414,4464,111.85778947049073
415,192,118.23045915639474
415,2705,139.24236672980456
415,562,99.25769200035882
415,417,126.78891497093713
416,592,66.50360527794555
416,806,233.99148604090178
416,47,77.34397191806745
416,563,119.62972895185936
417,418,75.17264893626772
417,2710,105.48421083010322
417,415,126.78891497093714
417,3472,83.43559189997227
418,417,75.1726489362677
418,778,80.88800885319519
418,5,77.31415166302476
419,571,77.28825129463104
419,832,55.96495171998401
419,2572,65.031082593199
419,4403,78.79886122454037
420,421,71.13492641619503
420,409,32.863513205714895
420,832,61.07193524196395
421,420,71.13492641619503
421,2575,101.03683367800318
421,3802,59.525490300053974
422,588,43.895860757844375
422,834,30.053598952057705
423,424,69.0541204158829
423,3205,59.71064900992519
423,3283,73.03395081404707
424,423,69.0541204158829
424,400,68.68561685400616
425,2676,40.9403436991925
425,426,92.80015395847643
425,597,77.17048805239601
425,2572,65.70486062908162
426,425,92.80015395847644
426,50,106.4126825945573
426,404,88.94039354920939
427,433,43.98832941196548
427,430,95.40275328556976
428,427,68.59714665512274
428,3981,21.11565551621299
429,428,94.84288918019367
429,440,79.80568425939131
430,427,95.40275328556976
430,434,59.315064261134545
430,431,45.62078185059744
430,429,65.30589450412793
431,4546,89.07932817273944
431,433,97.69684272420524
432,187,99.27082237571095
432,188,85.96360593053573
433,187,35.89814806064646
434,430,59.31506426113455
434,437,38.95766498599821
435,434,62.917252419404875
435,3278,13.370250775452652
436,435,45.593263841549394
437,434,38.95766498599821
437,436,63.4618458740062
437,513,28.00514944752441
438,4564,78.35181985019682
438,398,56.621285365965306
438,403,36.97293741685758
439,185,85.76060778318488
439,4195,62.909358498053344
439,436,103.6394645005655
440,185,183.49023741311436
440,429,79.80568425939131
441,403,102.938804610706
442,405,72.9506188940895
442,443,100.30069076212104
443,432,68.42308787724724
443,3269,38.90288844117801
444,427,104.3325969216095
444,403,48.921899527022475
444,404,54.843497132195786
445,826,35.52138216132195
445,42,74.80158556507908
445,4200,203.3675818446413
446,189,69.51289226726516
446,826,71.48307491578718
446,2823,100.18764587702928
447,273,45.05012645369471
448,533,69.42769803917405
448,449,240.11056643124616
449,272,373.4210366484282
449,3989,21.501054967418987
450,2822,134.79051301088657
450,823,160.49472752613335
451,3874,304.6327166779497
451,665,160.16521358050437
452,666,160.84367706031483
453,471,50.772821927229245
453,802,215.09597259653262
454,3167,17.17402344621693
455,1216,61.16505195058591
455,1181,83.9294862498387
455,103,167.2974659915321
456,3436,48.01942828797076
456,3437,54.30265881554446
456,1043,1277.2701016575556
457,2687,79.2324607432513
457,685,104.1766327305531
457,458,68.91029771016389
457,2749,136.0242948485141
458,2454,30.638369400822246
458,457,68.91029771016389
459,3871,54.64497172664908
459,805,55.73643341899895
459,815,58.24959480315364
460,402,89.46440784845707
460,400,99.12699054119489
460,2727,57.52337139805343
461,2952,82.05040898814711
461,2613,61.12354970088643
461,4433,42.80258578183229
461,234,47.575057791094274
462,231,77.91127374002242
462,466,95.67013683044067
462,467,192.76927409849108
463,464,97.06682236997021
463,582,74.54577157593249
463,465,156.77923499285293
463,233,77.92352110190826
464,466,299.50325002331397
464,465,179.84938194096463
465,463,156.77923499285296
465,464,179.84938194096463
465,57,155.68066576369222
466,462,95.67013683044067
466,2593,315.26133884018964
466,464,299.5032500233139
467,230,9.008529736093445
467,2953,42.72579146846019
468,2956,35.16814611627137
468,578,64.34096297359116
469,468,152.50176875958712
469,233,74.1187684361813
470,3528,264.60363288842393
470,452,113.0719551592214
471,453,50.77282192722925
471,4035,118.4152277607128
471,3985,80.14268366998839
472,473,31.735430106336324
472,4428,11.37396103065355
473,472,31.735430106336324
473,64,86.52206783702998
473,4429,11.932811343146406
474,4425,6.9097875623590745
474,475,19.70792457187627
474,3490,38.412369812680446
475,4096,3.9121136917424524
475,65,48.37763479053155
475,474,19.70792457187627
476,4389,87.03391408918853
476,2003,244.21240427614833
476,4017,883.3460815428102
477,3345,393.44766731824586
477,2012,27.149158817647553
477,1995,305.485719857512
478,1271,136.24426356729842
479,3322,8.389927494946384
479,3330,32.44311817271252
479,3745,518.7669497531954
480,2555,108.72551384092594
480,3207,11.313016848629685
480,70,99.46215213161786
480,3528,142.21040274572377
481,3556,53.95277359563726
481,606,44.132197467984206
481,661,96.37389605670529
482,483,306.83802873021597
482,3979,652.043942265569
483,499,78.66113327948561
483,482,306.51412826699425
483,2674,262.5937062754138
484,485,83.61316388093402
485,498,136.93689094655448
485,486,222.41261513768646
486,2945,129.86595232448497
486,487,28.885858323610748
487,498,105.89375335927514
487,488,304.8328452479346
488,489,97.28703518728413
489,490,186.66613676919084
489,492,196.53206481868227
490,483,303.26460787636825
491,542,422.47195475304403
491,488,322.7851847845481
492,493,74.04861381331442
492,490,215.67651767031057
493,492,74.04861381331442
493,484,153.1007469329523
493,4369,63.357905814967
494,495,28.48412219134701
494,4370,27.77696571493921
495,494,28.48412219134701
495,496,233.19918620079366
495,4439,90.61092665089842
496,4370,146.36267146734136
496,2673,266.85714426980127
497,3170,161.13121716632293
497,2945,76.99889172215096
497,852,152.17845016098036
498,491,95.41991827804969
499,4010,96.78449815404868
499,500,62.42182881252234
499,483,78.66113327948563
500,2315,115.12103571456097
500,906,129.13723940394456
500,3405,63.5414684372075
500,499,62.42182881252234
501,3405,5.077684483413552
501,2327,46.733063599918005
501,2237,88.99317099467304
502,3840,63.664268378597654
502,503,79.53720514356625
502,1856,56.919038349296855
503,504,31.728429411080697
503,502,79.53720514356627
503,2045,232.81913502892752
504,503,31.728429411080697
504,2882,74.16235111255229
504,1780,362.7453619827093
504,505,112.53554833598913
505,2002,73.53180493911324
505,1835,22.0985533053471
505,504,112.53554833598915
506,3883,173.99047916451693
506,774,53.913441964725095
507,971,96.72328261970101
507,2120,106.19120669750671
507,2594,84.60248196387661
508,2594,82.74035603803057
508,973,248.11171491547847
508,2976,164.48667742104712
508,512,134.05987623546764
509,2328,67.30100992130556
510,577,21.082139298769754
510,469,73.19733105409095
511,967,96.33126383504688
511,2951,58.453511344836905
511,4433,34.81936935305703
512,508,134.0598762354676
513,437,28.005149447524406
513,4195,103.59513594210111
514,3752,38.07359564270056
514,3751,31.117700832780336
514,3879,726.8910369123735
515,1207,250.51879762843228
515,1960,81.60413069065049
515,1959,280.84284276130364
516,3283,45.81048181285887
516,3802,96.5619411587377
517,4014,66.36237080153212
517,4172,33.20483717902244
517,406,132.13414742605025
517,400,120.6795137801722
518,2833,64.88259976418382
518,1174,67.3497801964917
518,2284,129.05358705085683
518,765,101.63884643938101
519,692,68.68877181909686
519,688,104.01550013405252
519,673,128.22325479951039
520,772,67.99714088072741
520,769,159.67141401488738
520,1066,77.018316554422
521,2104,22.114456970227938
521,3409,68.78150387636079
522,641,173.46287438858462
522,766,274.1065918239387
522,2686,34.15061215181906
522,4250,95.97493723427436
523,3975,13.293003501454873
523,3724,64.43200347144369
523,4410,111.70344724673001
524,4411,93.38263204252824
524,4586,27.789883594888636
524,1194,40.143168084345874
525,2660,70.12340368628473
525,3262,14.472608347254692
526,2733,100.72876150050115
526,2734,55.625482019438294
527,1081,75.06127153975822
527,2735,23.391015608676856
528,2527,27.59844731159433
529,3401,125.44318739797731
529,1070,52.27133918056448
529,4215,109.17496002262656
529,1062,79.59427497683906
530,2883,32.046814171030455
530,2880,89.10264270954428
530,4456,24.281930593977076
531,2523,131.85924798551085
531,4244,80.58355603026158
532,3921,47.748734407504315
532,4409,197.2786708837932
532,2666,44.64702391688138
533,448,69.42769803917405
534,884,68.87140039323981
534,1611,87.09900683565384
534,2984,53.414909100057656
535,539,63.70326925522721
535,1610,318.7414500124654
535,4600,75.45532890176075
535,3156,301.227257479875
536,2536,100.13133692401965
536,875,247.60088053696919
536,1326,93.8851295251825
537,1167,80.92587440668603
537,2756,217.53713375631276
537,4026,103.89276041372757
537,1333,101.01988531967129
538,4030,3.844451127406896
538,1625,51.21705822432076
538,1626,80.0978258115934
539,1621,53.625302075709996
539,2608,210.93495884093528
539,535,63.70326925522721
539,540,136.04099940644025
540,3168,44.01582939810061
540,541,195.99217022191715
540,539,136.04099940644025
541,1623,229.84564262289328
541,2945,401.7039078827794
541,540,195.99217022191712
542,2871,24.06075518282671
542,3170,388.96401454422164
542,491,422.4719547530441
543,544,103.20020171842262
544,1045,159.0342313473597
544,543,103.2002017184226
544,4336,95.26683860483377
545,1759,13.112945181807428
545,3956,207.08344680719173
545,1767,23.768421524004765
546,1759,226.82863725344694
546,1697,99.90658386936673
546,1755,116.45833938126347
547,1675,43.364952764458174
547,1669,151.03385990739724
547,1292,25.929105738809188
548,2347,12.771916761969718
548,549,71.98264893340497
549,550,31.514019456477158
549,229,44.157093841558265
550,234,50.0509957198229
551,56,27.91603406251979
551,2650,29.912216682577487
552,452,68.02058516297672
552,54,110.78419387943796
553,183,50.98682791085857
553,3574,19.981428902103687
554,516,67.92669875086331
554,424,118.82424373858787
554,422,113.83037747880476
555,3874,98.60508020891766
555,2724,58.35734272617448
556,1848,77.79353849759809
556,3799,102.42624134209063
556,987,125.15039960759353
557,3881,57.80050711927838
558,52,5.825089949163891
558,4202,10.644796977356215
558,2649,77.56258167371084
559,851,89.418658473418
559,663,179.08126600897594
559,561,68.69457657307919
560,605,66.92432231407393
560,4507,36.368701374310774
560,104,71.70985190990893
561,4259,92.7468878275833
561,559,68.69457657307917
561,605,117.94368979009053
562,14,126.1840788622084
562,415,99.25769200035882
562,563,55.73964982642783
562,2707,118.03153215335279
563,2573,63.16341833311264
563,562,55.73964982642783
563,416,119.62972895185935
564,14,57.11216329807057
564,2573,62.31847524211658
564,191,106.27796950372313
565,593,89.29215069843198
565,564,104.60778606718914
566,421,43.69127433076585
566,397,75.36244108277671
566,572,50.36849195770609
567,2628,19.171467461247833
567,3285,25.58847881226424
567,569,77.61907804578536
568,2628,45.523882990401795
568,573,32.82781765058227
569,835,35.851138223635125
569,586,47.494348220126774
570,572,119.43559025407552
570,831,53.563297483153846
570,397,14.39469713291886
571,589,67.52331264140709
571,598,62.81107008411102
571,419,77.28825129463104
571,831,67.08297641542828
572,570,119.43559025407552
572,2627,13.661815341172824
572,566,50.36849195770609
573,4079,228.6519706921315
573,408,59.47685386409258
573,46,103.50584684998483
574,2814,47.79089822389708
574,407,134.15923200573613
575,410,209.6123310271876
575,2960,57.788099825312365
575,967,84.34996059658201
575,2846,197.1892030900737
576,2764,124.74858297802923
576,583,43.49216900546085
577,510,21.082139298769754
577,970,234.84283493190753
578,584,73.81919814058591
578,510,150.7038913581059
579,2951,77.4206988983666
579,578,143.6414160879845
580,2952,77.11113924061752
580,2954,41.51682934295846
580,585,41.09166185943043
581,582,77.70324937049521
581,232,75.98525988290635
581,233,75.79665331440816
582,581,77.70324937049521
582,462,220.6635196808133
583,2950,69.82050784126682
583,579,84.74682275636248
584,2764,7.490095551303803
584,583,123.43677425302282
585,3077,77.53074257685455
585,580,41.09166185943043
585,231,49.92620229448134
586,568,58.51989882928112
586,408,30.168282128432125
587,833,70.18042405796561
587,3287,129.65552995594226
587,2689,27.71932127309468
588,406,27.327383517746856
588,422,43.895860757844375
589,571,67.52331264140709
589,597,64.36217699689202
589,590,61.99112517970161
589,2572,77.79911838731363
590,598,68.03952940285987
590,596,64.8303366050904
590,591,68.66456585992204
590,589,61.99112517970161
591,594,67.5706038589339
591,595,65.09180524939956
591,3510,76.34231105498381
591,590,68.66456585992202
592,191,65.4193507340871
592,416,66.50360527794555
592,2573,115.009032706109
592,3510,78.48870357949815
593,4078,54.72191415654213
593,565,89.29215069843198
594,190,72.90100891235315
594,598,70.74606516622923
594,591,67.5706038589339
595,591,65.09180524939956
595,4524,33.26572601252287
595,596,64.57735440104426
595,47,81.20751754581069
596,4173,9.732602463213325
596,590,64.8303366050904
596,597,62.414495235797204
596,595,64.57735440104426
597,589,64.362176996892
597,425,77.17048805239601
597,596,62.414495235797204
597,2675,21.632518042151588
598,594,70.74606516622923
598,571,62.81107008411102
598,590,68.03952940285987
599,4376,105.62749369698749
599,601,211.14681934873255
600,97,56.90365033435931
600,601,63.06601713799971
600,599,204.4200858535685
601,600,63.06601713799971
601,98,83.52229322887365
602,99,166.32197999184572
602,1450,144.91891173301624
603,1663,275.96181561416154
603,604,94.69221612433265
603,1451,46.469890701843724
604,3362,50.56822902433627
604,603,94.69221612433266
605,560,66.92432231407393
605,3914,75.67818441836638
606,664,80.58192976634699
606,561,150.0228425603874
607,1286,16.113870840090385
608,296,104.39690672782511
608,1571,127.69468889175741
608,1569,160.27369941518373
608,2119,141.58662838425528
608,3181,308.2152352742349
608,1566,62.847865654207226
609,2772,90.60622904647971
610,3540,289.5840010142098
610,2934,183.93043072968996
611,612,213.71689282624408
611,2936,17.379202329480187
611,1432,164.13992173277109
612,1430,36.86742478537258
612,2931,23.826836120163446
613,4358,22.90519742739643
613,614,116.99949491950657
614,4356,9.971689383819431
614,1895,70.03259333856273
614,613,116.99949491950659
615,53,28.65177402374025
615,3596,160.60344064938576
616,617,243.92859217178622
616,623,65.91431628548929
616,622,77.82311275152861
617,618,248.12549991233197
617,660,66.72279178020574
618,649,224.73936502351813
618,660,233.0711201162113
619,645,128.32585850354496
619,3640,82.00827267561074
619,3636,58.72091919510457
620,4245,16.566560945371897
620,680,224.2392152119623
620,621,185.80781263951013
621,622,138.040073229325
621,620,185.8078126395101
621,2498,146.69250890662164
622,616,77.82311275152861
622,621,138.040073229325
622,660,228.20097115998763
622,642,159.41516389577203
623,3625,83.50893483303678
623,616,65.91431628548929
623,2876,260.9181964302164
624,653,57.67649745689105
624,3166,773.4761653050294
624,3643,70.63794449196601
625,685,114.17999537683791
625,2577,54.33510122810283
626,3716,10.318866374257945
626,2883,87.08528301704789
626,828,232.28099119732323
627,628,73.9850118549928
627,3716,103.6015571218422
627,639,230.6457711727529
628,1004,149.27876563728628
628,1471,260.79804354813007
628,627,73.98501185499282
628,1010,143.62261794843906
629,4213,10.105077351637677
629,1062,84.38860449302568
629,1006,85.70194694666935
630,1001,175.0411764784692
630,1018,20.011346807977695
630,1012,56.6912170303357
631,2883,17.533612533574967
631,650,148.74919809371693
631,3715,145.15566369771886
632,3907,184.99804359894404
632,648,212.28027280946438
632,652,195.7080377387245
633,3352,62.33490356796058
633,679,144.4756214836604
634,4245,83.83574682349453
634,4244,424.508203791717
634,3727,444.74530882131563
635,3108,69.34214846808611
635,679,118.0341187461374
636,679,30.01381121539049
636,830,124.60125538760778
637,638,262.03350345934166
637,3907,146.49677925913545
637,2777,165.6265499586818
638,637,262.0335034593416
639,627,230.64577117275286
639,652,115.5592750379316
639,640,102.04390146413289
640,3716,139.58154331384512
640,3715,91.16527776170561
640,639,102.0439014641329
641,671,155.7518914805664
641,678,95.11435610280735
641,522,173.46287438858465
642,622,159.41516389577205
642,645,246.9100763787051
642,616,231.06594398451045
643,2396,17.348967252652688
643,644,182.12982447706557
643,3379,102.3719573963128
644,643,182.12982447706557
644,670,69.98602536663223
644,645,49.93421020325367
645,619,128.32585850354496
645,642,246.9100763787051
645,646,66.61593788182397
645,644,49.93421020325366
646,4194,78.65295323990539
646,645,66.61593788182397
646,3636,60.90173360923627
646,3630,217.31356182042074
647,2434,150.36659083972427
647,4246,46.12430286744969
647,3727,43.01301459442756
648,993,17.899258194831546
648,632,212.28027280946438
648,4249,112.53774967553481
649,618,224.7393650235181
649,2434,78.04770243592054
650,631,148.7491980937169
650,651,227.10144214887694
651,993,152.93735643214413
651,991,93.68591369632189
651,2877,134.69329790611152
652,2777,207.0431590494369
652,632,195.70803773872456
652,639,115.5592750379316
653,624,57.67649745689105
653,3788,298.50891600331863
653,1749,77.72912990911279
653,2534,54.21589733812785
654,4254,5.528815945881284
654,1044,24.640876603104342
654,2485,28.73902293135358
655,2454,10.627782679806689
655,686,107.22266813770085
655,458,33.580531025534654
656,3472,30.51435402395761
656,2664,14.619226067988524
656,192,167.519166275402
657,4529,10.846262866559023
657,3513,17.797237964046186
658,2547,42.67911580739095
659,1933,315.94025070158625
659,2647,68.92408050551724
659,3494,89.77250850864208
659,2489,64.77667839759297
660,618,233.0711201162113
660,622,228.20097115998763
660,617,66.72279178020574
661,4198,121.89328635524713
661,2693,14.460426566859674
661,3555,59.654807986502014
662,663,38.1109299083039
662,851,201.52093337369365
663,661,17.473863494029064
663,606,74.1155532452267
664,3159,21.367656661828487
665,2599,12.232285497844327
665,4063,92.78360742969139
666,2649,34.0732703105696
666,2598,90.95106452065025
667,2601,67.90240661469589
668,2270,39.271221953175036
669,3634,61.70335185361825
669,4193,29.010062132195266
669,3637,144.5258075182902
670,644,69.98602536663223
671,2444,369.1548450833735
671,641,155.75189148056643
671,3396,282.4321020760215
672,2767,19.78934102698119
672,677,102.99455272180606
672,4058,18.014389716132538
673,675,75.15828026045514
673,769,115.48202817028411
673,519,128.22325479951039
674,1180,116.24909223891414
674,1178,42.96440813332338
675,674,99.45560723239682
675,1065,112.77331318245578
675,3409,58.520854097281024
676,692,106.1394684695899
676,673,63.85812522343086
677,4105,114.11377396953291
677,2443,75.94855912905344
677,672,102.99455272180607
678,2427,241.12420785398575
678,641,95.11435610280733
678,766,151.4073372730595
679,635,118.03411874613741
679,633,144.4756214836604
680,3379,12.465551496605471
680,681,77.29031868663338
680,620,224.2392152119622
681,682,44.05079777455083
682,683,63.149876821880206
682,684,145.22861198628752
683,2295,150.72611599643417
683,3437,213.57974176404343
684,625,134.38587784203432
684,2295,78.98956767964503
685,2870,109.98719992712225
685,2778,85.67401137142572
686,2870,54.42762783539623
686,655,107.22266813770086
686,3856,60.695857256173554
687,2286,84.22561445049604
687,104,76.52769362948268
687,103,112.25857664297014
688,519,104.01550013405252
688,2833,57.993357872983424
688,1064,58.36888390820618
688,689,87.78766398153032
689,3737,52.48968957700925
689,2834,55.04596329068119
690,3974,11.58443749212023
690,1517,93.25027115221509
690,3296,121.36529359233901
691,4252,44.97424391454277
691,2444,92.18965183363804
691,765,151.6104808197833
692,1518,95.08320548852588
692,689,124.54716444403451
693,3270,81.94620188776685
693,4285,34.69066176837149
693,694,84.34392007624088
694,2480,76.97120756610519
694,693,84.34392007624086
695,693,110.5081710326777
695,2506,74.1248876398454
696,3075,185.8850114230809
696,2506,33.93576471050624
696,3479,39.981595471674744
697,283,120.34783419557131
697,2215,193.71775639375082
697,743,113.54073699753927
698,3570,202.42022123425198
698,4018,160.23788118660315
698,2198,59.73485526437163
698,741,152.82309113327486
699,704,142.0965971892744
700,2551,101.38670324940756
700,4544,60.453310190725844
700,3214,95.21700159217356
701,657,87.39829891196263
701,2430,236.47761173217836
702,3440,63.61839340281669
702,758,24.67579226249311
702,4183,43.66122967810767
703,209,80.85241382826564
703,3828,241.45447980706305
703,2709,163.0052207145203
703,383,66.51326362541613
704,713,86.4667135296658
704,712,41.823910939152604
705,2807,29.862235961947277
705,717,75.13303406360677
705,2262,57.10542187499769
706,2807,22.302483788426024
706,202,105.2203707645984
707,2796,138.43311004520737
707,197,72.11680389901015
707,753,28.27036094763371
708,2796,281.58344188583885
708,4515,16.82807485297984
709,2798,100.0457799733438
709,4264,73.20632816100806
710,381,150.5609184527796
711,2798,31.930262449645227
711,2804,130.1930719490949
711,380,136.76075973237045
711,2803,30.230773263475715
712,727,15.801960795347346
712,728,57.63855670516958
712,704,41.823910939152604
713,731,51.89258382041251
713,714,35.74009290174924
713,704,86.46671352966578
714,713,35.74009290174924
714,385,119.31711257227818
714,715,70.76725467554394
715,386,114.79901517759835
715,729,31.9800184615856
715,714,70.76725467554394
716,706,150.05936195011478
716,717,86.53358794466787
716,710,86.77921326854496
716,2265,131.8267929576713
717,716,86.5335879446679
717,705,75.13303406360677
717,2265,238.75023969996164
718,720,57.04826941845115
719,3446,71.15356365763404
720,719,61.41302887333515
720,721,172.08107991117748
721,380,59.57939317049956
722,740,46.736769553287274
723,389,92.42963226249564
723,4161,167.2524841589358
724,206,99.67832928231651
725,3212,113.16437210937742
725,3493,42.530938927809714
725,205,49.10951324014984
726,734,55.375479062502656
726,4302,31.010513590309042
726,385,195.16025509299524
727,712,15.801960795347346
727,2776,58.41346066214282
727,745,247.95619150049475
728,733,125.272167696673
728,3102,94.00026480109123
728,712,57.63855670516958
729,736,20.44006049376644
729,2603,31.740098678861862
729,715,31.9800184615856
730,2806,254.89213047064564
730,2603,324.8800877927282
730,386,99.18713725832565
731,732,13.574862060276823
731,3443,10.449618568162062
731,713,51.89258382041251
732,731,13.574862060276823
733,728,125.27216769667298
734,726,55.375479062502656
735,4296,34.82633508951558
735,4296,48.27744887890405
735,383,155.48024021963587
736,729,20.44006049376644
736,2603,40.552975731282615
736,3102,112.83215809812853
737,738,33.01367952758171
737,387,115.182697893287
737,4297,40.955081164452515
738,3213,128.6905879168699
738,737,33.01367952758171
738,739,125.42222095467189
739,738,125.42222095467189
740,206,63.03491113802529
741,698,152.82309113327483
741,742,338.4761386137107
741,2206,130.61572152951288
742,2205,114.87917909624346
742,3471,110.29140067425904
742,741,338.4761386137106
743,2205,277.81753932723717
744,699,86.08558236224309
744,209,62.85596759204414
744,210,89.91822494282444
745,753,287.88964190878437
745,727,247.95619150049475
745,3939,330.35687863342014
746,3939,8.298594176320638
746,752,206.49135300523298
746,747,270.5411726028686
747,84,266.34476300601887
747,748,359.4670296687037
747,750,187.94065645703304
747,746,270.5411726028686
748,85,161.15802466349186
748,3104,95.74683863525841
748,747,359.46702966870373
748,749,149.53468129276234
749,748,149.53468129276237
750,3930,171.4978136495683
750,747,187.94065645703301
750,751,158.52493614074373
751,3940,116.58551375824175
751,3128,218.11037265801124
751,750,158.52493614074373
752,754,13.971898442085267
753,707,28.270360947633712
753,752,156.44573443434675
753,745,287.88964190878426
754,752,13.971898442085267
754,2243,31.700889257484278
754,197,110.76356244724441
755,382,176.12872436291406
755,760,149.79774540605376
756,757,127.05270062059786
756,758,41.2662651251298
757,759,33.76378242602637
758,4272,125.60502290111424
758,759,114.23248261650068
758,702,24.675792262493115
759,4186,16.96476191765214
760,761,123.53740486723134
760,756,23.574386377899472
761,755,90.24839124826191
761,3131,122.0146981820597
762,3944,279.4716434475935
762,4544,13.569919801569187
763,2252,194.71776831336302
763,764,47.08990121392568
764,762,48.418511235595375
765,1173,33.70534115169657
765,691,151.61048081978328
765,518,101.63884643938098
766,3724,29.728340084760568
766,678,151.4073372730595
766,522,274.1065918239387
767,771,56.98105362455746
767,101,70.638450029002
767,768,88.92182357645845
768,772,170.7287820777565
768,676,114.86336142619916
769,520,159.67141401488738
769,673,115.48202817028412
769,768,64.1815743430516
769,4261,21.121847128658292
770,101,56.54070526969473
770,2453,54.668851137085895
771,102,56.30611601026752
771,767,56.98105362455746
772,100,98.13063538080647
772,520,67.99714088072741
773,4231,93.45780735822314
773,3603,91.69686745808006
773,223,86.32338428153082
773,4502,253.68362098799713
774,2000,20.308868159719527
774,1995,40.88991694203631
775,2300,60.790074896803155
775,776,265.3034108436161
775,921,67.88970954933859
775,2366,97.93047968323773
776,928,193.030074916457
776,929,124.9718402187584
777,1042,227.05091505170557
777,4073,128.8010534780869
777,2,271.750347767694
777,1118,174.63032820949027
778,800,26.825220661194674
778,779,65.08108621893903
778,418,80.88800885319519
779,3254,114.72380002858385
779,778,65.08108621893903
779,780,110.0761633129998
780,2696,67.33690413498968
780,2695,150.48010064451168
781,1788,9.278722376772413
781,784,111.1864139532531
781,193,85.48277304624044
782,785,86.85442851152547
782,787,91.34923192854394
782,3249,100.57416765893471
782,783,105.8123715888809
783,801,43.569551888866805
783,193,67.17474579731721
783,782,105.81237158888091
784,785,104.59365862846927
784,781,111.1864139532531
784,783,78.26523609801242
785,784,104.59365862846927
785,786,88.87299772159221
786,789,102.66753633824291
786,785,88.8729977215922
786,787,95.63030873069036
787,782,91.34923192854393
787,3252,113.89964637036353
787,786,95.63030873069036
788,1509,111.6338858769115
788,789,94.10356402786493
788,1508,94.19266779806492
789,788,94.10356402786493
789,980,84.7405092972592
789,786,102.66753633824291
790,1511,68.7084183262728
790,793,95.9126947932971
790,791,77.49266073871487
790,2160,74.75568831883363
791,1512,78.08718253455523
791,792,94.68908774801838
791,982,53.56080176079725
791,790,77.49266073871487
792,793,92.35543968230466
792,1514,56.345559907798815
792,3272,96.76042278964361
792,791,94.6890877480184
793,792,92.35543968230466
793,797,93.60956828476485
793,790,95.9126947932971
794,795,65.03814220871324
794,2646,170.6655047613892
795,794,65.03814220871324
795,3901,67.79342973475254
796,2125,22.354265579298254
796,811,63.56016258440638
797,793,93.60956828476483
797,2156,63.42531411777152
797,1078,59.25747081063699
797,1837,84.54654987556248
798,1078,74.88146839847631
798,2158,90.19768369575057
798,799,71.1114873914586
799,3901,111.92767009039483
799,13,97.9017113404737
799,798,71.11148739145861
799,1836,69.55182757148349
800,778,26.825220661194674
801,783,43.569551888866805
802,803,53.25881296012101
802,454,72.26022309223103
803,804,36.332044947582986
803,802,53.258812960121
803,3353,72.07332976770861
804,803,36.332044947582986
805,459,55.73643341899895
805,3938,72.06881606524684
806,416,233.99148604090178
806,827,56.59627363969946
806,49,86.13788315650388
807,3134,38.00457003806122
807,48,83.01075105809664
807,809,51.224252645946656
808,4557,69.6930157080005
808,1577,76.3282875698693
808,2675,66.36515689083737
809,807,51.224252645946656
810,2661,81.54196170276389
810,812,46.30588170053937
811,4109,74.85976998734746
811,796,63.560162584406385
811,810,29.90639092572147
812,1084,56.30709788514555
813,4109,59.85949650102769
813,525,100.72640182004271
814,4174,48.850816943807715
814,811,112.9025100628418
814,4108,56.13711778195544
815,2125,19.3379852690858
815,4174,46.70042918751821
815,459,58.249594803153634
816,2373,69.48226844281093
816,1324,21.5672194195159
816,817,139.56261891367373
816,2734,114.18823372877776
817,816,139.56261891367376
817,11,65.75533303760557
817,825,72.6223009190621
818,817,115.69791110127969
819,4460,80.98376775518058
819,821,75.02850393194176
819,2819,44.26197041123418
820,2821,6.354390777647888
820,4461,21.203214096419813
821,819,75.02850393194174
821,824,120.60769688518417
821,2822,87.8104824201539
821,4290,125.539378308988
822,823,36.113286845165696
822,2823,93.46537210346727
823,822,36.11328684516569
823,445,22.682654161503592
824,450,47.46272975475259
824,821,120.60769688518417
825,819,131.94921081814556
825,817,72.6223009190621
825,2446,64.15907880217483
826,445,35.52138216132195
826,822,36.86158220852883
826,446,71.48307491578718
827,2707,166.60514701987626
827,3265,166.38226438396404
827,13,94.28317211537993
828,626,232.28099119732326
828,943,68.3080240867545
828,4214,9.365900345709033
829,3715,7.503637271711122
829,3080,91.51828337392985
829,993,93.68681021587022
830,636,124.6012553876078
831,570,53.563297483153846
831,571,67.08297641542826
832,831,73.41815176563067
832,420,61.07193524196395
832,419,55.964951719984015
833,586,35.15070644650164
833,835,49.91962157877908
834,3802,39.6962791751016
834,422,30.053598952057705
835,2630,51.40872616318095
835,3289,42.26253154228182
835,569,35.851138223635125
836,845,114.87694537130416
836,843,94.38040309328285
837,836,224.5109167696415
837,3376,40.81742646317957
838,839,51.54939380912474
838,837,136.84216720286273
839,844,142.01795654163615
839,838,51.54939380912474
839,3377,39.21203034835555
840,2,153.99823479681146
840,1,116.27988531933055
840,4167,29.128761227672896
841,3377,34.70873301020248
841,842,149.40334447457553
841,4205,44.10446577811227
842,2721,69.66258171012277
842,17,238.20577949142154
842,841,149.40334447457553
843,836,94.38040309328287
843,4,142.40714839173788
843,44,120.720734842697
844,2721,10.382993168635604
844,3376,25.197919217933638
844,839,142.01795654163615
845,836,114.87694537130416
846,3848,301.3443820617231
846,847,116.96218066447682
846,2,144.78743868500655
847,846,116.96218066447682
847,3232,20.291158723461564
848,3246,12.319415271648335
849,1969,54.31934890963731
849,1971,41.76408060939803
850,2580,159.3483707517346
850,173,185.5027985445719
850,167,175.4485221753533
851,2284,42.85889735846991
851,559,89.41865847341799
851,2286,85.01212145418424
851,662,201.52093337369365
852,853,49.62832423315927
852,497,152.17845016098033
852,854,81.11802767736734
853,852,49.62832423315927
853,854,34.18055482532544
853,2636,43.81884453571107
854,4029,22.834981072972592
854,853,34.18055482532544
854,852,81.11802767736734
855,3241,289.0249321625657
855,864,257.2574064227173
856,885,79.21636701601201
856,1385,252.5277075519635
856,2944,53.287839940018415
856,889,22.48431260880448
857,887,65.34705592025824
857,1052,132.12383644543493
857,1055,181.3431019724349
857,1385,71.40144873662722
858,890,99.83462056108166
858,1057,53.89600693620626
858,897,94.83496937949492
858,4325,36.79621418763117
859,2941,123.60612697245585
859,3722,111.68786771316884
860,1026,95.3308634438963
860,896,120.06542931577349
860,866,67.07958321137993
861,2940,85.49249656063694
861,862,113.26717756710971
861,1026,311.38965815232666
861,892,118.9049007751047
862,940,125.19109911133788
862,1481,234.58104722280103
862,861,113.26717756710974
863,2508,168.53310054786886
863,4034,95.72761429723164
863,910,95.78374277576339
864,882,48.754319987735045
864,855,257.25740642271734
864,942,127.75066998714507
864,4034,141.8618354851354
865,881,108.23674517704319
865,942,30.895386763563724
865,883,242.70619035980542
866,894,119.20303706486973
866,860,67.07958321137993
866,895,40.20511483029854
867,868,217.7656943713258
867,930,68.09995999080353
867,3241,719.5120084974164
868,867,217.7656943713258
869,2626,413.54403674279376
869,3115,645.4932682139103
869,877,474.36951489857273
869,1359,539.1613834762271
870,2503,39.32314351243659
870,2625,15.868352402690485
871,872,86.40692877852902
871,2071,346.13884049273577
871,875,109.24177290141682
871,2503,155.07394017310412
872,873,83.88104368001606
872,3112,78.1867121514536
872,871,86.40692877852902
873,874,79.86162572415688
873,872,83.88104368001606
873,2069,116.83442953918886
874,873,79.86162572415688
874,2070,105.48840671036449
874,1356,86.53040470146397
875,871,109.24177290141681
875,3610,33.85911388153988
875,536,247.60088053696916
876,3206,240.18096077841994
876,1326,193.107923757209
876,1648,138.23350121559997
877,878,683.5981105746133
877,4399,26.97404288607187
877,869,474.3695148985726
878,877,683.5981105746135
878,3428,25.105470131434533
879,878,32.148839613296374
879,3428,16.533200806077726
880,883,44.36423349871528
881,932,53.54206706581743
881,865,108.23674517704319
881,883,144.27725104215511
882,3006,34.64634056004552
882,2425,124.14536271404924
882,864,48.754319987735045
883,880,44.36423349871528
883,881,144.27725104215511
883,865,242.7061903598054
884,534,68.87140039323981
884,888,67.84123789341412
884,885,189.97178019934756
885,856,79.21636701601201
885,886,136.62699026324117
885,884,189.97178019934756
886,1657,47.129477446611986
886,885,136.62699026324117
886,887,205.50524791902404
887,857,65.34705592025824
887,886,205.50524791902404
887,2389,59.08085580071959
887,1482,63.82837188792701
888,855,228.67886257922436
888,3006,112.20111162625628
888,884,67.84123789341412
889,2425,82.85654197804406
889,2605,135.23715100425386
890,858,99.83462056108168
890,2117,141.57501900868508
890,2118,17.098916803582142
891,893,176.20647656621793
891,895,58.21568131828222
891,892,143.54146338653757
892,891,143.54146338653757
892,861,118.9049007751047
892,1057,114.78366831518862
893,895,118.65224679432039
893,894,40.00398414301981
893,891,176.20647656621793
894,866,119.20303706486973
894,896,66.88343674766055
894,893,40.00398414301981
895,893,118.6522467943204
895,866,40.20511483029854
895,891,58.21568131828222
896,894,66.88343674766054
897,2117,47.56066955269741
897,1658,159.52228754694946
897,3364,180.93339952212324
897,858,94.83496937949491
898,1167,100.26801395189602
898,899,111.20812770002306
899,900,158.25899194653692
899,898,111.20812770002304
899,1361,639.3542359646459
900,1329,10.377642962202971
900,899,158.2589919465369
900,4026,121.36638835554284
901,1029,136.22169607612085
901,1033,371.4117781567957
901,1076,97.88731799965358
902,4214,205.45513566360643
902,1033,237.54588478361453
902,1037,161.70317168879274
903,1075,183.7630383520042
903,1040,44.128395814086886
903,947,116.91291304570659
904,3600,11.256979009162238
904,4467,252.81073866655504
904,1040,100.27365167947482
905,4010,53.33840803093034
906,500,129.13723940394456
907,3405,162.2538257737755
908,2672,59.84587933155769
908,4266,85.929235575305
908,1605,85.30543588076594
908,2117,105.87044850597194
909,3373,19.557145623970186
909,4037,102.98381610418774
910,1480,23.116771057023147
910,863,95.78374277576339
910,2604,56.206771828968044
911,4581,1158.9090468049612
911,3979,59.33066519022877
911,3980,151.55249815787118
912,914,299.7037556486701
912,3748,565.2374986046622
912,913,36.346689391486315
913,915,119.03911897765605
913,912,36.346689391486315
913,4492,72.54425889368416
914,912,299.7037556486701
915,913,119.039118977656
916,917,171.55058470689272
916,3222,53.709050677352394
916,392,82.00133388555781
917,916,171.55058470689275
918,141,509.87376359503054
918,3904,110.62685869645847
918,4223,39.092413502989075
919,3222,305.55076352750154
919,2033,136.3803608596715
920,3096,238.22778137627924
920,4016,93.59663205284456
921,3227,85.66691610554868
921,775,67.88970954933859
922,1985,125.59857462981968
922,33,155.4455645875771
923,922,197.68276216745724
923,2280,85.90234267340958
923,3051,47.4295658546235
924,925,378.50705434406126
924,40,179.35290422563463
924,1114,177.45827788354399
924,33,292.52245752842776
925,3230,272.9177517811212
925,3239,124.97117782338245
925,924,378.5070543440614
926,927,101.98407740016651
926,2299,451.5549128995357
926,1499,412.28972316202965
927,926,101.98407740016651
927,928,121.35648219156647
927,3566,106.82188524981362
928,927,121.35648219156647
928,3236,176.23257664125668
929,776,124.97184021875839
929,3566,16.818389550613126
929,2298,365.00002270823364
930,933,145.18754859756984
930,1732,544.828129551571
930,867,68.09995999080353
931,4124,9.484494272515054
931,4123,29.486122807514867
932,881,53.54206706581743
933,930,145.18754859756984
934,4126,9.943007302759128
934,4125,24.3236386299926
935,4120,10.515833086748092
935,4119,19.827403916077543
936,2874,97.82277596685189
936,3202,96.97843915623787
936,939,114.02470792996296
937,3203,101.34380619768483
937,2875,183.7880344032347
937,938,115.9699000824892
937,2874,71.49264113844875
938,1245,25.05896469733056
938,941,431.24697457868433
938,937,115.9699000824892
938,1265,276.4318718631132
939,2875,97.81708210583984
939,940,40.07758978967131
939,936,114.02470792996296
940,939,40.0775897896713
940,862,125.19109911133788
940,2507,318.94317904232804
941,2507,206.96334684341983
941,2584,122.1685079443237
941,938,431.24697457868444
942,2584,295.8486907810713
942,864,127.75066998714509
942,865,30.89538676356372
943,1031,131.26652371665108
943,4213,57.1727073695682
943,828,68.3080240867545
944,1031,271.87889198966644
944,3401,156.17139239329512
944,945,223.66639887722445
945,946,432.07999613796966
945,947,68.12431397630714
945,944,223.66639887722442
945,1029,155.9921622035056
946,945,432.07999613796966
947,903,116.9129130457066
947,945,68.12431397630714
947,948,186.0612147171728
948,949,200.65662794426524
948,947,186.0612147171728
948,1039,148.94902331452485
949,948,200.65662794426527
949,978,119.66133306849432
950,161,527.2355694655852
950,3702,118.56540427166182
950,4494,69.15475823514811
951,4080,78.60765828784132
951,2282,62.29582975797888
951,4444,87.0796318236157
951,184,134.19575690090377
952,2382,10.246216001304212
952,964,364.9782342328495
952,3771,135.90967335280152
953,1210,92.91000959069491
953,4432,258.91714696009126
954,1211,322.48151857981674
954,32,186.66112216269522
954,956,54.07747957597822
955,1958,99.94218013084847
956,955,45.24436897225356
956,954,54.07747957597822
957,3118,111.876026132935
957,960,51.98330405803503
958,2083,566.4265549811589
958,960,361.5028039522704
958,959,100.29894848984102
959,160,209.41795876654245
959,958,100.29894848984102
959,4598,168.7495732235933
960,958,361.5028039522704
960,957,51.98330405803503
961,2294,204.6422748108387
962,3487,155.443484656637
962,3488,151.00869671814934
963,1291,172.42348264109475
964,965,90.22988944294747
964,20,288.76755353796375
965,953,230.98140293159705
966,2846,36.5213167423196
966,975,39.149374267235004
966,974,40.79646100734575
967,1488,76.05767581609
967,511,96.33126383504688
967,575,84.34996059658201
968,2845,26.58330308553838
968,4070,103.60222030331445
969,4486,14.642794616470429
970,469,169.70932411475528
971,1289,82.75113032400552
971,2595,92.71670623435742
972,973,89.2167849987653
973,508,248.11171491547847
973,974,120.89938115175198
973,972,89.2167849987653
974,973,120.89938115175198
974,975,26.423365109836507
974,966,40.79646100734575
975,974,26.42336510983651
975,4303,70.06678935654793
975,2658,112.72538310110372
975,966,39.149374267235004
976,2328,141.76979035177413
976,1289,86.87228009948115
977,1489,98.87385471999775
977,976,93.28175285945144
977,3147,79.58658071248306
978,1028,126.194521193858
978,979,210.5107698257072
978,949,119.66133306849432
979,2473,370.4590295516298
980,1508,97.4029516134237
980,981,116.443825965207
980,789,84.7405092972592
981,1847,51.98630700302158
981,980,116.44382596520701
981,3043,69.1896504150795
981,985,124.95045709624178
982,791,53.56080176079725
982,1850,119.62807414670098
982,1514,94.15648800839686
982,1847,68.66492006048333
983,1844,105.10210636711457
983,2154,60.00482006077182
983,2525,21.303515313923107
984,2160,119.15378680646512
984,3045,75.18076488792234
984,2609,86.83915336501953
984,3535,76.25425112146027
985,986,107.19762851393872
985,981,124.95045709624179
985,1846,54.18956273101617
986,3593,90.85204115196514
986,987,72.95799148169436
986,985,107.19762851393872
987,3046,72.22403352483215
987,986,72.95799148169438
987,556,125.15039960759353
987,1849,130.22374114727342
988,254,99.61120754985839
989,3550,51.12751610814654
989,1843,68.52660791241485
990,3381,75.77981871237722
990,2523,57.062763153669934
990,992,253.58790724952678
991,992,72.41090969565053
991,651,93.68591369632189
991,3381,213.07813299906718
992,991,72.41090969565053
992,1483,39.19650924671509
992,990,253.58790724952675
992,3844,233.52734994276642
993,648,17.899258194831546
993,651,152.93735643214413
993,829,93.68681021587022
994,1017,135.37909413686052
994,997,76.21783799004642
994,1004,42.163452989261586
995,996,101.54985270114909
996,997,306.8913723194034
996,997,79.71460614133193
996,995,101.54985270114909
997,996,306.8913723194034
997,996,79.71460614133193
997,994,76.2178379900464
998,1017,144.0761893836083
998,4565,215.72795155505025
998,2754,332.31264426248384
998,1012,57.35136682848345
999,1016,290.1702848573314
999,1023,96.53800550972332
1000,1001,322.2680508073395
1000,1015,229.89491893046062
1000,999,196.9057542845253
1001,630,175.04117647846923
1001,1013,60.4132543303885
1001,1014,88.60028727608992
1002,1014,70.002052228116
1002,1021,158.92362932262978
1002,1011,34.37744530140472
1003,3809,112.68781969742282
1003,1020,81.17437452776005
1003,4565,9.926439092760578
1004,1009,148.98286457764257
1004,628,149.27876563728628
1004,994,42.163452989261586
1005,1007,116.27244073303875
1005,1061,93.67523207282197
1005,2878,59.61083999320545
1005,1019,57.978760398704715
1006,1008,181.1640101825104
1006,629,85.70194694666937
1006,2878,89.28603260972545
1007,1005,116.27244073303875
1007,1009,64.54051349974411
1007,1008,150.33208046432497
1008,1010,67.50011957868695
1008,1007,150.33208046432495
1008,1006,181.16401018251037
1009,1007,64.5405134997441
1009,1004,148.98286457764257
1009,1010,135.57135456498548
1010,628,143.62261794843909
1010,1008,67.50011957868693
1010,1009,135.57135456498548
1011,1061,108.74424419278145
1011,1002,34.37744530140472
1011,1070,22.64945213328258
1012,1013,195.3812211979211
1012,630,56.6912170303357
1012,998,57.35136682848346
1013,4565,82.8691449149592
1013,1001,60.41325433038849
1014,1019,190.6189498539144
1014,1001,88.60028727608992
1014,1002,70.002052228116
1014,1015,144.72153053280869
1015,1021,141.16205488337476
1015,1000,229.89491893046065
1015,1014,144.7215305328087
1016,1000,102.14711955254373
1016,999,290.1702848573314
1016,1525,161.12972315030208
1017,998,144.0761893836083
1017,994,135.3790941368605
1018,1017,240.16840751614106
1018,1019,32.303840381054144
1018,630,20.011346807977695
1019,1014,190.61894985391436
1019,1005,57.978760398704715
1019,1018,32.303840381054144
1020,1525,66.83787201182167
1020,3575,109.35115993986003
1020,1003,81.17437452776005
1021,1022,261.1539448101191
1021,1070,220.21402521585696
1021,1015,141.16205488337476
1021,1002,158.92362932262975
1022,1023,109.65235311226212
1022,1021,261.1539448101191
1023,1024,5.39532678876356
1023,999,96.53800550972332
1024,1023,5.39532678876356
1024,3600,79.20241855848484
1024,1025,574.0101199772732
1025,1024,574.0101199772733
1026,860,95.3308634438963
1026,2866,97.24223184204178
1026,861,311.3896581523266
1026,1723,203.08626313034875
1027,4470,8.123698884911942
1027,2473,121.72848378188195
1027,4467,287.1827390868198
1028,978,126.194521193858
1029,1030,147.76197899226807
1029,945,155.9921622035056
1029,901,136.22169607612085
1030,4256,21.09143057682114
1030,3391,184.9077245352277
1030,1029,147.76197899226807
1031,944,271.87889198966656
1031,943,131.26652371665108
1031,1032,101.68763303867746
1032,4216,86.5439148431779
1032,4217,12.532862897413334
1032,1031,101.68763303867746
1033,1034,203.1683283048203
1033,902,237.54588478361453
1033,901,371.41177815679566
1034,1033,203.1683283048203
1035,1036,212.60803448521582
1035,991,316.5486262976882
1035,1037,46.06059621911548
1035,3843,76.3900912403861
1036,1035,212.60803448521577
1037,902,161.7031716887927
1037,1035,46.06059621911548
1037,2880,95.94133560504058
1038,3401,24.388426085510034
1038,4212,59.450842291561784
1039,1040,202.30305076176896
1039,948,148.94902331452485
1039,1041,374.4396262903763
1040,904,100.27365167947484
1040,903,44.128395814086886
1041,1039,374.4396262903763
1042,777,227.05091505170552
1042,1499,211.7448475736103
1042,1,277.0583820264522
1043,456,1277.2701016575556
1043,3407,73.14074545602818
1043,4255,125.90845757785807
1044,4254,24.99591271089777
1044,2873,627.2700946681457
1045,544,159.0342313473597
1045,3243,439.1833612083233
1046,3113,44.934753934827114
1046,1047,102.10200966239344
1046,1375,88.39496107711636
1047,2316,147.75590673170987
1047,1619,119.73507258977318
1047,1046,102.10200966239344
1048,1383,85.07120929062125
1048,4326,232.78369848564384
1048,4071,137.73405810649732
1049,266,17.376150322488822
1049,2371,45.69942882557595
1050,1049,65.82168328624643
1051,4229,7.975950083895421
1051,178,121.15657785455798
1052,1053,166.23132387471375
1052,857,132.12383644543493
1052,2604,134.39989509727857
1053,1480,37.703257898368534
1053,1052,166.23132387471375
1053,1481,63.763602150838395
1055,4325,195.12602865341356
1056,3615,23.005228276030255
1056,1055,61.493222901281285
1056,1057,209.02720111045002
1057,858,53.89600693620627
1057,1056,209.02720111044997
1057,892,114.78366831518863
1058,3860,241.4079664236436
1058,1722,128.43872695571915
1058,4452,21.229292060811453
1058,4453,29.662603586514987
1059,1259,92.03972546286123
1059,1721,136.28600961561474
1059,3860,80.45346028330599
1060,3903,64.45857102649379
1060,3852,19.124595955829918
1060,3851,57.76596925507596
1061,1011,108.74424419278145
1061,1005,93.67523207282196
1062,1071,44.30438372176939
1062,529,79.59427497683906
1062,629,84.56064935386516
1063,1035,72.75042876538092
1063,3843,14.557089856481312
1064,2104,104.84178814511044
1064,688,58.36888390820618
1064,3454,19.432522147433716
1065,1179,98.13732597922072
1065,4261,54.73116659032438
1065,1066,148.53444257800822
1066,26,97.93216866753414
1066,520,77.018316554422
1067,1407,168.18190892337444
1067,1409,221.44283971030046
1067,2078,496.79947208405275
1068,1423,107.16894293739618
1068,2077,123.19053696674303
1069,2725,77.81689887528226
1069,4496,87.79052338967229
1069,1411,124.01901013049365
1070,1011,22.64945213328258
1070,529,52.27133918056449
1071,1061,113.53718703503172
1071,1070,100.50717270983542
1072,3143,53.58706530869601
1072,2839,88.37986565389824
1072,2566,69.8040714813192
1072,1223,127.33816887208245
1073,1074,128.5047196137118
1074,1073,128.50471961371184
1074,3273,84.71878914741032
1074,2557,74.47842512323815
1074,3473,194.27173000505852
1075,903,183.7630383520042
1076,901,97.88731799965358
1077,3556,72.48991747615544
1078,2159,84.83563568439575
1078,798,74.88146839847631
1078,797,59.25747081063698
1079,1078,79.60510076858421
1079,1837,65.84901820761043
1080,1841,45.66709903279765
1080,1842,87.2152028817126
1081,2374,30.98568067157055
1081,1080,124.29874757993561
1082,3261,111.0809062931643
1082,1080,76.25527135611622
1083,4462,7.9563006193226276
1083,2154,83.20396603667645
1084,1839,53.12469811512788
1084,812,56.307097885145545
1084,2659,95.62155216204783
1084,1082,94.63434843462169
1085,2520,279.7413948990305
1085,4098,40.040308303537465
1085,3144,50.45548247218949
1086,1197,55.981484091080084
1086,1096,158.07534901532892
1086,1100,141.07289910055596
1087,1099,36.51352919428844
1087,1088,108.03940799481991
1087,3452,43.35562260325128
1087,1100,41.59095570427327
1088,1319,95.18139311678827
1088,1087,108.03940799481992
1089,1092,66.79342004379869
1089,1094,82.76862919831196
1089,1090,66.81289279468508
1090,2395,79.319935047419
1091,2376,63.56454476638259
1091,1323,52.55877395356751
1092,1088,59.14916116201506
1092,1093,76.1186472750674
1093,1094,65.08994973402253
1093,1099,71.91084763986997
1094,1093,65.08994973402253
1094,1098,37.242903520875316
1095,1090,84.92497916910943
1095,2515,126.56684178551055
1095,1098,31.39684332965379
1096,1097,62.79873396259959
1096,1086,158.0753490153289
1096,2522,76.06409621885642
1097,1098,125.30291234776267
1097,1096,62.79873396259959
1098,1097,125.30291234776269
1098,1094,37.242903520875316
1098,1095,31.39684332965379
1099,1097,135.33737927211368
1099,1087,36.51352919428844
1099,1093,71.91084763986997
1100,2522,49.74629120340288
1100,3452,28.15919705697491
1100,1087,41.59095570427327
1100,1086,141.07289910055596
1101,2777,92.56614902276283
1102,3766,135.43001946187968
1102,3367,230.00595916983144
1102,1103,83.47938493080181
1103,2668,124.06927105115618
1103,1102,83.47938493080181
1104,1105,94.4519043195776
1104,2146,41.152483699171
1104,1148,179.91889047047016
1104,2669,139.99387695642213
1105,1104,94.45190431957761
1105,1106,98.81750794650543
1106,4277,226.28633618476042
1106,4276,105.11143647653914
1107,2741,3.421159918032582
1107,1108,691.6422755329254
1107,3078,80.45842345201982
1108,3978,158.94569430508275
1108,3935,309.56804257713617
1108,1109,29.850513069655594
1108,1107,691.6422755329256
1109,3726,57.98387659081241
1109,2528,80.96425068770672
1110,1112,94.07639394184704
1110,2131,139.25303570719728
1110,2740,128.03389253127804
1111,2133,174.59688544878145
1111,3136,66.56326288237261
1111,258,296.945298423735
1111,2132,124.81369810771734
1112,1113,71.15615144204743
1112,1110,94.07639394184704
1112,2549,85.53492321714484
1113,1112,71.15615144204742
1113,2132,276.2751491239056
1113,261,596.2129515582649
1114,924,177.458277883544
1114,1116,290.0178680450363
1114,2961,110.43047822617741
1115,4082,33.36021501974248
1115,2961,174.93826320073518
1115,1355,68.58704654374961
1116,1114,290.01786804503644
1117,194,111.07481566412001
1117,3331,29.296100434091585
1117,1787,141.88500045750482
1117,1352,273.37332986513394
1118,1499,219.24251725936745
1118,1119,105.49419995763787
1118,777,174.63032820949027
1118,4442,251.89564060662815
1119,1120,125.32254618883653
1119,1118,105.49419995763787
1119,3237,125.28705609702293
1120,1121,52.831237647791866
1120,1122,88.90564729280277
1120,1119,125.32254618883653
1121,1120,52.831237647791866
1121,1122,113.68755414456314
1121,3161,61.87760676607215
1122,1123,33.81941616340871
1122,1120,88.90564729280277
1122,1121,113.68755414456314
1123,1122,33.81941616340871
1124,3953,11.416027135280792
1124,4191,303.14189461016616
1124,3760,102.79081431665603
1125,4028,320.06710507129543
1125,1127,168.3495119990358
1125,3918,107.26811882604922
1125,1126,97.24018614846784
1126,1963,306.7159594476115
1126,1125,97.24018614846784
1127,1125,168.34951199903577
1127,3734,172.75337513003979
1127,58,187.01549313995915
1128,4581,54.863799196919096
1129,1128,72.37982120902079
1129,1130,474.1832820477696
1129,1389,153.0352664717291
1130,1129,474.1832820477695
1131,2587,170.0412468044196
1131,1130,115.09117000684267
1131,1773,415.1939053271937
1131,1134,106.84269054066571
1132,2370,18.55226460255916
1132,1145,203.35210431624228
1132,1777,66.96058677960096
1133,2606,4.62164315476276
1133,1145,213.49706285149554
1133,1832,1567.2526767237357
1134,1140,57.94519433513184
1134,4415,77.70415439357265
1134,1131,106.8426905406657
1135,1777,62.97557891027185
1135,1136,167.21471078372073
1135,2637,166.06922336292726
1136,3344,32.33967771807083
1136,4293,20.00971270793164
1136,1135,167.2147107837207
1137,1763,49.30328132240305
1138,1697,116.43002550963149
1138,1696,138.76226606665435
1138,1754,114.19913966676967
1138,1686,103.79329418847156
1139,4143,33.69034574434227
1139,4142,61.434025610658736
1140,4001,168.31346432738607
1140,1134,57.94519433513184
1140,1142,86.8887038073031
1141,1142,139.8058051692052
1141,3955,89.81225845801556
1142,1143,124.57678308781637
1143,1135,61.12578757993994
1144,2370,89.17903464685958
1144,2368,191.07843408848348
1144,1776,64.96264588529104
1144,3993,133.45419175939873
1145,1132,203.35210431624225
1145,1133,213.49706285149554
1145,4434,72.01992151067188
1146,3294,119.45658343731786
1146,2314,162.91731225654513
1146,3769,232.22936813893307
1147,2141,195.52810243266958
1147,2146,65.65786123875398
1147,1150,177.64520140714387
1148,2149,90.45678960870835
1148,2145,39.95810881120887
1148,3571,57.4604643242657
1148,1104,179.91889047047016
1149,2145,31.160220948757296
1149,2147,154.13332129490448
1149,3859,51.801945337086444
1150,3859,9.630126593366445
1150,1147,177.64520140714387
1151,3042,79.20373507783552
1151,2139,174.0888401211013
1151,1152,24.29662302923828
1152,3032,156.9069183538531
1152,1153,439.95852823638154
1152,1151,24.29662302923828
1153,4130,57.26469716253402
1153,1152,439.95852823638154
1153,2747,42.84657935152604
1154,1155,157.53642577385682
1155,1156,183.14588328616856
1155,1158,140.94782442377453
1155,1154,157.53642577385688
1156,1155,183.14588328616856
1156,1158,160.28582186368496
1156,1157,72.71246302147296
1157,2466,282.6186963383841
1157,2310,128.08691678839097
1157,1156,72.71246302147296
1158,1156,160.28582186368496
1158,1155,140.94782442377453
1158,1162,98.08447140416861
1158,1159,99.59228602223126
1159,1160,141.59780110384898
1159,1158,99.59228602223126
1159,1161,75.54206671093564
1160,1159,141.59780110384898
1161,2417,283.5895229321499
1161,3977,164.63697371615257
1161,1159,75.54206671093564
1162,1163,200.44866601466194
1162,1158,98.08447140416861
1162,1156,235.07505334931574
1163,1162,200.4486660146619
1163,1164,20.567426785984345
1163,2466,155.99761285946866
1164,2313,75.72427146156488
1164,2436,132.7895874884141
1164,1163,20.567426785984345
1165,3534,71.0011824535631
1165,1166,52.23541814554804
1165,2436,66.42311811207804
1166,2415,66.76250083860052
1166,2645,51.15019273202998
1166,1165,52.23541814554804
1167,537,80.92587440668603
1167,1654,397.7400781169215
1168,1968,13.2927622538594
1168,4519,13.790780628161572
1169,1172,88.45477344151132
1169,1170,56.05998866385316
1169,1175,68.91421961144202
1170,4257,84.56886183877005
1170,1176,64.73675307670797
1171,4257,8.461472979652013
1171,42,76.4942401788796
1172,1174,40.440233498935484
1172,4257,44.68589448914866
1173,1169,42.20028306631848
1173,765,33.70534115169658
1174,1172,40.440233498935484
1174,1173,91.62443783578945
1174,518,67.34978019649168
1175,3382,76.81713187488685
1175,1176,53.71687137315294
1175,1169,68.91421961144202
1176,2815,55.68803701603465
1176,1170,64.73675307670797
1177,1180,42.95834264590565
1178,3408,67.88495681349977
1178,455,100.46860690575095
1179,1065,98.13732597922072
1179,4262,83.63100551157403
1179,674,109.41870808913615
1180,521,85.64060439756894
1181,2269,43.6888738627278
1181,455,83.92948624983872
1182,2849,343.55349904272765
1183,1184,372.287959000068
1185,1186,109.32675179898183
1185,1183,37.34661432510562
1186,2623,9.78148249076598
1187,1182,42.55821943290725
1187,1188,26.547139466118917
1188,1185,7.430637499741971
1189,1182,84.08713413302969
1189,2624,48.187625915929864
1190,2611,499.6431619310595
1191,1192,413.1282019177306
1191,2611,999.5812038259133
1192,1186,34.20056285418707
1193,2309,183.0160631254083
1194,2461,124.27037671675248
1194,524,40.14316808434587
1194,4474,17.240526916101736
1194,3137,170.74948448720613
1195,4509,377.99061692369656
1195,1196,204.11503639441543
1195,4474,81.72734140024787
1196,1195,204.11503639441543
1197,1198,46.217828645160246
1197,1086,55.981484091080084
1197,251,114.17193775921965
1198,1199,113.76530293388387
1198,1197,46.21782864516025
1199,1198,113.76530293388386
1200,1201,99.41840930443166
1201,1200,99.41840930443166
1201,251,143.20308149007803
1201,1198,84.169407824721
1202,1956,100.12414633464891
1202,166,85.21221329276278
1203,1205,260.3835507561246
1203,1204,217.88123408775323
1204,1203,217.88123408775317
1204,4584,564.3867208121471
1205,1203,260.3835507561246
1205,2571,946.9216905177257
1205,1207,94.87365168879603
1206,3049,108.8970912457435
1206,1207,174.39268199931416
1206,4226,15.590062594507371
1207,515,250.51879762843225
1207,1206,174.39268199931414
1207,1205,94.87365168879604
1208,4584,168.63206102264476
1208,3770,592.2566267842375
1208,4582,77.59268730655614
1209,1957,23.075824463256396
1209,4432,87.22868334776634
1210,29,191.65436617920602
1211,3048,55.66193438527851
1211,1213,103.29536022497166
1211,954,322.48151857981674
1212,3489,7.849817340429441
1212,32,498.12728273050516
1212,1213,107.74501518588538
1213,1212,107.74501518588538
1213,2082,181.2886068098401
1213,1211,103.29536022497169
1214,243,88.95046885745367
1214,1216,105.58745298536084
1215,1214,93.75380051291577
1215,1217,105.62969913671172
1216,455,61.16505195058591
1216,1214,105.58745298536083
1216,2768,79.17171646716918
1216,1217,89.7126217013981
1217,1218,48.76928890395128
1217,1216,89.71262170139812
1217,2274,82.78186509130222
1218,3607,115.4744375209326
1219,1973,35.79405818404265
1220,1227,39.19550867498454
1220,1227,269.76317943010616
1220,3665,64.79587290235705
1221,3017,136.74354951703094
1221,1230,52.87867599354177
1221,1232,51.249782578803035
1222,4324,123.26506501432138
1222,2556,49.2259068451114
1222,2562,116.33124819966307
1222,1230,71.66155543561386
1223,1072,127.33816887208243
1223,2567,55.24164210406027
1223,3018,27.621491714621758
1223,2565,68.81679847433385
1224,1225,85.51189494839815
1225,1227,43.311697749543946
1225,3659,104.34526600760039
1225,1224,85.51189494839815
1225,2890,31.89586156539572
1226,3016,32.60610270190594
1226,2888,62.430574314470284
1226,3066,27.753266665147514
1227,1220,39.19550867498454
1227,1220,269.7631794301061
1227,1225,43.311697749543946
1228,2865,93.24379886283106
1228,3527,14.168890752663195
1228,2900,76.37526804543718
1229,2885,39.4853254865716
1229,2886,93.23776461553163
1229,4516,65.3927334880186
1229,2859,46.45274183888217
1230,3276,132.85786848371364
1230,2557,63.19434231067246
1230,1222,71.66155543561386
1230,1221,52.87867599354177
1231,2560,62.64395164539918
1232,2895,91.7017591567466
1232,2560,65.79099695590719
1232,1221,51.249782578803035
1233,2897,15.708967945085245
1233,2899,43.46465016496559
1233,1232,141.53751842486193
1234,3183,8.150966033731537
1234,1238,85.73479819098245
1235,1236,43.57030121847568
1235,1237,25.214711375847415
1236,1237,58.29014885400684
1236,1299,54.376643699766376
1237,1528,39.91193054632547
1238,1235,69.22435670778854
1238,1240,76.91232601022615
1239,1240,345.3716585700863
1239,4139,533.8787376458858
1240,1239,345.3716585700863
1240,3073,25.24236693758762
1240,1238,76.91232601022615
1241,2999,129.92606930186727
1241,4542,122.38994609044124
1242,312,335.83419045448534
1242,2698,303.2529158354571
1243,2942,336.83701122524354
1244,1265,450.4172883073402
1245,938,25.05896469733056
1246,1736,222.46546082835894
1246,1735,68.53979619020852
1246,2861,345.64588101893486
1247,1251,36.627514265320734
1247,1720,95.65471143732445
1247,3109,99.42950153294183
1248,1720,90.68201366306513
1248,1249,27.431467137116908
1248,3109,26.727898193443554
1249,1726,70.52988375853359
1249,1721,133.9078811442532
1249,1248,27.431467137116904
1250,4536,5.745057085558136
1251,1247,36.627514265320734
1251,3110,49.435910010585
1251,1256,62.03908662198053
1251,1718,54.76199892163707
1252,3375,79.36322795070667
1252,1255,72.86434876705793
1252,1718,63.996078592095735
1253,1255,180.32200709336428
1254,1719,10.83316491267303
1255,1253,180.3220070933643
1255,1257,58.87213978486469
1255,1252,72.86434876705792
1256,1257,152.8230305021204
1256,1251,62.03908662198053
1256,4116,61.869029380008094
1257,1256,152.82303050212042
1257,4117,51.19353742890147
1257,1255,58.87213978486469
1258,1263,81.72244765088006
1258,1262,78.39449375414935
1259,3711,9.600399926254436
1259,1059,92.0397254628612
1259,1723,91.71912249330776
1260,310,48.238290693885915
1260,2620,128.43472291131334
1261,1263,77.0320074047354
1261,4317,24.052628401886263
1261,4059,94.79559335600341
1261,1262,100.36710420290837
1262,1261,100.36710420290838
1262,1259,124.40108418830901
1263,1258,81.72244765088004
1263,1261,77.0320074047354
1263,2387,101.99335023659123
1264,2866,146.88346697118033
1264,2387,178.87954586667468
1264,1265,106.88037577461783
1265,938,276.4318718631132
1265,1244,450.41728830734013
1265,4111,164.02465338098338
1265,1264,106.88037577461783
1266,1250,75.86723490683384
1266,1258,74.39628110767589
1267,1530,10.317466953413776
1267,4138,18.9666260507769
1267,3277,16.719931657338865
1268,4590,85.55934613706329
1268,2995,355.7665006422354
1268,1543,136.26030026535184
1269,2760,683.6846405005243
1269,2702,357.6361828022424
1270,1725,308.4392087907004
1270,3123,199.07929438047563
1271,3318,13.614634186037785
1271,479,359.9684253597915
1272,1275,308.9799056226049
1272,2864,2195.7215369480964
1273,2406,296.44515311497105
1274,1275,201.83486121220528
1274,3310,87.65690776383299
1275,3765,137.75004268743444
1276,1885,111.46055258352638
1277,3761,170.69895462830635
1278,1568,170.07960747079503
1278,2970,200.9814894872994
1279,2969,353.6164306871038
1279,1273,591.0466205650779
1280,3932,23.653629944021556
1280,1276,172.5994278804498
1281,1282,33.01221180420567
1281,1283,173.36654882588783
1282,1284,45.26870360426825
1283,1277,249.43068888816643
1283,1568,112.45007047784182
1284,1280,49.822337198610086
1284,295,120.89717116547061
1285,1802,71.43999554163688
1286,3335,115.14633203108508
1286,1288,50.3271129092049
1287,1288,159.43127757859472
1287,3954,443.1332178863268
1288,3973,73.7346981702586
1289,3147,84.673120296008
1290,3439,24.929675118664825
1290,4206,75.35222290182135
1290,3330,64.61954957537907
1291,2505,60.89481803142951
1291,3970,210.6342965489194
1292,1693,172.96646459870965
1292,1704,68.82627468069902
1292,547,25.929105738809188
1293,1532,25.782112488638923
1293,3522,110.70885855971125
1293,3441,111.27615704851736
1294,1308,40.24313594500995
1294,2381,178.83094114988393
1294,2843,203.31694972980364
1295,4478,290.62296868667073
1295,1301,107.4745680465787
1295,1305,129.04791579967312
1296,1297,525.3939498991497
1296,3313,259.8350788775753
1296,1311,94.25528565335978
1296,1299,129.35284524591268
1297,1302,218.39964483152028
1297,1296,525.3939498991497
1297,3313,202.81252899217893
1297,4180,13.209919457907514
1298,3084,11.727889311800212
1298,1302,215.3381414189712
1298,4478,160.34319703259192
1299,1296,129.35284524591268
1299,1536,229.5690074577723
1299,1236,54.376643699766376
1300,1304,123.33414290921918
1300,1308,93.44088817706587
1301,3084,278.04182679794883
1301,1304,270.27487300736476
1301,1306,116.59323328745948
1301,1295,107.4745680465787
1302,1303,157.79289588812273
1302,1298,215.33814141897113
1302,1297,218.39964483152028
1303,1302,157.79289588812276
1303,3083,109.46832269211421
1303,1310,178.86785318750137
1304,1301,270.27487300736476
1304,1300,123.3341429092192
1304,1305,291.0157695843445
1305,1304,291.0157695843446
1305,1295,129.04791579967312
1305,2690,139.8686318201951
1306,1301,116.59323328745951
1306,1316,378.25430546413145
1306,1308,380.2296188225987
1307,3441,235.286660264469
1307,2690,341.9815323050359
1307,1300,115.54070454373489
1307,1535,340.1429189804337
1308,1294,40.24313594500995
1308,1306,380.2296188225987
1308,3441,229.1002972583006
1309,1310,220.2734265433077
1310,1309,220.27342654330775
1310,1303,178.8678531875014
1310,3521,138.2743065015951
1311,1296,94.25528565335976
1312,2843,137.1095301916945
1313,2997,212.97767952289865
1313,3417,381.0440449997142
1313,3138,187.14764706680083
1313,1317,75.5829822341341
1314,1317,28.270762637895388
1314,3139,174.55367495278833
1314,1315,48.57863174699887
1315,1314,48.57863174699887
1315,1316,70.56341651357542
1316,3085,321.03142919400597
1316,1306,378.2543054641315
1316,1315,70.56341651357542
1317,1314,28.270762637895388
1317,1318,80.55923828645791
1317,1313,75.58298223413412
1318,4558,42.47223383797216
1318,1315,189.3943868089808
1319,1321,92.30682985639862
1319,2451,43.83048926666311
1319,1088,95.18139311678829
1320,1091,52.51504045004523
1321,1089,82.0096901129491
1322,1324,69.65500226339792
1322,2375,99.00281485461751
1323,1091,52.55877395356751
1323,2765,66.06351057668388
1324,816,21.5672194195159
1324,3869,84.60643368635799
1325,2152,57.35392555767386
1325,2517,38.823838701495596
1326,876,193.10792375720894
1326,536,93.88512952518249
1326,3416,65.48590427938973
1327,1328,56.84601457798
1327,3976,336.08546030182123
1327,2411,382.3963157519176
1328,1327,56.84601457798
1328,1330,89.64260285919282
1328,2978,65.59638305418594
1329,4187,6.663484135837349
1329,900,10.377642962202971
1329,3416,21.334051350987405
1330,2540,197.07956729028456
1330,1328,89.64260285919283
1330,1332,97.85950843175746
1331,4072,344.5027533051401
1331,2980,97.54126691996703
1331,4027,217.9724716604158
1332,3220,174.41041038050986
1332,1330,97.85950843175746
1333,537,101.01988531967127
1333,1649,135.82261408166534
1333,2980,60.23084948178969
1334,1406,70.94583850723266
1334,3837,445.61638016452986
1334,4353,143.3256268923971
1335,2844,105.22749298736426
1335,3414,106.8946103176676
1335,1479,119.39243888397638
1336,1594,161.02205430257595
1336,3304,71.4497876100787
1336,4329,31.957023183940905
1337,4326,47.70588787513722
1338,2697,183.67848636383246
1338,1339,65.78508668988314
1339,1343,83.5613009270164
1339,3002,113.31297704112416
1339,1338,65.78508668988314
1341,1342,57.71239827945792
1341,3003,89.09636181298582
1342,1341,57.712398279457915
1342,2618,65.47579732799394
1342,309,73.39681025398397
1343,1339,83.5613009270164
1343,2621,138.23646300768402
1343,1344,53.819540065549916
1344,1343,53.81954006554992
1344,1341,88.04032147249706
1344,3003,93.32413369617834
1345,3432,37.22181139807557
1345,1548,138.10612952637356
1345,311,89.76272240254335
1346,2926,105.00325704776114
1346,2677,117.49915591905886
1346,4355,48.784352069470486
1346,3308,90.83240192042227
1347,1574,180.2144957226347
1348,2923,105.29386291678779
1348,4570,127.41864102875668
1348,4448,36.04435217241867
1349,2930,110.40043135997746
1350,1351,143.6571419871291
1350,1727,141.68856639826987
1350,3004,91.45633799023324
1351,3004,178.82741603115966
1351,1724,26.28401824470142
1351,1350,143.6571419871291
1352,3820,4.319482930145952
1352,2096,125.31095821341962
1352,1117,273.37332986513394
1353,1371,163.49200622599542
1353,2098,144.57059506348645
1353,1752,95.87379579342442
1353,3820,130.66942163693207
1354,1373,49.72543268238742
1354,1369,163.09148622229796
1354,3794,85.97637493369365
1355,1980,201.79817490368782
1355,1115,68.5870465437496
1356,874,86.53040470146397
1357,2752,52.280560469155866
1357,4067,137.50572995109715
1357,1397,46.9129842770052
1358,1425,118.6367104009301
1358,4353,8.207120815473623
1359,869,539.1613834762272
1359,2072,400.71602119413063
1359,2071,523.8211281105465
1360,43,705.7449903662323
1360,4436,164.42254006181733
1361,4031,8.347290270365786
1361,899,639.3542359646461
1361,1627,310.02453311642074
1362,2412,12.225469001964047
1362,4531,16.801563711641098
1362,4530,12.131383633895847
1363,4441,182.7541695497998
1364,1366,251.06685105437998
1364,2832,16.54429474705037
1364,3921,91.38130502929373
1365,2398,37.38221760880241
1365,528,33.26429254163637
1366,1364,251.06685105437995
1366,1367,89.49957397712288
1366,1368,101.73861506984943
1367,3922,32.60657583465551
1367,1366,89.49957397712286
1367,4409,115.62728499766277
1368,1371,510.15904082509394
1368,1366,101.73861506984944
1368,2757,386.68141524982576
1369,2757,37.37955690503516
1369,1354,163.09148622229796
1370,1369,239.67338031403358
1370,2826,130.4593043142386
1370,2678,34.46760870701401
1371,2099,185.25288950055702
1371,1353,163.49200622599542
1371,1368,510.1590408250939
1371,1494,414.19531214544963
1372,1503,111.45346289571042
1372,1752,302.4053270911833
1372,1506,90.81243354060125
1373,1354,49.725432682387414
1373,3806,124.3134668216258
1373,3816,52.567628324704216
1374,3806,3.3816003427768946
1374,2099,63.79576399130609
1374,3805,43.206510604131644
1375,1376,130.58290036363806
1375,1046,88.39496107711636
1375,3399,609.7115722175189
1376,1375,130.58290036363806
1377,3451,16.366078613134956
1377,3363,58.446640226939444
1377,1378,70.88709819038456
1378,1747,146.03582009324327
1378,1384,343.63029182495075
1378,1377,70.88709819038456
1379,1380,159.8823494127241
1379,3364,114.0989824846563
1379,4330,33.13119475656734
1380,1381,186.3851553112425
1380,1379,159.88234941272412
1380,1482,114.03179014103866
1381,1380,186.3851553112425
1381,3363,27.16919200858701
1381,4331,105.14076359037959
1382,4331,147.42527955847132
1382,4326,106.33993912128423
1383,1748,12.671760086028792
1383,1048,85.07120929062125
1383,1382,152.23797044942495
1384,1378,343.63029182495075
1384,264,63.20276346705233
1384,1748,80.34985402822426
1385,857,71.40144873662722
1386,1639,37.86235682410624
1386,2672,142.0137206142687
1386,4100,97.05761887326459
1387,1388,82.37879309008397
1387,1640,27.718695973790847
1388,1387,82.37879309008397
1388,4039,79.99197480526887
1388,2388,89.35595263679662
1389,1129,153.03526647172907
1389,3992,267.15412982713127
1390,2491,62.65708095945287
1390,4064,77.08657197257695
1391,1392,76.61102826473626
1392,3917,49.0322757854647
1392,2017,65.05665426441902
1392,2013,90.18720357302698
1393,2015,291.1762226402291
1393,4094,39.670238014414906
1394,1183,72.77640991944924
1394,1188,38.25405478541945
1395,1415,230.0105874270563
1395,1417,92.33365372346101
1396,1414,233.4802461171837
1396,3986,166.15496027731638
1396,1416,75.66985620605985
1397,3986,103.66126967634268
1397,3839,123.64969622329261
1397,1357,46.9129842770052
1398,3986,164.4945932178851
1399,3986,121.96077711912636
1400,1416,122.05168151175475
1400,2848,133.27829697547077
1400,2074,72.34250550680954
1401,1402,94.36490227563894
1401,4578,303.97684852019876
1401,2688,308.5765601350751
1401,4119,75.98072403093578
1402,1401,94.36490227563897
1402,1406,175.16049196124953
1402,1735,108.89394513655667
1403,2688,180.66290296710898
1403,1405,134.10646851675668
1403,1404,131.82677712349496
1404,3708,19.27048876332293
1404,1403,131.82677712349496
1404,4122,240.256681761648
1405,1403,134.1064685167567
1406,1402,175.1604919612495
1406,1334,70.94583850723265
1406,1736,163.20357347054355
1407,3728,161.4638163362843
1407,4496,39.17295033329599
1407,1067,168.18190892337444
1408,3728,133.2903086945652
1409,2078,206.5312365388587
1409,1067,221.44283971030052
1409,1729,53.50719473287552
1410,2730,188.42207932459257
1410,1729,95.64506850111908
1410,2758,274.54734770094433
1411,2077,101.52026942225069
1411,2759,247.19033356284817
1411,1069,124.01901013049368
1412,3898,98.20700058311748
1412,2729,162.70833548775002
1412,3484,736.3744628495009
1413,3150,218.66582038738045
1413,1414,54.71994678941262
1413,3898,152.2562054741813
1414,1396,233.4802461171837
1414,1413,54.71994678941262
1414,1417,17.814904845143225
1415,1395,230.0105874270563
1416,1417,397.81965233229045
1416,1396,75.66985620605986
1416,1400,122.05168151175475
1417,1395,92.33365372346101
1417,1414,17.814904845143225
1417,1416,397.8196523322905
1418,4368,6.540665695473419
1418,2769,104.08257914872968
1418,1420,177.27898581215732
1419,1420,89.24846070370886
1419,4066,86.07629168353256
1419,4367,46.33785026007479
1420,2729,114.4552263624285
1420,1419,89.24846070370884
1420,1418,177.27898581215732
1421,2730,186.73842721777783
1421,2076,161.17138265555738
1421,1422,110.98646178631351
1422,2075,77.97321392329611
1422,1423,150.11434848133274
1422,1421,110.9864617863135
1423,1424,104.03484517678335
1423,1422,150.11434848133274
1423,2847,166.06661281541128
1423,1068,107.16894293739618
1424,4366,6.219004637534852
1424,1423,104.03484517678332
1424,1425,212.25760579117122
1425,1358,118.63671040093011
1425,2752,68.3126109535506
1425,1424,212.2576057911712
1426,1473,31.062438741859122
1426,1803,91.10846677824483
1426,263,242.44419513806562
1427,1428,59.68309296632077
1427,269,22.122525506799803
1428,1429,119.26349867338479
1428,1427,59.68309296632077
1428,1441,191.20308425810563
1429,1440,118.16024276280211
1429,1428,119.26349867338479
1429,1443,75.17602618765483
1430,2931,19.06644098982281
1430,1445,162.27891742563537
1431,1432,278.17162509057977
1431,1434,89.64799903895398
1431,1440,195.73867268567935
1431,1438,110.79922363798508
1432,1433,87.58592628473787
1432,611,164.1399217327711
1433,1432,87.58592628473787
1433,1434,233.15735174723292
1433,3808,83.11563111248381
1434,1431,89.64799903895398
1434,1713,99.54242414504205
1435,1441,106.51638153645666
1435,2372,71.08277998216403
1435,1434,239.05581522725583
1436,269,201.88463325826152
1436,4378,54.277617167999196
1436,1441,75.76587124878677
1437,1707,17.17299074085301
1437,267,198.15287144586517
1438,1439,120.81358543243752
1438,4177,52.65195211750592
1438,1431,110.79922363798508
1439,1444,53.603758377061
1439,1438,120.8135854324375
1439,1445,96.94096058125261
1440,1444,43.55369406819251
1440,1431,195.73867268567932
1440,1429,118.1602427628021
1440,1441,85.6636169950357
1441,1435,106.51638153645666
1441,1428,191.2030842581056
1441,1440,85.66361699503571
1441,1436,75.76587124878677
1442,3125,97.27776239281035
1442,1892,272.3534453068184
1443,1444,102.07653994449313
1443,1445,53.859294828762295
1443,1429,75.17602618765481
1444,1439,53.603758377061
1444,1440,43.55369406819251
1444,1443,102.07653994449315
1445,1446,185.27630309077813
1445,1430,162.27891742563537
1445,1443,53.859294828762295
1446,1445,185.2763030907781
1447,1448,86.23073643571152
1447,270,58.50573004259843
1447,3354,89.1215623901096
1448,1816,202.03909518750052
1448,1449,97.1554001993335
1448,1447,86.2307364357115
1449,1450,18.152110228712736
1449,1448,97.1554001993335
1449,1452,51.09305965073713
1450,1449,18.152110228712736
1450,1451,284.60978347966267
1451,1660,73.88449072990996
1451,603,46.46989070184372
1451,1450,284.60978347966267
1452,3419,67.63603932231594
1452,3393,32.86159538646075
1452,1449,51.09305965073713
1453,3908,48.30303061930563
1453,1458,49.23387904902822
1453,1519,50.98828169627656
1454,1659,87.17875612209016
1454,2486,30.364058825966666
1454,1455,72.72173323591706
1454,3908,88.06673317620132
1455,3394,101.51913884818666
1455,2932,65.49071932758667
1456,1521,20.651784655145182
1456,3395,10.680764662945855
1456,3394,16.30596034133186
1457,1522,193.21910811503952
1457,2391,46.60919959939406
1458,1453,49.23387904902822
1459,1947,49.89790067972863
1459,3354,161.7427741113419
1459,1461,110.86361029162023
1460,1464,108.50700951115911
1460,1461,15.09952146436202
1461,1948,60.67732191901855
1461,1460,15.09952146436202
1462,270,165.60712680910154
1462,267,79.74337327419342
1463,1462,65.35334391469846
1464,1462,106.87992926845133
1464,1427,90.26569125785385
1465,1665,109.19480840733355
1465,98,16.14004767446956
1466,1467,27.690460787140672
1466,1469,36.27567907799423
1467,1466,27.690460787140672
1467,4145,46.55548429025743
1467,1468,162.82707580710104
1468,268,73.11611700574419
1468,1470,72.26816967610208
1469,268,29.231190683601902
1469,96,168.0573714127185
1469,1466,36.27567907799423
1470,3356,56.03057607043715
1470,1705,96.06379010525288
1470,1468,72.26816967610208
1471,628,260.79804354813007
1472,2019,96.74780444509888
1472,4092,50.77188509682616
1472,4321,70.5737191889011
1473,1426,31.062438741859122
1473,1474,87.18100308066633
1473,1953,106.48231058388788
1474,3175,60.0240570539306
1474,1473,87.18100308066633
1474,1475,251.2930386387336
1475,3741,68.5979932096424
1475,1474,251.2930386387336
1475,1476,252.8546225426602
1476,1477,236.446647918833
1476,1607,99.20067069507658
1477,1478,60.46610355438698
1477,1476,236.44664791883304
1477,3174,85.04820280895694
1478,1477,60.46610355438698
1478,1607,227.80946429635185
1478,1479,76.62064875597802
1479,1478,76.62064875597802
1479,1599,111.97527367699881
1479,1335,119.39243888397638
1480,910,23.116771057023147
1480,1053,37.703257898368534
1480,2507,125.2731881513196
1481,3616,163.61429239442606
1481,1053,63.76360215083839
1481,862,234.58104722280103
1482,1380,114.03179014103867
1482,887,63.82837188792702
1482,3364,159.26964958780425
1483,992,39.19650924671509
1484,1485,71.8418141118598
1484,4308,23.759725152909727
1485,1486,126.33707701700806
1485,976,66.42152555335018
1486,4070,49.158719852378916
1487,1488,100.60914996655703
1487,2613,91.85065208245969
1487,2964,41.45744471272302
1488,968,68.9980542095764
1488,1487,100.60914996655704
1489,1485,84.96462372999383
1489,977,98.87385471999775
1489,2868,53.328902567607216
1490,1500,155.11324675694405
1490,1505,55.37803908213014
1490,1491,84.2319138199282
1491,1490,84.2319138199282
1492,1494,134.4520578483246
1492,2098,250.20340186108317
1492,2101,129.29416035577202
1493,2102,19.762569894997267
1493,2101,11.497379058985686
1494,1371,414.1953121454496
1494,1492,134.4520578483246
1494,3712,321.139855160966
1495,1496,127.92026865733239
1496,39,137.08604453919895
1496,1495,127.92026865733239
1496,2743,87.86816072149352
1496,3773,201.08592916808695
1497,40,132.57652990969214
1497,2718,288.4910528302674
1497,2743,92.76862696051666
1498,2148,85.76406717774262
1498,3023,18.631941417568726
1498,2140,17.792521870776696
1499,1118,219.24251725936745
1499,1042,211.74484757361031
1499,926,412.28972316202976
1500,1501,77.33022404635045
1500,2096,37.34811145723461
1500,1490,155.11324675694405
1501,1502,161.32486712300224
1501,1507,63.42186143394168
1502,1503,64.33842635927864
1503,1372,111.45346289571042
1503,1502,64.33842635927864
1503,1504,56.51806951969375
1504,3817,24.619919434211642
1504,1505,150.42506436350718
1504,1503,56.51806951969375
1505,1355,40.96116728105736
1505,1490,55.378039082130144
1506,3821,81.948523468375
1506,1372,90.81243354060125
1506,3836,50.76608650714309
1507,1501,63.421861433941686
1508,980,97.40295161342371
1508,1510,100.68418864723976
1508,788,94.19266779806492
1508,3044,47.407564556146475
1509,788,111.6338858769115
1509,1510,106.42839615493295
1509,3251,18.694132781916718
1510,3045,46.055355897561356
1510,1509,106.42839615493295
1510,1508,100.68418864723976
1510,3797,35.6790976523439
1511,2609,50.87953843275158
1511,790,68.7084183262728
1512,1511,33.020710762669225
1513,1079,82.8751654329936
1513,2662,75.32737523939994
1514,792,56.345559907798815
1514,1853,31.960893967268568
1514,982,94.15648800839686
1515,1513,75.1108493960368
1515,1837,82.80527114812637
1515,3149,23.755086834502137
1516,2159,11.855747266927986
1516,2157,114.18134174562303
1516,3785,56.6513236522135
1517,2443,6.482048630527465
1517,690,93.25027115221509
1517,2442,50.31134324556621
1518,102,71.79956717055549
1518,4106,99.3268555060996
1518,3296,31.062074378258608
1519,3419,56.53105835722173
1519,1660,273.441632265184
1519,1453,50.98828169627656
1520,1521,92.26350980397294
1520,1660,122.88363906672274
1520,604,125.9426321947785
1521,1456,20.651784655145182
1521,1520,92.26350980397294
1522,1521,82.19764600840097
1523,4323,51.007287395041985
1523,1524,118.25274154315142
1524,3943,37.15009478316254
1525,3081,78.87998196167604
1525,1016,161.12972315030208
1525,1020,66.83787201182167
1526,3081,38.445753393182585
1527,1234,57.30402894366985
1527,3539,220.27315069555644
1528,1527,30.3500651946112
1528,3525,365.5839754449168
1529,1267,116.48423164625044
1529,4134,4.566396886718557
1530,1267,10.317466953413776
1530,1534,128.91761855215344
1530,3277,13.445525427890214
1531,2405,147.66073275889806
1531,1530,360.390912098108
1532,2860,64.70568455091868
1532,1541,116.98632253901194
1533,3201,22.564278031753116
1533,1534,355.03033676891727
1533,2027,120.29276162726492
1534,3720,210.02019898889978
1534,1530,128.91761855215344
1534,1537,504.90220466177766
1534,1533,355.0303367689172
1535,4363,328.9868391015286
1535,1307,340.1429189804337
1535,2030,136.64594761461552
1536,1535,240.39421499701632
1536,2690,44.69526627239972
1536,1299,229.56900745777233
1537,2423,129.8830360101173
1537,1534,504.90220466177783
1537,1539,230.94804631540572
1537,1552,209.38798897874193
1538,247,60.55965156867417
1538,2842,307.97014996789255
1538,1539,217.49764306462814
1539,1538,217.49764306462816
1539,2994,158.98910105816753
1539,1808,91.30446996061146
1539,1537,230.94804631540572
1540,2423,115.78484612358227
1540,4342,248.4063058138942
1540,2996,93.15340177049514
1541,1542,39.7887091442038
1541,3524,160.33739939569372
1542,1541,39.7887091442038
1543,4135,119.19069115450363
1543,313,329.59927036680983
1543,1268,136.26030026535184
1544,3357,11.463275671084626
1544,1545,77.48201720474356
1544,4607,99.23717231658064
1545,4351,64.34558006188158
1545,1544,77.48201720474357
1545,1546,405.55844616394666
1546,1545,405.5584461639466
1546,3747,47.10670578347016
1546,1548,127.8370217331655
1547,1806,182.17902871040621
1547,1805,26.201244197058692
1547,4570,125.45545932047736
1548,1546,127.83702173316549
1548,1561,87.55547243669433
1548,1345,138.10612952637356
1549,4599,62.73084135884335
1549,1633,350.35796077941313
1549,1552,250.86370757967399
1549,1554,36.42333569299403
1550,1551,110.44247161301637
1550,1557,66.91465284823073
1550,1553,66.04097409191988
1551,2991,9.844648379346596
1551,1550,110.44247161301637
1551,1633,100.11823150096734
1552,1537,209.38798897874196
1552,1549,250.86370757967396
1552,1806,31.198110315261403
1553,1556,134.35073650460652
1553,2919,84.2315342963945
1553,1550,66.04097409191988
1554,2992,56.663782821777914
1554,1555,180.03396090787194
1554,1549,36.42333569299403
1555,1632,124.80308362239083
1555,1554,180.03396090787194
1555,4609,66.97627891370337
1556,1553,134.35073650460652
1556,2918,73.07535351790237
1556,1565,127.27168693303508
1557,3312,78.54264151509427
1557,1562,150.6166361465171
1557,2817,67.60112720488041
1557,1550,66.91465284823073
1558,2916,101.3359475423867
1558,1559,39.84256641937958
1558,1560,111.10882698201603
1559,1345,156.67986291087988
1559,1558,39.84256641937958
1560,305,70.62533910180508
1560,1564,53.62137335833105
1560,1558,111.10882698201601
1560,1562,109.82422260401516
1561,2917,61.24974010130189
1561,1565,114.54155523203397
1561,1548,87.55547243669433
1562,1560,109.82422260401515
1562,1563,54.43397690621723
1562,304,84.27128731296797
1562,1557,150.6166361465171
1563,1565,134.23265891263912
1563,1564,109.96519186309312
1563,1562,54.43397690621723
1564,2917,31.58763287386869
1564,1560,53.62137335833104
1564,1563,109.96519186309312
1565,1563,134.23265891263915
1565,1556,127.27168693303508
1565,1561,114.54155523203397
1566,4068,18.549596988363845
1566,2772,86.2008232742713
1566,608,62.84786565420722
1567,1870,24.093524752220073
1567,1634,207.41373189474007
1568,611,435.9140389492022
1568,1281,24.26273423582581
1569,1272,403.40615460010247
1570,3179,228.93399594332732
1570,2353,53.854042442007255
1570,4517,98.30106745984531
1570,1877,268.4222042195938
1571,4589,59.05877537273339
1571,4517,87.73652857151971
1572,1636,28.91106768590342
1572,4039,105.57136693324286
1572,3305,70.10050288330272
1573,308,81.34782572614347
1573,1574,22.42363682834098
1574,3306,52.63192084200103
1574,1573,22.42363682834098
1575,4350,115.36061107083074
1575,4355,32.38023496257577
1576,1643,171.27522817902644
1576,1592,131.00107817902835
1577,4055,27.875166782729703
1577,2676,65.42458092153743
1577,808,76.32828756986929
1578,1836,83.91937326747998
1578,2662,83.19317680056078
1578,1839,57.15124486247678
1579,1583,45.95356023742197
1579,1580,151.18454407414072
1579,301,64.37574537204411
1580,1587,17.035300328875735
1580,1579,151.18454407414072
1581,1582,77.52497014832008
1581,3182,64.62497707274461
1581,1584,65.29028232062058
1582,1581,77.52497014832007
1582,1583,162.28591910136407
1583,1579,45.95356023742197
1584,2990,46.29577906901338
1584,301,153.71817625601165
1584,1581,65.29028232062058
1585,298,75.65882706029271
1585,1586,110.23577173087543
1585,4350,121.77129662251826
1586,2925,69.83838045350188
1586,300,40.34400234245125
1587,1580,17.035300328875735
1587,289,95.29373524816438
1587,1872,50.36298054205979
1588,1860,48.02612588001373
1588,1643,90.8768183012397
1588,4347,59.8479930094814
1589,1592,151.15923033947882
1589,2856,54.70254094682001
1590,3928,15.976690809339168
1590,1598,176.85781998278097
1590,1591,68.39464937393726
1591,2855,52.39153591407503
1591,2856,91.89632882466091
1591,1598,118.33051494300928
1591,1590,68.39464937393726
1592,2857,41.5445304834819
1592,3119,31.783984157827575
1592,1589,151.15923033947882
1593,3304,337.20112085879487
1593,262,75.77454704273063
1593,1954,78.68425120471903
1594,1336,161.02205430257592
1594,4266,67.03168565334366
1594,1595,50.98402409465127
1595,2672,183.4219854749685
1595,1596,250.65377593464368
1595,1594,50.98402409465127
1596,1595,250.65377593464368
1596,3414,118.11060945566753
1597,1598,15.587870351770297
1597,1642,31.308176731429565
1597,3414,31.341663297206367
1598,1597,15.587870351770297
1598,1591,118.33051494300928
1598,1590,176.85781998278097
1599,1479,111.97527367699881
1599,318,151.60007316164857
1599,1600,81.67910135405393
1600,3928,70.75495986566163
1600,1864,113.9845262863752
1601,2855,44.79931677007988
1601,1860,109.62046907682077
1601,1642,137.70059463480118
1602,1641,266.28788765864573
1602,1858,153.03924803832751
1602,1588,131.85503697859042
1602,4350,100.89721150404797
1603,4359,5.261116669667191
1603,2388,60.39193218810249
1603,1604,20.24528796116992
1604,4039,9.832511004627408
1604,1637,40.784873308417446
1604,1603,20.24528796116992
1605,3791,80.84068238436525
1605,4100,193.25961669620557
1605,908,85.30543588076593
1606,318,104.52211065976672
1606,4344,72.21026089462555
1607,1606,66.29182273123145
1607,1476,99.20067069507657
1608,2393,69.72096724944996
1608,2318,194.16687084806352
1608,1747,88.16418346624204
1609,1610,112.50197832556927
1609,1615,132.97379043064825
1609,2984,74.66542242886888
1610,2984,140.12365075373788
1610,535,318.7414500124654
1610,1609,112.50197832556927
1611,4313,38.02276426708723
1611,534,87.09900683565382
1611,2318,143.24804203326318
1612,3240,20.728055362458427
1612,1615,37.46577310354638
1612,1619,29.47533180562334
1613,1617,32.01163380909427
1613,1616,366.7989124440367
1613,1614,114.80112750010524
1614,1617,153.68115985266985
1614,1613,114.80112750010525
1614,1615,59.83589086010778
1615,1609,132.97379043064828
1615,1614,59.83589086010778
1615,1612,37.46577310354638
1616,1617,29.953441727311258
1616,1656,40.56714319908655
1616,1613,366.7989124440368
1617,1616,29.953441727311258
1617,1613,32.01163380909427
1617,1614,153.68115985266988
1618,1619,169.65549568834973
1619,1618,169.65549568834973
1619,1612,29.47533180562334
1619,1047,119.73507258977318
1620,3169,94.29138607722274
1621,539,53.625302075709996
1621,3168,115.32143423939061
1621,2985,221.82603256727518
1622,3169,435.5028475797272
1622,1625,46.898913227321245
1622,4372,58.100610703653004
1623,4562,13.6878940974328
1623,541,229.84564262289328
1623,4561,14.762522035187523
1624,3156,60.55211735175606
1624,2985,25.218816524912945
1625,1624,171.59035833532494
1625,1622,46.898913227321245
1625,538,51.21705822432076
1626,4031,116.06769859185948
1626,538,80.09782581159341
1626,3156,96.11284479511176
1627,3426,41.46080167788773
1627,1361,310.0245331164208
1628,1629,364.3213179681393
1629,4074,67.13795560385508
1629,1628,364.32131796813934
1629,4031,78.59449735075899
1630,4359,89.50685007728485
1630,4037,57.20978009842072
1631,4037,2.4183392314212995
1632,2919,101.14181662143972
1632,1555,124.80308362239083
1632,3357,174.1549776983992
1632,1633,70.08021627992844
1633,3767,58.73258227329559
1633,1549,350.35796077941313
1633,1551,100.11823150096734
1633,1632,70.08021627992844
1634,1283,11.841039853763746
1635,1867,97.9683941186325
1635,1865,47.408521986036234
1635,318,87.89557718035259
1636,307,69.12166118280362
1636,1573,72.98665109700826
1637,1604,40.784873308417446
1637,307,40.08392555412281
1638,1639,162.2111774081802
1639,1862,69.92329412540899
1639,1386,37.86235682410624
1639,1638,162.2111774081802
1640,1387,27.718695973790847
1640,1858,149.3881130470406
1641,1602,266.28788765864573
1641,1862,69.72186361650607
1641,1640,89.09898414008866
1641,1861,144.9188215440955
1642,1597,31.308176731429565
1642,1861,142.11362959215055
1642,1601,137.70059463480118
1643,1576,171.27522817902647
1643,1589,53.38152121642393
1644,4354,55.58324553416039
1644,3776,480.30363276105965
1645,3774,60.66618337198649
1645,4188,70.8655887068062
1645,4354,15.393004677588959
1646,3729,57.59699155814075
1647,1648,220.57536044025295
1648,1647,220.57536044025295
1648,876,138.23350121559997
1648,4404,34.82691341465987
1649,1652,338.6054914744625
1649,1333,135.82261408166536
1649,2871,72.9090349361614
1650,1651,106.40201245993117
1650,1654,83.87186509996262
1650,1653,315.72397934890813
1651,1650,106.40201245993119
1652,1649,338.60549147446255
1653,1650,315.7239793489081
1654,4030,143.41769166374635
1654,1650,83.87186509996262
1654,1167,397.74007811692155
1655,3170,196.73394748970736
1656,1616,40.56714319908655
1657,2393,96.99566446511332
1657,2393,244.38754198883512
1657,886,47.129477446611986
1658,3263,95.50454023342442
1658,897,159.52228754694943
1658,4326,165.65436970770207
1659,1454,87.17875612209016
1660,1451,73.88449072990994
1660,1520,122.88363906672274
1660,1519,273.441632265184
1661,272,6.588942829322489
1661,1740,64.48179849791744
1661,1739,71.81550275643959
1662,1663,111.83216439338135
1662,97,117.21266055165076
1662,1739,65.90998123198115
1663,1662,111.83216439338136
1663,602,57.38809979926323
1664,4207,46.22510091776829
1664,1665,51.50635420845592
1665,1466,62.14935699082665
1666,1667,69.74902159374793
1666,4208,53.10114967979144
1666,1673,56.44335616674717
1667,1666,69.74902159374793
1667,1670,39.495545077037455
1668,1669,148.61130530206776
1668,4591,68.85498772735157
1669,1701,17.330081154017968
1669,547,151.03385990739724
1670,1674,26.788143922493504
1670,1667,39.49554507703746
1670,1673,62.06113076470813
1671,1672,128.55726727019135
1671,1292,124.44503539688684
1671,1674,50.60972432576915
1672,1671,128.55726727019135
1673,1666,56.44335616674717
1673,1670,62.06113076470813
1673,3100,40.24340764519761
1674,1675,139.2565287904735
1674,1671,50.60972432576914
1674,1670,26.788143922493504
1675,1668,65.63248352176709
1676,1668,48.8444750620081
1676,1678,72.3218329747778
1677,1676,54.63639966990297
1677,1139,25.00100952147951
1677,3355,122.0172302154203
1678,4142,30.96036546910117
1678,1676,72.3218329747778
1678,4591,53.27946652464313
1679,1676,136.71290973733122
1679,1681,37.62112443588014
1680,1701,14.07081852857323
1680,1679,74.05372571269709
1680,265,143.21059857054695
1681,3355,5.239633491794084
1681,1683,161.41999876774258
1682,3355,100.05813391020847
1682,4144,33.060247686186344
1683,1681,161.41999876774256
1683,2491,157.9510474248927
1683,265,23.895980449043748
1684,1685,17.513123879403032
1684,1760,20.57549278554587
1684,1690,118.3907176474656
1685,1684,17.513123879403032
1685,1758,7.438563876105226
1686,1685,197.2099371340098
1687,1691,79.17227853827562
1687,1686,140.08674181647658
1687,1699,81.41337399996006
1688,1700,85.66731208611328
1688,1687,220.90772341612333
1689,1702,116.07732817266523
1689,1688,62.31395742598593
1690,4011,23.619782242409638
1690,4012,24.42610602565169
1691,3347,3.336113348355045
1691,1687,79.17227853827563
1692,1693,81.49170476931269
1693,2346,294.1134947864539
1693,1292,172.96646459870962
1693,3326,65.25420352160914
1694,3329,22.480324564576552
1694,3319,24.229097140055792
1695,3324,37.53824107892077
1695,3345,286.9454436664593
1696,1699,49.13569614391835
1696,265,140.1836049527063
1696,1138,138.76226606665435
1697,1715,35.09275516912459
1697,546,99.90658386936673
1697,1138,116.43002550963148
1698,3347,108.40910340168483
1698,4011,337.18811829724496
1698,1703,150.67312234890207
1699,1700,220.54071521271388
1699,1687,81.41337399996004
1700,1701,39.10926446330479
1700,1688,85.66731208611328
1701,1680,14.07081852857323
1701,1669,17.330081154017968
1701,1700,39.10926446330479
1702,1689,116.07732817266525
1702,1703,102.98253549212781
1702,1692,106.85357962617377
1703,1698,150.6731223489021
1703,1702,102.98253549212781
1703,3346,36.29024762644945
1704,1692,155.05085164008653
1704,1689,27.51953083308231
1705,1437,12.809181699508297
1705,1470,96.06379010525289
1706,1437,19.585408354699194
1706,1705,26.20581781897462
1707,3171,97.34913210281245
1708,1436,157.7664507401211
1708,1711,136.42918908103215
1709,3808,10.88542431229937
1709,1714,167.93382239911435
1709,1952,140.30745504367587
1710,1050,5.628436846266203
1711,1050,39.4835465805604
1711,1712,225.27284084606276
1712,1713,16.365656337565518
1712,3808,181.14895021094407
1713,1434,99.54242414504205
1714,2024,166.04429615059559
1714,2026,23.57565183327436
1715,2915,37.679391924080356
1715,265,200.79722271336587
1715,1697,35.09275516912459
1716,1717,38.6704439101247
1716,1720,6.231236739301825
1716,1719,54.66270302783361
1717,1716,38.6704439101247
1718,1719,124.48499495043359
1718,1252,63.996078592095735
1718,1251,54.761998921637066
1719,1254,10.83316491267303
1719,1716,54.66270302783361
1719,1718,124.48499495043359
1720,1716,6.231236739301825
1720,1247,95.65471143732445
1720,1248,90.68201366306512
1721,1262,85.83784884453696
1721,1250,155.25345135330534
1721,1249,133.9078811442532
1722,2700,18.12100900525275
1722,3757,88.74835723714325
1723,1026,203.08626313034878
1723,4317,59.384151594795945
1723,1259,91.71912249330776
1723,2352,101.1422354396492
1724,1725,235.6600107083524
1724,1725,166.11498924264558
1724,1351,26.28401824470142
1725,1724,235.6600107083524
1725,1724,166.11498924264558
1725,1270,308.43920879070043
1726,3004,146.7782717708266
1726,1249,70.52988375853359
1726,1727,59.8587064502885
1727,1728,98.67327401917001
1727,1726,59.8587064502885
1727,1350,141.68856639826987
1728,1058,59.7373246131491
1729,1409,53.50719473287552
1729,1410,95.6450685011191
1730,2064,146.78929721320375
1730,1731,123.71444953236735
1730,3838,158.02931321044082
1731,1730,123.71444953236734
1731,4118,19.893008485491066
1731,2861,320.7904153735221
1732,1733,294.65634130981556
1732,4123,260.27110546732104
1732,930,544.828129551571
1733,2942,136.75812291985682
1733,1734,233.1352454935718
1733,1732,294.65634130981556
1734,1733,233.13524549357177
1735,1736,153.45883038157532
1735,1402,108.89394513655667
1735,1246,68.53979619020852
1736,1735,153.4588303815753
1736,1406,163.20357347054355
1736,1246,222.46546082835897
1737,1738,61.830998327167904
1738,1737,61.830998327167904
1738,4119,76.4838095170951
1738,2942,126.92205874036293
1739,1662,65.90998123198115
1739,1661,71.81550275643959
1739,1740,99.9963395362214
1740,448,173.82897931592677
1741,1671,204.96093513739388
1741,3099,165.63124726004273
1741,1742,94.86662039487183
1742,4210,29.98662440959544
1742,1741,94.86662039487184
1743,3099,32.89819129680507
1743,4377,70.09645617063077
1744,1743,68.99338680036573
1744,4487,67.57072386521556
1745,1746,132.09650918021143
1745,3807,117.3568729401513
1746,1745,132.09650918021143
1747,2816,133.0962713162515
1747,1608,88.16418346624204
1747,1378,146.03582009324327
1748,1383,12.671760086028792
1748,1384,80.34985402822426
1748,4332,39.82214651326155
1749,2535,53.32930606489201
1749,2531,134.56259472637015
1750,252,44.18939007704508
1750,1781,120.38572739486548
1750,4386,146.9101795656122
1750,1976,204.008853558951
1751,4386,10.174177643494637
1751,1979,76.97027395197905
1751,1977,429.7580547941496
1752,1753,112.32717769857221
1752,1353,95.87379579342442
1752,1372,302.4053270911833
1753,1752,112.3271776985722
1754,1755,80.28397749170767
1754,1138,114.19913966676967
1754,1758,96.32684335266994
1755,1754,80.28397749170767
1755,546,116.45833938126346
1755,1756,72.63442674808084
1755,1757,96.67540631625454
1756,1755,72.63442674808084
1757,1760,140.9460760389318
1757,1758,92.94600254549944
1758,1685,7.438563876105226
1758,1754,96.32684335266994
1759,545,13.112945181807428
1759,1757,197.52643389412083
1759,546,226.8286372534469
1760,1757,140.9460760389318
1760,1684,20.57549278554587
1760,1762,52.88912033642402
1761,1767,138.70942728743523
1761,3916,194.7822606190516
1762,1999,54.609774392693915
1762,1760,52.88912033642403
1762,1763,155.54937691511773
1762,1765,59.15137551867955
1763,1766,65.16192426047586
1763,3340,61.09277833558302
1763,1762,155.54937691511773
1764,1766,68.79396287368141
1764,2837,120.35679662197056
1765,1766,142.27467773212007
1765,2837,78.49136218477588
1765,1762,59.15137551867955
1766,1764,68.79396287368141
1766,1763,65.16192426047586
1767,3337,14.011711248258823
1767,1761,138.70942728743523
1767,545,23.768421524004765
1768,3742,125.19590168227579
1768,1769,121.48486320606894
1768,2637,1103.3403461179153
1769,1770,28.103419099576342
1769,1768,121.48486320606895
1769,3900,27.6551303574422
1770,2230,132.11096433857873
1770,1769,28.103419099576342
1770,3314,145.15017847423275
1771,2235,41.6131082456021
1771,2230,93.43006065523545
1771,1773,740.4678257839113
1772,2232,150.63377424591627
1772,2235,37.6708207023305
1772,2229,145.1210561990398
1773,1131,415.19390532719376
1773,1771,740.4678257839113
1773,1774,25.60210099183009
1774,1773,25.602100991830092
1775,4415,136.47414499011222
1775,2637,62.94050701823675
1775,3511,393.6147281185072
1776,4293,73.82347886835407
1776,1777,119.66942234931747
1777,1135,62.97557891027186
1777,1778,473.1854220679736
1777,1132,66.96058677960096
1778,1777,473.1854220679736
1779,4017,316.30148413262754
1780,1832,74.86410915198726
1780,504,362.74536198270937
1780,3750,231.1518180369975
1781,1750,120.38572739486548
1782,1783,22.0060239424746
1782,3548,38.8532804184957
1782,2840,21.752450869138492
1783,2643,12.255233572252669
1783,2825,122.55743709788176
1784,256,146.72902558455087
1785,1786,148.36416445196795
1786,2433,79.53887641836222
1786,1785,148.36416445196792
1786,259,435.9323679353203
1786,3799,121.35253137259909
1787,3267,62.40957203837525
1787,1117,141.88500045750482
1787,1790,228.84237678283517
1788,781,9.278722376772413
1788,4463,7.696298829588242
1789,1117,58.64510770714718
1790,2094,110.04909490134384
1790,1787,228.84237678283512
1790,4153,161.0326015234068
1791,1792,7.365743087888784
1791,3233,185.96433233427712
1791,2094,95.80153858311445
1792,1791,7.365743087888784
1792,2095,48.02908538021677
1792,1793,137.99034712931206
1793,2095,11.799866343517433
1793,3773,50.0055193544935
1793,1792,137.99034712931206
1794,3147,115.09576779159963
1794,3889,371.32194881996776
1794,2593,226.94045487600246
1795,2657,120.05030103619876
1795,1795,78.10172296384725
1795,3888,118.85912275306072
1796,2245,25.61650287375285
1796,2247,51.449643988576845
1797,1938,103.4283322527697
1797,278,55.046916789333956
1797,1798,38.563142351424744
1797,2344,153.67931649210976
1798,1797,38.563142351424744
1798,2334,32.23927870281997
1798,2343,148.27551968002183
1799,3507,231.15468970272318
1799,2242,87.99556712199482
1799,342,135.52578261240527
1800,1796,27.966505618785867
1800,3501,42.397610154119754
1801,3769,124.64231546197453
1801,3734,158.7749204479419
1802,1287,19.5229451211984
1802,1803,238.39500939441442
1803,1802,238.39500939441447
1803,1426,91.10846677824485
1803,3483,207.50035134525956
1804,1278,87.5921240342324
1805,3717,78.56698974167344
1805,1547,26.201244197058692
1805,313,125.44710775114505
1806,1552,31.198110315261403
1806,1547,182.17902871040624
1807,1808,147.7554502538187
1808,1539,91.30446996061144
1808,1807,147.75545025381868
1808,4465,7.961556094704507
1809,3419,87.44395109718774
1810,3037,57.040497950442614
1810,3672,62.07937500006493
1810,3281,102.86071814873138
1811,3335,178.25710009774164
1811,1813,141.82822455335767
1811,1814,132.11212995284995
1812,1813,72.27759814863026
1812,3365,77.81235342741464
1813,2025,19.279875844259877
1813,1811,141.82822455335767
1814,1950,63.38722264932417
1814,1811,132.11212995284998
1815,2021,57.464727204424285
1815,2019,35.68972574508447
1816,1448,202.03909518750052
1816,99,61.57630776094842
1817,1910,69.21128059014057
1817,3725,58.80828312570251
1817,4013,70.67373535253498
1818,1817,48.956144750315325
1819,1829,11.091950611413166
1819,1825,51.71902220444265
1819,1943,202.74950603965135
1820,1939,229.1854246858902
1821,1429,375.76815082498393
1821,4358,71.67966710727462
1821,3292,35.96252466652876
1821,4454,249.1440276861504
1822,1942,161.90932284917793
1822,1823,113.23843748927698
1822,1908,569.9090559789039
1823,1922,27.681583676902417
1823,1822,113.23843748927696
1823,1945,40.90282751922687
1824,2781,32.45644550148218
1824,1922,62.371162189921634
1824,3152,80.78456018272374
1825,1829,53.438607045329775
1825,1945,230.9775419447484
1825,4341,10.244758044945838
1826,3581,57.310500996929306
1826,2788,69.42422342592099
1826,2782,197.12150160131117
1826,4069,208.33453812915985
1827,1921,75.06942375070022
1827,1922,153.96367637021442
1827,3585,97.69428625633
1827,2782,69.10578252925336
1828,2246,45.536992535463426
1828,277,179.5807094236863
1828,2340,302.39175521970213
1829,1819,11.091950611413166
1829,2801,108.19888242069615
1829,1915,79.48044864686027
1830,2591,378.0707081231838
1830,4047,110.1449210797019
1831,2391,75.29961218153318
1831,4046,47.89677845794613
1832,2383,99.15264118407018
1832,1133,1567.2526767237362
1832,1780,74.86410915198726
1833,1835,70.33515283086341
1833,2002,26.583905747901028
1833,3221,251.2954767497726
1834,4328,120.3780418808967
1834,2038,94.90359531027084
1835,1833,70.33515283086341
1835,505,22.0985533053471
1835,2236,413.45345973851425
1836,7,75.53165932830589
1836,799,69.55182757148349
1836,1578,83.91937326747997
1837,797,84.54654987556246
1837,1515,82.80527114812637
1837,1838,60.146793549602755
1838,2525,111.21142942490272
1839,1084,53.12469811512788
1839,1578,57.15124486247678
1839,1840,89.504763745204
1840,1841,77.0590089797963
1840,2662,56.11687570995737
1840,1839,89.504763745204
1840,1082,40.28498997014304
1841,1513,40.79163293921639
1841,1840,77.05900897979629
1842,1083,72.44962532880737
1842,3149,58.310989455318705
1843,1844,124.99837628824272
1844,3553,41.98112868936697
1844,983,105.10210636711457
1845,1846,88.42396357100579
1845,986,58.46130464861531
1846,1850,64.56878270199294
1846,985,54.189562731016174
1846,1847,125.40927952700758
1846,1845,88.42396357100579
1847,1846,125.4092795270076
1847,982,68.66492006048334
1847,981,51.98630700302157
1848,1849,105.93919100370763
1848,556,77.79353849759809
1848,255,89.73478323702398
1849,3592,71.06806983682031
1849,1848,105.93919100370763
1849,987,130.22374114727342
1849,1851,90.13670677437088
1850,4101,13.331142412085198
1850,1846,64.56878270199293
1850,982,119.62807414670101
1850,3592,72.72721854228186
1851,1852,73.66540043705706
1851,1849,90.1367067743709
1851,4396,80.75869940558063
1852,1851,73.66540043705706
1852,3592,126.85610522675827
1852,1854,72.06242358339689
1853,2155,67.05523560728577
1853,1514,31.960893967268568
1854,1853,110.53644758384692
1854,1855,64.7939707270092
1855,1844,72.03696156109983
1855,2155,107.14069084088511
1855,2526,68.81843378918012
1856,1857,127.8575801334039
1856,502,56.919038349296855
1856,2237,159.4326731687338
1857,504,40.565579633392865
1857,1856,127.85758013340387
1858,1640,149.3881130470406
1858,1602,153.03924803832751
1859,1858,28.97507157811136
1859,1575,130.3231209973947
1860,1861,258.2173910688317
1860,1588,48.02612588001372
1860,1601,109.62046907682075
1861,1860,258.2173910688316
1861,1642,142.11362959215055
1861,1641,144.9188215440955
1862,1641,69.72186361650606
1862,1639,69.92329412540899
1862,1863,94.72001736787598
1863,1862,94.72001736787598
1864,1600,113.9845262863752
1865,1866,110.13440726138414
1865,4348,51.986952744825125
1865,1635,47.408521986036234
1866,2857,114.49691398149935
1866,1865,110.13440726138414
1866,1867,54.62940628491376
1867,1635,97.9683941186325
1867,1866,54.62940628491376
1867,317,86.6272858520699
1868,1869,138.3062086823265
1868,3173,88.87709512642189
1868,317,40.54536699103151
1869,3300,15.537323972575646
1869,2779,21.15960504217039
1869,1868,138.30620868232648
1870,1567,24.093524752220073
1870,291,59.543136017018604
1870,1871,221.33200735534214
1871,294,38.811493592609544
1871,2424,52.80215362285743
1872,287,30.29793400665724
1872,1873,261.991474132222
1872,1587,50.36298054205979
1873,1872,261.991474132222
1873,1582,120.55054885770761
1874,1875,192.2027601756174
1874,286,74.84398362724279
1874,287,35.97563839314485
1875,1873,74.38026246972055
1875,1874,192.20276017561744
1876,286,140.60759797167074
1876,3311,29.542178466450217
1876,1875,82.33302989690564
1877,4571,202.81546586348185
1877,1570,268.4222042195938
1877,3279,368.56698856017414
1878,1879,122.10379183323445
1878,3411,133.52069315234593
1878,1881,255.37556438342986
1879,3291,54.98474321038267
1880,4459,107.43578039121658
1880,1906,338.4642283158769
1880,3316,42.337356325452625
1880,3185,37.09442616256432
1881,1878,255.3755643834299
1881,1898,61.17760520769746
1882,1886,104.44752852120953
1882,1883,105.30222297408659
1882,1887,199.81086360302132
1883,1882,105.30222297408659
1884,1885,27.593879886111615
1884,3932,240.1361963813555
1885,2810,47.73908608421513
1886,1882,104.44752852120953
1887,1882,199.81086360302135
1887,3316,426.69984474088204
1887,3160,144.19619347872214
1888,3160,137.64185394275535
1889,1891,186.80283958392343
1889,1890,60.2955313609953
1889,3316,46.31971149454224
1890,1889,60.2955313609953
1891,1889,186.80283958392346
1892,3292,36.76765918918775
1893,1897,47.828251554703
1893,1892,139.37715113177074
1894,1897,77.01889274968649
1894,1893,89.45424122701044
1895,1894,2.644432919856836
1895,614,70.03259333856272
1896,1898,218.46114441621532
1896,1878,67.85285602506141
1896,4053,120.79652114864098
1896,1895,164.5777820528304
1897,1898,86.69583663259814
1897,1893,47.828251554703
1897,1946,225.67980727391466
1897,1894,77.0188927496865
1898,1897,86.69583663259814
1898,4459,271.7395705939406
1898,1881,61.17760520769747
1899,1908,400.0274156217266
1899,1909,187.00247002247727
1899,4357,49.34972260601191
1900,1908,333.0030368056917
1900,1906,17.247182903393288
1900,1901,646.691527543112
1901,1902,258.85472695941615
1901,1900,646.691527543112
1901,1937,600.3595909781777
1902,3089,114.47518592458769
1902,1901,258.8547269594162
1902,3158,137.92658671912872
1903,3158,16.313775385604014
1903,1905,399.13055436600547
1903,1939,462.33188609631196
1904,2329,63.79899098300051
1904,1941,207.35186233878983
1904,1939,146.92048071710474
1905,1903,399.1305543660054
1905,3153,163.0231570402469
1905,1940,150.5790488538596
1906,3412,72.26361017176481
1906,1900,17.24718290339329
1906,1880,338.4642283158768
1907,4052,11.05035770218358
1907,1909,315.83174464251687
1907,4013,16.952958881793432
1908,1822,569.9090559789039
1908,1899,400.02741562172673
1908,1900,333.0030368056917
1909,1911,76.03812867484304
1909,1899,187.00247002247727
1910,1817,69.21128059014057
1911,1909,76.03812867484304
1911,4340,51.480978431586436
1911,1818,111.3964125020786
1911,1916,101.38616191262223
1912,1917,68.35493190048561
1912,4316,56.587489912534906
1912,4341,92.31269956656968
1913,1917,45.088199763871714
1914,1915,88.07207175205265
1914,2800,64.76328918331012
1915,1916,75.76953586841974
1915,3725,119.36549319108853
1915,1829,79.48044864686025
1916,4341,71.96970175181626
1916,1915,75.76953586841974
1916,1911,101.38616191262223
1916,1917,86.57467695106901
1917,1913,45.088199763871714
1917,1912,68.35493190048561
1917,1916,86.57467695106901
1918,1919,102.52860009485393
1918,4007,33.81501078720477
1919,4048,199.91027276886857
1919,2800,56.54909401030458
1920,4046,180.10489761298473
1920,236,162.66027437863343
1921,1944,35.02127909258657
1921,1827,75.06942375070022
1921,3586,104.4580858458419
1922,1823,27.681583676902417
1922,1824,62.371162189921634
1922,1827,153.9636763702144
1923,3579,61.140354186766295
1924,1927,154.56939893877967
1924,276,42.860493369154085
1924,3991,25.653086484544193
1925,1926,150.88313052988963
1925,4477,327.68586946627846
1925,1929,99.92505500492928
1926,1925,150.88313052988966
1926,338,67.10242335795684
1926,339,67.70259479671313
1927,1924,154.56939893877967
1927,3496,149.25547541163894
1928,3495,173.0389778099318
1928,2783,94.02957395704881
1928,1930,97.47798072785564
1929,2783,61.21743390857547
1929,3496,140.225340695946
1929,1925,99.92505500492926
1930,2467,44.72427199270113
1931,1935,86.64267919796652
1931,3270,60.31048534371958
1931,1932,106.18549857733643
1931,4285,13.211322999324404
1932,1933,60.75320803705696
1933,1934,78.33645574834529
1933,659,315.94025070158625
1934,2471,37.555519376717385
1934,2472,56.72551867348284
1935,2479,38.116682990695324
1935,91,110.52279179038203
1936,2791,55.45060441759792
1936,3133,101.99254608641567
1937,1901,600.3595909781777
1937,1942,65.30595362631436
1937,1938,316.64092723846585
1938,1797,103.4283322527697
1938,2781,163.56478063047967
1938,2789,52.706195068458484
1938,1937,316.6409272384659
1939,1820,229.18542468589024
1939,1941,92.39619497770066
1939,1904,146.92048071710477
1939,1903,462.3318860963119
1940,1941,13.86572010866567
1940,3153,126.19776277338676
1940,1905,150.57904885385958
1941,1939,92.39619497770066
1941,1940,13.86572010866567
1941,1904,207.35186233878974
1942,1937,65.30595362631436
1942,3152,21.032802333079957
1943,1819,202.74950603965132
1943,1944,34.11909491819475
1944,1921,35.02127909258657
1944,1945,123.31661561747427
1944,1943,34.11909491819475
1945,1944,123.3166156174743
1945,1823,40.90282751922687
1945,1825,230.97754194474845
1946,1897,225.67980727391466
1946,1892,148.66325532547353
1947,4356,57.900379389295814
1947,1948,113.30487879015783
1948,1461,60.67732191901855
1948,1947,113.30487879015782
1948,4379,81.8426937192917
1949,3290,78.8020939236493
1949,2936,91.1077088907911
1950,1951,50.30800598461961
1950,1812,72.57294663497136
1951,1950,50.30800598461961
1952,3301,41.42795239317574
1952,2971,81.42316504585305
1952,1709,140.30745504367587
1953,1954,191.6500586206637
1953,262,123.81611172759649
1953,1473,106.48231058388788
1954,1593,78.68425120471903
1954,1335,320.95668641070614
1955,172,137.04417099557546
1956,1202,100.12414633464893
1957,3489,488.50975430912274
1958,1959,87.97625774237693
1958,960,767.9747825701863
1959,3780,91.09640599978393
1959,954,148.43938596144787
1960,3048,567.1566377267291
1960,515,81.60413069065049
1961,4190,214.48353306173377
1961,2976,144.0900364267934
1962,4023,44.58195135393129
1962,3564,211.39240216694094
1963,3999,20.543618570049844
1963,1126,306.7159594476115
1964,3886,79.33644007392957
1964,3890,19.911256739316638
1965,3245,183.02494063287114
1965,58,148.46597325343075
1966,3888,264.5429950887822
1966,2121,128.3208429198782
1967,1168,45.94241529937768
1967,3558,55.14596896605631
1968,3557,54.259866632477
1968,481,66.85589664957764
1969,667,66.90167919331064
1970,1969,31.4039033407172
1970,1971,38.25055472283693
1971,1967,92.81259746945399
1972,849,107.80709528771627
1972,3594,55.938457008520885
1973,1972,102.00105305637788
1974,1978,52.58708841573065
1974,1977,108.68330781199067
1975,1976,112.17860226985438
1975,1974,276.335025379568
1976,1975,112.17860226985438
1976,1977,275.95387741558363
1976,1750,204.00885355895096
1977,1976,275.95387741558363
1977,1751,429.7580547941495
1977,1974,108.68330781199069
1978,1974,52.58708841573065
1979,2520,45.8059549537402
1979,1751,76.97027395197904
1979,251,160.78182254508653
1980,3098,279.9432520464809
1980,3924,143.8882305282429
1980,1355,201.79817490368788
1981,1982,144.12749499916472
1982,36,132.3910655478422
1982,109,67.49971665440005
1982,1981,144.12749499916472
1983,2961,144.2069500172472
1984,35,118.30524809637645
1984,3060,163.80139822052155
1984,3818,163.00754298647442
1985,922,125.59857462981968
1985,34,42.0354920036256
1985,4219,217.63859128091235
1986,116,24.510172935160263
1987,4221,211.42139065185836
1987,117,100.680275212345
1987,119,24.384844618359228
1988,114,365.28832481580093
1989,3186,23.32035913962332
1990,4555,283.0847708047278
1991,2088,325.7732088037512
1992,2666,54.5204191441973
1992,38,43.005540833486606
1992,37,150.7121330665311
1993,3891,23.336527136726737
1993,3892,21.62874716238897
1994,2007,86.17938449594948
1994,2292,21.784775497994758
1995,477,305.4857198575119
1995,2000,43.528966394761014
1996,2585,36.77989009370331
1996,1997,118.46846878000304
1996,2007,30.82796905650325
1997,1998,71.99102748353093
1997,1996,118.46846878000302
1998,1999,23.777844331908607
1998,2010,84.86668391707825
1998,1997,71.99102748353093
1999,1998,23.777844331908607
1999,4044,200.4663862152743
2000,2369,48.56450134334288
2000,1994,105.83148128143631
2001,4579,47.27210927249141
2001,2390,31.532485572002514
2001,3370,28.756320805967015
2002,505,73.53180493911323
2002,2049,72.551465195551
2002,1833,26.583905747901028
2003,3370,50.700512196602766
2003,476,244.2124042761483
2004,4503,50.91880552296534
2004,2005,54.54774759178115
2004,2008,109.45904264726585
2005,2006,168.57163826271977
2005,2011,43.80560127763641
2005,4384,8.050205466110807
2006,2007,14.71918487880625
2006,4385,17.236371249624476
2007,2006,14.71918487880625
2007,1996,30.82796905650325
2007,1994,86.17938449594948
2008,1997,68.22559428678667
2008,2004,109.45904264726583
2008,2010,62.08259833162662
2009,2008,55.18693015055403
2009,4384,105.67374254443646
2010,4503,105.6121561847706
2010,1998,84.86668391707826
2011,3536,12.755006103420104
2011,2005,43.80560127763641
2011,2012,208.86981999957953
2012,4044,79.13844719398577
2012,477,27.14915881764755
2012,2011,208.86981999957953
2013,2016,65.08981956897082
2013,1393,236.63243069882253
2014,2015,27.386609806791423
2014,3917,14.070489661986636
2014,2018,116.04623626633902
2015,2014,27.386609806791423
2015,1393,291.1762226402291
2015,3334,35.30598036204735
2016,2013,65.08981956897082
2016,3336,27.77974368655924
2016,2017,92.90040337349653
2017,2744,27.20297504989742
2017,1392,65.05665426441902
2017,2016,92.90040337349653
2018,1391,60.88678895169766
2019,1710,142.59882240042404
2020,2021,74.41501609409623
2020,4333,72.420868340089
2020,2023,41.84406707221347
2021,2022,40.36076682432832
2021,2020,74.41501609409623
2021,1815,57.464727204424285
2022,2021,40.36076682432832
2022,2023,74.4213189758153
2022,2025,34.11329901845754
2023,2022,74.4213189758153
2023,2020,41.84406707221347
2024,1710,55.110212927730245
2024,4333,61.42491159200078
2025,1813,19.279875844259877
2025,2026,74.32892253436009
2025,2022,34.11329901845754
2026,2025,74.32892253436007
2026,1714,23.575651833274364
2026,2023,31.355141779328235
2027,2031,95.76064285854055
2027,1533,120.29276162726491
2028,2027,177.94487826398554
2028,2032,99.11453584615572
2029,3201,173.12374729525374
2030,2032,137.8880170795226
2030,1535,136.64594761461552
2030,3720,232.25873317331195
2031,3720,121.00158223555297
2031,2027,95.76064285854055
2031,2032,201.4584188586252
2032,2028,99.11453584615569
2032,2030,137.8880170795226
2032,2031,201.45841885862515
2033,149,70.83584480450376
2033,148,66.85737789467159
2034,2683,950.4103076782967
2035,2036,184.18104843563546
2036,2039,109.47324711575885
2036,2035,184.18104843563543
2036,2037,54.78190042172201
2037,2062,89.48699156427199
2037,3435,332.5712659015861
2037,2036,54.781900421722014
2038,2681,176.60826788074758
2038,2059,22.29797187906407
2038,1834,94.90359531027084
2039,2036,109.47324711575885
2040,2048,531.2631003672991
2040,4594,569.2932974086424
2040,2041,459.0441561790387
2041,2640,316.76737518363467
2041,2058,614.540972452021
2041,2040,459.04415617903874
2042,2043,107.91041726708076
2043,4490,204.9532107031348
2043,4000,273.45584144186813
2043,2042,107.91041726708077
2044,2671,78.68081234744866
2044,2588,107.83005177743567
2044,2494,270.1145139476981
2045,2052,43.86570941074309
2045,503,232.81913502892755
2046,2045,44.07311720611858
2046,2056,71.22727335746515
2046,2052,19.100461069892283
2047,2058,185.1558980572292
2047,2055,42.905607014600704
2047,2054,58.35711026829761
2047,2046,208.97714666731903
2048,2040,531.2631003672991
2048,2062,101.16078951286308
2048,4392,229.97820379504375
2049,3127,158.69740737870225
2049,2053,31.93035582611985
2049,2002,72.551465195551
2050,2051,316.99273238793126
2050,2058,117.9136568365989
2050,3126,261.925085460507
2051,2060,170.53105849209555
2051,4392,277.3187398759156
2051,2050,316.99273238793126
2052,2239,29.183924602722616
2052,2045,43.86570941074309
2052,2046,19.100461069892283
2053,2057,131.5795296415252
2053,2049,31.93035582611985
2054,2047,58.35711026829761
2054,2322,455.913649402332
2054,2239,182.03068788256476
2055,3619,70.39752041775704
2055,2047,42.905607014600704
2056,2046,71.22727335746515
2056,4387,54.403740502603625
2056,3619,135.4706003170615
2057,3126,5.659387990705466
2057,3619,73.99493100145241
2057,2053,131.57952964152523
2058,2041,614.5409724520209
2058,2047,185.15589805722917
2058,2050,117.9136568365989
2059,4077,151.6638220309793
2059,2680,95.98318574057298
2059,2038,22.29797187906407
2060,2051,170.53105849209555
2061,4392,182.11492164585465
2062,4550,136.39199671955623
2062,2048,101.16078951286308
2062,2037,89.48699156427199
2063,4393,25.214197186358415
2063,4551,11.206441645659067
2063,4552,8.189185729534238
2064,1730,146.78929721320375
2065,2066,54.47567418961882
2066,2067,82.08416144379665
2066,2065,54.47567418961883
2066,3010,112.34018546215009
2067,2411,33.977883230867725
2067,2066,82.08416144379666
2067,4032,58.89187657095533
2068,2411,28.19708906469198
2068,3010,185.59561077956064
2068,3778,93.01577676141187
2069,3010,82.12696353588852
2069,873,116.83442953918886
2069,2070,59.3483863453847
2070,4042,407.0932973464045
2070,874,105.48840671036449
2070,2069,59.348386345384704
2071,1359,523.8211281105466
2071,871,346.1388404927358
2071,2692,527.1180319088659
2072,1359,400.71602119413063
2073,2074,172.0952999844657
2074,3899,250.06384246407754
2074,1400,72.34250550680954
2074,2073,172.0952999844657
2075,1422,77.9732139232961
2076,1421,161.17138265555738
2077,4280,215.46194312806028
2077,1068,123.19053696674301
2077,1411,101.52026942225069
2078,1067,496.7994720840527
2078,1409,206.5312365388587
2079,2082,121.0857198033589
2080,58,963.950452325074
2080,2505,26.344327898631985
2081,3195,41.90717120287792
2081,3193,84.74446462287443
2081,3194,35.22959944195122
2082,3195,38.49015635290063
2082,2079,121.0857198033589
2082,1213,181.2886068098401
2083,958,566.4265549811588
2084,4484,200.11512119438316
2084,156,23.094435761160295
2085,4494,7.711313230270584
2085,3704,109.00871195594678
2086,2087,76.14879507563826
2087,2086,76.14879507563826
2087,2091,50.409005432520075
2087,2089,59.54630483267385
2088,2091,5.533744541490914
2088,133,58.81836240024316
2088,1991,325.7732088037512
2089,122,47.70569482023676
2089,134,164.20277387531132
2089,2087,59.54630483267385
2090,2091,73.7299221257119
2091,2090,73.7299221257119
2091,2088,5.533744541490914
2091,2087,50.409005432520075
2092,133,111.82321836333708
2093,2094,79.45116507318107
2094,3623,147.38951639097212
2094,2093,79.45116507318107
2094,1791,95.80153858311444
2094,1790,110.04909490134386
2095,1792,48.02908538021677
2095,1793,11.799866343517433
2095,3231,189.70285652973322
2096,1352,125.31095821341962
2096,1500,37.34811145723461
2097,3820,117.40149248086456
2097,3798,233.52388892277492
2097,2098,86.69910260226575
2098,2097,86.69910260226575
2098,1492,250.20340186108314
2098,1353,144.57059506348645
2099,1374,63.79576399130609
2099,1371,185.25288950055702
2099,2100,115.14569468706758
2100,2099,115.14569468706759
2101,1493,11.497379058985686
2101,1492,129.294160355772
2101,259,159.33863300716712
2102,2101,18.37586170061635
2102,3798,307.9044656063795
2103,3512,13.776831261066311
2103,4103,11.835296479581508
2104,519,67.00740346116677
2105,2775,47.2262112604332
2105,2214,147.15704939817135
2105,283,176.2990948827483
2106,4397,2.1177546927426434
2106,3216,182.61338308397853
2106,2224,283.216662165859
2107,2108,87.30057731801031
2107,2224,92.4316497488235
2107,2773,182.75482972136834
2108,2110,290.08672980659526
2108,2107,87.3005773180103
2109,2110,96.41670597662205
2110,2109,96.41670597662207
2110,2108,290.0867298065953
2110,2111,112.07498551372768
2111,2110,112.07498551372768
2112,391,93.39109567817508
2112,214,187.16442605374556
2112,2113,112.42110580789026
2113,2112,112.42110580789027
2113,2114,22.25728317443736
2113,2802,32.10174460456077
2114,2115,76.47639763786133
2114,4019,612.6820919715238
2114,2113,22.25728317443736
2115,2114,76.47639763786133
2116,4309,65.4471877711983
2116,2657,89.07974181169982
2117,908,105.87044850597192
2117,897,47.56066955269741
2118,3722,21.60240592552967
2118,3996,31.860313978749303
2118,890,17.098916803582142
2119,3312,4.915660626773407
2119,2990,27.25433860175172
2119,608,141.5866283842553
2120,2657,114.50281773391924
2120,507,106.1912066975067
2120,3293,305.5630333633213
2121,2292,274.3072997023095
2123,814,48.42777556908932
2123,3938,9.630870143972036
2123,3266,22.1147523070867
2124,2122,115.32659763587547
2124,3266,58.91607095110461
2125,796,22.354265579298254
2125,815,19.3379852690858
2125,4539,57.68940522094948
2126,2741,37.52887448531226
2126,258,15.166535344043867
2126,2130,143.52504913618583
2127,3200,83.43967618306502
2128,3200,98.85147832148353
2129,3199,95.29852781687109
2129,2131,39.57721711503826
2129,2128,38.641641962273745
2130,3398,42.530932413099414
2130,2126,143.52504913618583
2130,3199,92.47576770972924
2131,2129,39.577217115038266
2131,2132,25.523554215680424
2131,1110,139.25303570719728
2132,1113,276.27514912390563
2132,1111,124.81369810771736
2132,2131,25.523554215680424
2133,1111,174.59688544878142
2133,2136,52.5697450587692
2133,3041,128.41186894442183
2133,4466,149.40051112575796
2134,2136,71.49780756281858
2135,2136,433.78077339307094
2135,3572,80.1359727490185
2135,2148,21.296609758160525
2136,2135,433.7807733930709
2136,2133,52.5697450587692
2136,2134,71.4978075628186
2137,3031,33.405725819757386
2137,3857,209.40786599837352
2137,2139,220.2180253482595
2138,3025,42.455508040868196
2138,3023,185.08461067367406
2138,4466,85.98820087207301
2139,1151,174.08884012110133
2139,3041,94.68476201279876
2140,1498,17.792521870776696
2140,3571,105.18240171641628
2140,2144,39.01580245395252
2141,1147,195.52810243266956
2142,3824,141.77384621529797
2142,3735,939.0493231359123
2142,2147,77.54534715862903
2143,3858,162.02694012822838
2143,1150,30.811353899086544
2144,2147,33.9023556065258
2144,2140,39.01580245395252
2145,1149,31.160220948757296
2145,2144,159.7148039528398
2145,2146,181.5766306187723
2145,1148,39.95810881120887
2146,1147,65.65786123875398
2146,1104,41.152483699171
2146,2145,181.5766306187723
2147,1149,154.13332129490448
2147,2142,77.54534715862903
2147,2144,33.9023556065258
2148,2135,21.296609758160525
2148,1498,85.76406717774265
2149,1148,90.45678960870835
2149,2148,213.67957522074198
2149,3823,117.38748330473088
2149,1105,177.86035297934887
2150,252,65.83564029826346
2150,253,301.12765610450975
2150,3934,98.79820649995006
2151,3801,70.35266299366711
2152,2153,157.98864027077312
2152,1325,57.35392555767386
2152,3990,100.0535791164265
2153,2519,92.40082435026387
2154,1843,117.62772931089677
2154,1515,122.73447492570696
2154,983,60.00482006077182
2154,1083,83.20396603667646
2155,3272,59.37198638269558
2155,1853,67.05523560728577
2155,2525,103.34093441419991
2155,1855,107.1406908408851
2156,797,63.42531411777152
2156,3272,39.75377246421182
2156,1838,81.81485310398311
2157,2714,83.6146453648652
2157,6,55.97711446966824
2157,1516,114.18134174562303
2157,2160,45.104746702950564
2158,2159,75.74231739754654
2158,798,90.19768369575057
2158,2714,53.602852250073546
2159,1516,11.855747266927986
2159,1078,84.83563568439574
2160,984,119.1537868064651
2160,790,74.75568831883363
2160,2157,45.104746702950564
2161,2715,101.48117317120038
2162,4043,25.444482591415998
2162,4040,21.61121379633556
2163,3384,369.43750821508047
2164,373,144.44147913837057
2165,3668,138.24878871490307
2165,3658,219.78251164597273
2165,379,88.00135609861117
2166,3666,36.03525828999674
2166,2167,118.79844550483918
2166,3669,33.58863264335619
2167,2168,99.15561211711851
2167,4019,461.4158835266101
2167,2166,118.79844550483918
2168,2167,99.15561211711851
2169,2170,41.078740709033
2170,390,62.979603815139924
2170,3438,113.59678815363414
2170,2169,41.078740709033006
2171,214,133.86397315545483
2171,218,117.28453638952254
2172,2174,41.21108182447773
2172,2173,578.1476663257914
2172,220,336.2576426351928
2173,2172,578.1476663257914
2173,4019,118.89120219988696
2173,221,469.55271256395525
2174,221,168.50629735657475
2174,2172,41.21108182447773
2174,2175,91.82861377828355
2175,2174,91.82861377828358
2176,4165,216.33837406730294
2176,3014,139.70841345867947
2176,2177,177.80002685713086
2177,2176,177.8000268571309
2178,2179,252.70909432790683
2179,222,78.76226996321027
2179,2178,252.70909432790683
2180,2192,183.1433494012091
2180,2183,72.80182430995438
2180,2191,134.85244472746055
2181,2838,130.16386848988407
2182,4534,4.895094438406678
2182,2183,355.17759918680434
2182,4535,235.31882332616624
2183,2182,355.1775991868044
2183,2180,72.80182430995438
2183,2189,122.61993882983282
2183,3547,157.55276206520875
2184,2194,83.68931539419265
2184,2193,228.61348035167822
2184,4253,219.15597817142967
2184,3547,95.53958262707962
2185,2186,33.591212874644334
2185,2190,78.33569248765245
2186,2190,106.3532534404042
2186,2717,57.5282899632313
2187,2717,72.48274200796564
2188,2189,83.87233628979578
2189,3210,162.03780336479988
2189,2183,122.61993882983286
2189,2188,83.87233628979578
2190,4162,7.186503604310913
2191,2838,154.49270727243976
2191,3554,74.40676386433775
2191,2180,134.85244472746052
2192,3547,178.6526851987594
2192,2180,183.1433494012091
2192,3965,122.4756204647189
2193,4535,24.328416098518225
2193,2184,228.6134803516782
2193,2203,53.43903145690905
2194,2184,83.68931539419265
2194,3020,714.9948501034564
2194,2196,306.74814865586194
2195,2200,9.121653436345463
2195,3020,175.7958526021464
2195,4253,22.68219750406132
2196,2194,306.74814865586194
2197,2198,196.17506860284553
2198,2197,196.17506860284556
2198,698,59.73485526437163
2198,2200,28.385911376455162
2199,2200,330.2145497383039
2200,2195,9.121653436345463
2200,2199,330.21454973830384
2200,2198,28.385911376455162
2201,4534,179.25466551029058
2202,4535,266.2411873609633
2203,2204,226.51216506888744
2203,4253,313.7302622334441
2203,2193,53.43903145690905
2204,2203,226.51216506888744
2205,742,114.87917909624348
2205,743,277.81753932723717
2205,2206,339.98861146972996
2206,3209,110.27626129990671
2206,741,130.61572152951288
2206,2205,339.9886114697298
2207,2210,48.34095485818224
2207,2771,170.99595744841082
2207,2208,131.9251886236672
2208,2212,90.74217960103837
2208,283,352.63091942782603
2208,2207,131.92518862366722
2209,3514,110.24604142661926
2209,3515,943.8590064138326
2209,2210,505.70493552400376
2210,2207,48.34095485818224
2210,2209,505.7049355240037
2210,3957,180.06746116858363
2211,2212,235.95216922882304
2212,2208,90.74217960103836
2212,2213,169.17910292408058
2212,2211,235.95216922882304
2213,2212,169.17910292408055
2214,2105,147.15704939817132
2214,2215,438.1713681225071
2214,2774,15.098786927397459
2215,697,193.71775639375085
2215,2214,438.1713681225071
2215,3570,212.55267777411035
2216,2218,274.3825938828622
2217,3909,78.21109762386989
2217,3570,176.83858512997696
2217,2219,64.35823849825844
2218,2216,274.3825938828621
2218,3909,191.1644548021543
2218,2219,262.718703423735
2219,4398,105.71127581241052
2219,2217,64.35823849825844
2219,2218,262.718703423735
2220,2221,85.30052214848472
2221,2222,116.4417197123839
2221,3909,48.78821920023333
2221,2220,85.30052214848472
2222,2221,116.4417197123839
2223,3216,195.14810605977198
2223,2224,96.54023795604003
2223,4076,339.2855376384967
2224,2223,96.54023795604003
2224,2107,92.4316497488235
2224,2106,283.216662165859
2225,3216,255.22635792775128
2225,3211,48.6735440687793
2225,2226,118.34148249582711
2226,2225,118.3414824958271
2226,284,79.59581962685402
2226,2775,91.57661963306785
2227,284,479.2476754124437
2228,2229,144.61545674368537
2229,3998,250.00273279119514
2229,1772,145.12105619903977
2229,2228,144.61545674368537
2230,1771,93.43006065523545
2230,1770,132.11096433857875
2230,2231,82.07678466078532
2231,2230,82.07678466078534
2232,3979,118.27643215175357
2232,1772,150.63377424591627
2232,2234,42.24637886896012
2233,2234,186.45703279565004
2234,2235,222.81454288737794
2234,2232,42.24637886896012
2234,2233,186.45703279565004
2235,1772,37.670820702330495
2235,1771,41.6131082456021
2235,2234,222.81454288737797
2236,2983,196.91824409104723
2236,1835,413.4534597385142
2236,2383,26.443791659632993
2237,4513,429.30400049437435
2237,1856,159.4326731687338
2237,501,88.99317099467304
2238,3853,309.3111354972512
2238,2323,98.12935243969854
2238,2326,19.151686122664344
2239,2052,29.18392460272262
2239,2326,161.97267519596227
2239,2054,182.03068788256473
2240,2338,215.41823970514957
2240,2338,139.45647416210065
2240,3505,59.54245919091855
2241,3155,101.08738451147332
2241,3506,105.15842560077883
2241,342,161.68596988845798
2242,281,165.76020629487763
2242,1799,87.99556712199482
2242,3508,159.2830900605697
2243,754,31.700889257484285
2243,2244,283.38870709063525
2244,75,8.952872139899801
2244,76,87.10871686437683
2245,4069,22.18850548058003
2245,2913,97.34313730734677
2246,1828,45.53699253546342
2246,3651,38.83276973746108
2247,4270,8.092373941515541
2247,278,175.7828337015974
2248,216,6.714910695377748
2248,4147,33.906980366332014
2249,4146,21.606144294013475
2249,2250,36.30649219321588
2249,4337,75.67601966990891
2250,2249,36.30649219321588
2250,2253,58.24006626068611
2251,218,147.4250909791425
2251,215,107.42706232916
2251,2253,81.85335247782324
2252,2256,132.62529541987197
2252,2171,81.42834521095043
2253,3284,74.56951880062934
2254,2255,88.63678731854944
2254,2262,158.96644396184033
2254,2261,57.095617629214786
2255,2254,88.63678731854945
2255,2259,42.90702927966042
2255,2258,29.16528712039085
2255,4337,48.11095203056576
2256,3284,58.79467153126489
2256,2252,132.62529541987197
2256,2259,83.54063066579802
2257,2258,62.0341818836007
2258,2257,62.034181883600695
2258,3360,97.47861914252476
2258,2255,29.165287120390847
2259,2255,42.90702927966043
2259,4301,34.458316913669435
2260,3129,49.319540813616555
2260,2264,69.54644433078664
2260,2261,126.23174339424476
2260,4279,23.36738214814516
2261,2254,57.095617629214786
2261,2264,121.73316938375703
2262,201,29.27454805979267
2262,2254,158.96644396184033
2262,705,57.10542187499769
2263,381,64.44266877439979
2263,2265,43.59686355420671
2264,3474,209.00904665099137
2264,2263,73.80313197768695
2264,2261,121.73316938375703
2265,717,238.75023969996167
2265,2263,43.59686355420671
2265,716,131.82679295767127
2266,2275,53.70914381974311
2266,26,127.5557209509097
2267,2279,202.13456681980455
2267,2268,26.342832003442094
2268,668,24.9910657556363
2268,2273,72.29612271234467
2269,1181,43.6888738627278
2269,2394,61.3021076254423
2270,2394,45.45698843096596
2270,2269,81.20649903611547
2271,1967,41.330646834544794
2272,2271,34.04814380697201
2272,1973,109.1155842612706
2273,2274,28.319112668250458
2273,1218,83.28036962720202
2274,2273,28.319112668250458
2274,668,77.35323364472218
2275,2267,81.93762493449631
2276,3958,130.0102756238464
2277,2654,25.93268122104626
2277,2278,57.708335957465906
2278,2276,43.86601745952533
2278,25,213.95803189957186
2278,2654,38.34455455728243
2279,2277,50.56316657221612
2280,2281,251.1389569331498
2280,2282,185.04491030962066
2280,923,85.90234267340956
2281,3995,53.35639256018594
2281,2280,251.1389569331499
2281,2283,90.59085445138227
2281,2282,77.17017669724841
2282,2281,77.17017669724841
2282,951,62.29582975797887
2282,2280,185.04491030962066
2283,2281,90.59085445138227
2283,3223,61.02976354240528
2283,33,471.41226907128106
2284,851,42.85889735846991
2284,518,129.05358705085683
2285,687,43.20774029649276
2286,2287,43.266674106225715
2286,687,84.22561445049604
2286,851,85.01212145418424
2287,2285,145.35329855235435
2287,2285,76.3890400982572
2287,4260,23.939440820721906
2288,2289,120.31409948669307
2289,1764,140.59588591779314
2289,4088,63.789893827602775
2290,2291,225.68410919377547
2291,3982,3.1855990240507293
2291,4382,15.650928844913427
2292,2392,121.77955119255182
2293,4598,131.7265190821994
2293,959,182.84600155406014
2294,4226,12.234739192170048
2294,0,193.90178429604165
2295,2296,87.9198217743616
2295,684,78.98956767964503
2295,2749,111.67923850115004
2295,683,150.72611599643417
2296,2295,87.91982177436158
2296,3436,382.57726333621054
2296,2748,111.66386373812196
2297,2576,49.204946200678236
2297,3379,124.8483336773619
2297,2579,64.42004756132093
2297,2396,35.81124463580155
2298,929,365.0000227082336
2298,2581,96.16007934949248
2299,926,451.55491289953557
2299,2580,29.45301098079696
2300,2298,29.08798536642091
2300,1993,510.013165558811
2301,4573,167.71247540677786
2302,3533,599.2486520922769
2303,2304,231.81737969537625
2304,2305,84.97621402656637
2304,2459,168.637544370238
2305,2465,479.8877484379109
2306,2308,55.83333975237818
2306,2302,410.3881344014218
2307,2458,67.0455855518276
2308,2307,74.647111994135
2308,2986,317.82934791041623
2309,1193,183.0160631254083
2309,2306,58.856076936527785
2310,1157,128.08691678839097
2310,2464,158.52033300456068
2310,2312,204.86548576799836
2311,2312,243.3407195522695
2312,2310,204.86548576799842
2312,2311,243.3407195522695
2312,4242,128.95567590086065
2313,2466,221.53753329440823
2314,2080,22.718907089138117
2314,1146,162.9173122565452
2315,4390,12.944605177342826
2315,2321,231.5045361463586
2315,500,115.12103571456096
2316,1047,147.7559067317099
2317,2318,62.36076749035121
2318,1608,194.16687084806352
2318,2317,62.36076749035121
2318,1611,143.2480420332632
2319,3904,218.63573813927084
2320,2987,109.95340672009551
2320,3878,581.3730313406696
2320,2501,201.2461073717155
2321,2315,231.5045361463585
2322,2325,75.07488758896108
2322,4000,167.4854051940737
2322,2054,455.913649402332
2323,4511,403.2366743431415
2323,2238,98.12935243969855
2323,4492,17.032331325410407
2324,2325,115.24591350193207
2325,2324,115.24591350193207
2325,2322,75.07488758896108
2325,4492,412.86580179047485
2326,4005,128.2736523097295
2326,2238,19.151686122664344
2326,2239,161.97267519596232
2327,501,46.733063599918005
2328,1486,59.63788444410397
2328,509,67.30100992130556
2328,4303,19.94624832871952
2329,2787,154.32177567351002
2329,1904,63.7989909830005
2329,2332,230.4175506303196
2330,2332,162.6889257254783
2330,2331,108.77001946132228
2330,3154,273.2006847686409
2331,4575,7.203223059709483
2331,3846,13.927721253212159
2331,2330,108.77001946132229
2332,2329,230.41755063031957
2332,2330,162.68892572547827
2332,2333,98.98185326089111
2333,2332,98.98185326089111
2334,2335,115.8238795926683
2334,4343,302.79028617759735
2334,1798,32.23927870281997
2335,2334,115.82387959266832
2336,2337,72.76340312136058
2337,2338,74.30247778041601
2337,4343,276.32845299658266
2337,2336,72.76340312136058
2338,2240,139.45647416210068
2338,2240,215.41823970514957
2338,2337,74.30247778041601
2339,280,135.60042054059045
2340,1828,302.39175521970213
2341,277,170.26055338256887
2342,2344,73.45001453781714
2342,2343,44.31147849048776
2342,3503,126.7244361322915
2343,2342,44.31147849048776
2343,3504,158.78722428612468
2343,1798,148.2755196800219
2344,2342,73.45001453781714
2344,3502,108.29755317857288
2344,1797,153.6793164921098
2345,4339,308.2649608101463
2345,321,76.98020587919662
2345,3651,71.7344245255677
2346,549,50.45590981385635
2346,1693,294.1134947864538
2347,230,28.818860316258657
2347,2348,24.2859571943389
2348,2346,70.08566642528265
2349,2419,293.9133566928256
2349,2350,48.34821254086275
2350,2349,48.34821254086275
2350,3706,61.274455920051274
2351,2645,156.559143462204
2351,2414,158.15606344313335
2351,2441,193.69741846665983
2352,3739,76.46428449506863
2352,1723,101.1422354396492
2352,3122,16.243371423516972
2353,1570,53.854042442007255
2354,2355,150.77213919423943
2355,2841,53.08717000645739
2355,4181,315.27406571555395
2355,2354,150.77213919423943
2356,3033,71.6856119538487
2356,4129,102.58341091072235
2356,2357,176.10596781239428
2357,2356,176.1059678123943
2358,2359,100.44243636909945
2359,2358,100.44243636909947
2359,2830,108.24597250291738
2359,2360,130.76585178002466
2359,2364,83.45100526631836
2360,2359,130.76585178002466
2360,2827,149.3274014544054
2360,2939,82.5442543463122
2360,2363,66.31045575336073
2361,2938,186.34119536499864
2361,2362,122.47211882714699
2361,2827,355.71118223462616
2362,2361,122.47211882714699
2362,3795,133.40476712067237
2362,3794,106.11491955354839
2363,2831,15.027889719211489
2363,2828,156.84013257923692
2363,2360,66.31045575336071
2364,2359,83.45100526631836
2365,3744,349.44835510684135
2366,3912,182.40511348553565
2366,775,97.93047968323772
2366,173,79.0122883161039
2367,2368,40.74520033631195
2367,3969,297.85986887835554
2368,1144,191.07843408848348
2368,2369,89.58544125516568
2369,2001,35.34671507305167
2370,1132,18.55226460255916
2370,1144,89.17903464685959
2370,4381,19.394456053444713
2371,1390,163.03098045630992
2372,1435,71.08277998216401
2373,1322,21.190917770893122
2374,2377,81.30682851288961
2374,526,68.38158328405132
2375,41,91.33233651327022
2376,2377,97.74886278829642
2376,527,86.97094984729817
2377,2374,81.30682851288961
2377,2376,97.74886278829642
2377,2373,103.08591474880002
2378,2379,490.3678251596349
2378,2841,249.18183264098093
2378,3088,49.24313252709318
2378,3522,90.00362523022811
2379,2378,490.367825159635
2380,2381,172.9041623950844
2381,2380,172.90416239508443
2381,1294,178.83094114988393
2381,3793,128.6359451435467
2382,952,10.246216001304212
2382,3768,720.4859749750057
2382,3770,31.080941451812166
2383,1832,99.1526411840702
2383,2385,58.65009599471644
2383,2236,26.443791659632993
2384,3840,12.16007238797421
2385,2383,58.65009599471644
2386,142,29.11751073774377
2386,143,74.2696943180681
2386,152,111.3287351424854
2387,1264,178.87954586667468
2387,1263,101.99335023659123
2387,1266,70.49670455356146
2388,4100,61.88741805558804
2388,3791,177.71517069425116
2389,2816,265.24044303740675
2389,3451,218.76646780927044
2389,887,59.08085580071959
2390,2003,22.174826947878337
2390,3370,32.755056698411934
2391,237,86.98342568549259
2391,1457,46.60919959939406
2392,2288,53.46728340693504
2392,3339,73.82348968698241
2393,1608,69.72096724944994
2393,1657,96.99566446511332
2393,1657,244.38754198883515
2394,2266,41.312334702590995
2394,2275,19.97623493730677
2395,1323,51.06898659450672
2395,1321,66.43704117379573
2395,1320,74.97705730885441
2396,643,17.348967252652688
2396,2297,35.81124463580155
2397,3980,327.6855453054506
2398,3620,158.3326580719133
2398,528,45.0815062582588
2399,3392,29.136415006210928
2399,3745,163.6821809597343
2400,3865,114.94503666923032
2400,2403,102.95588867980568
2400,4587,87.03514601865544
2401,261,64.58410967396351
2401,254,57.59874189300504
2401,3549,264.2561142619493
2402,2403,166.7856533160498
2403,2402,166.78565331604983
2403,2740,133.65346236305456
2403,2400,102.95588867980568
2404,3863,69.89772938130926
2405,1054,215.00066105784794
2406,3540,234.47059721241249
2406,2935,361.9112690335911
2407,4440,840.0016571994712
2408,2413,844.2192255963887
2409,3906,168.0596622271001
2409,2408,550.4859046992902
2410,1184,861.7121242409935
2410,1189,372.37402724296345
2411,2067,33.977883230867725
2411,2068,28.19708906469198
2411,1327,382.39631575191765
2412,4530,16.139404888935836
2412,4084,362.72419200993517
2413,3905,351.3461700502869
2414,2415,70.97227266104889
2414,2351,158.15606344313335
2414,2417,153.67587360894777
2414,2416,321.2198186102596
2415,2414,70.97227266104889
2415,1166,66.76250083860052
2415,2418,107.52849322135569
2416,2414,321.21981861025967
2417,2583,314.8538155551454
2417,2414,153.67587360894777
2417,1161,283.5895229321499
2418,4241,75.47771430390073
2418,2415,107.5284932213557
2418,2435,98.81383139657564
2419,2349,293.91335669282563
2420,2420,512.5533513976646
2420,2420,512.5533513976645
2420,2421,476.04377500173985
2421,2422,89.56904075337161
2421,2441,203.6694408010849
2421,2440,150.19746648950797
2421,2420,476.0437750017398
2422,2421,89.56904075337161
2422,2439,167.0041129181384
2422,4218,79.06804907324462
2423,1537,129.8830360101173
2423,1540,115.78484612358227
2423,2994,135.9145823273418
2423,3524,53.51554830367118
2424,2967,85.82008431717503
2424,286,75.43171324021664
2424,1871,52.80215362285743
2425,4034,128.72402358481577
2425,889,82.85654197804406
2425,882,124.14536271404927
2426,2944,226.36037925528908
2426,888,30.94267366512601
2427,678,241.12420785398575
2428,3976,150.50171546333686
2428,2429,31.416305058944168
2430,2684,98.87696202491114
2430,3646,156.87527062905417
2431,223,199.21672367868558
2431,4169,76.09744255860147
2432,2529,111.9014671988661
2432,259,412.6218766251819
2433,2432,457.1289261072807
2433,1786,79.53887641836222
2434,649,78.04770243592054
2434,647,150.3665908397243
2434,3485,202.03966727231824
2435,2418,98.81383139657564
2436,4239,28.51882577468853
2436,1164,132.78958748841407
2436,1165,65.82259685177613
2437,4239,156.94849925962856
2437,4240,35.43805195980725
2438,3534,109.0094039856966
2438,2645,203.78490043065324
2438,4240,112.99081504546716
2439,2422,167.00411291813842
2440,2421,150.19746648950795
2441,2421,203.6694408010849
2441,2351,193.69741846665988
2441,3706,44.37330168489913
2442,1517,50.31134324556621
2443,1517,6.482048630527465
2443,677,75.94855912905344
2443,3295,182.68961940318448
2444,691,92.18965183363804
2444,671,369.15484508337346
2444,3295,7.859395406626891
2445,2375,33.7081108059003
2445,2455,1647.9455751135722
2446,3869,102.44726279031701
2446,4408,14.249586236260654
2446,825,64.15907880217483
2447,2446,29.286643654109824
2447,4408,28.95987260332575
2448,2450,43.66460903209504
2448,2449,137.65994926001397
2449,4061,267.53434615492387
2450,4290,132.6716034867569
2450,824,69.39714018514177
2451,2452,71.710409441076
2451,1319,43.83048926666311
2452,2447,217.44147663293143
2453,2543,65.89138261057403
2454,655,10.627782679806689
2454,2453,101.2114607221116
2454,2691,58.92923283091542
2455,2986,573.7886741301334
2455,2456,446.28175249256094
2456,2302,158.1358687564541
2456,4236,184.60729681446003
2457,2465,647.120407486349
2457,2307,298.45440508787283
2458,248,48.56081974963803
2459,3163,253.55211079642652
2459,2458,102.769162122901
2460,2309,477.2795016953276
2461,2462,38.38742061953077
2461,3787,27.0373920812597
2462,4510,60.381134870737355
2463,4232,815.2339658859179
2463,3538,502.5941680822662
2464,2310,158.5203330045607
2464,2521,216.81654612107747
2464,3404,109.82815640664224
2465,2452,1495.8765003082083
2466,1163,155.9976128594687
2466,2313,221.53753329440823
2466,1157,282.61869633838404
2467,2468,98.56310144089417
2467,1934,58.3412856363022
2468,1928,53.43973290539768
2468,2467,98.56310144089417
2469,336,69.55772088311188
2469,2470,63.336190041188196
2470,4286,45.999907223553336
2470,2471,113.18364202850834
2471,2470,113.18364202850832
2471,196,67.40594089710257
2472,1932,74.41264875744076
2472,4286,71.49303214739392
2473,10,241.5828445274008
2473,979,370.45902955162984
2473,1027,121.72848378188193
2474,4468,13.107644928874558
2474,1027,198.54166079723404
2475,2647,37.245925527470746
2476,2477,63.89508721760085
2476,90,39.88699675363497
2477,3116,16.615390772369764
2478,2479,60.84790952642801
2478,2481,111.03462842824997
2479,694,53.79057467789838
2480,2481,52.676755966192616
2480,2484,100.11169001871306
2480,694,76.97120756610518
2481,2482,53.35055072521208
2481,2478,111.03462842824999
2482,2477,101.68195079326011
2483,2484,63.388550947825635
2483,2482,85.61357550318529
2484,2483,63.388550947825635
2484,4284,19.306303262517915
2484,2480,100.11169001871306
2485,3843,195.200030893054
2485,654,28.73902293135358
2485,1044,48.11602695693263
2486,4007,26.377730047881684
2486,1454,30.364058825966666
2486,4051,52.712561900776194
2487,240,79.98636269421586
2487,4171,191.50985848096286
2488,2489,48.5301761098864
2489,4169,94.80137648892615
2489,2488,48.5301761098864
2489,659,64.77667839759297
2490,1706,80.20976475010552
2490,3171,21.867121026111963
2491,1682,78.51049254304453
2491,3171,24.26366169395952
2491,2490,29.020377302775394
2491,1683,157.95104742489266
2492,2493,91.54860930494884
2493,2492,91.54860930494884
2493,2495,289.9880411415661
2493,2494,167.94354339614412
2494,2044,270.11451394769813
2494,4394,90.79497183196827
2494,2496,409.60137292696135
2494,2493,167.9435433961441
2495,2713,663.0037957572252
2495,2493,289.9880411415661
2495,4541,45.88991898242403
2496,2494,409.60137292696135
2496,2496,39.888778561151966
2496,2496,39.888778561151966
2497,4595,40.398405602758665
2497,3850,100.90707476299508
2497,4395,59.5083675059405
2498,2499,89.79782218769925
2498,621,146.6925089066216
2499,4246,123.07025655131477
2499,2498,89.79782218769924
2499,2498,161.87565961874216
2500,2983,238.613910857284
2500,4017,271.5059140669473
2500,2501,54.91882648692732
2501,2500,54.91882648692732
2501,2320,201.24610737171554
2501,3755,197.93129441270634
2502,4168,173.1332421205482
2503,871,155.07394017310412
2503,870,39.32314351243659
2503,2504,67.13459617855041
2504,2503,67.13459617855041
2505,2314,28.81716382681678
2505,2080,26.344327898631985
2505,1291,60.894818031429494
2506,695,74.1248876398454
2506,696,33.93576471050624
2506,2854,204.14814771412003
2507,941,206.96334684341986
2507,1480,125.2731881513196
2507,940,318.9431790423281
2508,863,168.53310054786883
2509,3927,254.59850006352534
2509,2520,258.7277318434904
2510,3934,315.5165447865797
2510,3990,200.20338600245952
2511,2548,86.09882066699691
2511,2513,96.80501287151203
2512,253,86.47861532379991
2512,2548,91.94315108599767
2512,254,50.62077065378479
2513,2548,178.14201095255802
2513,2510,38.10829236789852
2514,3934,96.72794086514438
2515,2516,23.24641831115436
2515,1095,126.56684178551053
2516,2518,12.571157737908404
2516,2151,56.5016312827004
2517,2516,7.685479739237606
2517,2515,24.559307391765874
2518,4154,43.04422235338109
2518,1320,86.24208284310865
2519,1325,12.927377404725814
2519,2151,30.662160197359622
2520,1979,45.8059549537402
2520,1085,279.7413948990305
2521,2464,216.8165461210775
2521,4447,136.42057431267224
2521,3403,60.22155904839002
2521,4155,445.44899580033876
2522,1096,76.06409621885642
2523,990,57.062763153669934
2523,531,131.85924798551085
2523,3406,63.28932837699609
2524,255,55.03518691411545
2525,2155,103.34093441419991
2525,983,21.303515313923107
2526,3783,21.49220914293789
2526,1852,65.37815551414111
2526,1855,68.81843378918012
2527,1108,32.4112346359343
2527,1109,30.744344123395752
2528,3726,48.72156220898601
2528,4267,276.84325870628425
2529,2432,111.9014671988661
2529,4267,79.65800745460898
2529,2530,18.26445465664643
2530,2529,18.26445465664643
2530,4097,131.72120517354696
2530,3079,248.6393100129101
2531,1749,134.56259472637015
2532,2533,71.56821191667595
2532,3827,66.3395341261902
2532,2535,93.89610954299414
2532,2612,143.03044562691503
2533,3452,411.83500084263324
2533,2534,93.44504898671408
2534,2535,71.81785446345967
2534,2533,93.4450489867141
2534,653,54.215897338127846
2535,2532,93.89610954299413
2535,1749,53.32930606489201
2536,3009,147.2661225671109
2536,536,100.13133692401965
2536,4032,113.90805319996777
2537,4032,173.19295854241784
2538,2539,196.03505824804753
2539,2541,81.07747447138644
2539,2540,73.1914095861105
2539,2538,196.03505824804753
2540,1330,197.0795672902846
2540,2539,73.1914095861105
2541,2539,81.07747447138644
2542,4386,72.18289838070835
2543,4251,4.403787597941167
2543,4060,249.4440970750067
2544,2545,47.237576963617954
2544,771,95.67868773177055
2545,102,91.07008245634572
2545,3132,26.921655258475653
2546,2547,102.91260239895453
2546,3132,24.76513571243565
2547,658,42.67911580739095
2547,4102,27.81840072629089
2548,2511,86.09882066699691
2548,2513,178.14201095255805
2548,2512,91.94315108599767
2548,988,87.93609061356743
2549,4151,27.528697913600876
2549,4152,26.842033330015028
2549,1112,85.53492321714481
2550,3212,50.548424805256005
2550,2551,157.1002506682849
2551,3215,27.105309502064298
2551,700,101.38670324940753
2551,2550,157.1002506682849
2551,3214,42.46968812262033
2552,3158,46.820819765335
2553,4556,64.73470820161506
2554,3509,306.058353256028
2555,480,108.72551384092594
2555,3208,248.76504916084184
2555,3758,56.58926564444644
2556,2563,118.11334662809736
2556,3140,72.99462762000014
2556,1222,49.2259068451114
2557,2556,80.16438895867906
2557,1230,63.194342310672454
2557,1074,74.47842512323814
2558,2559,86.94344571171474
2559,2558,86.94344571171473
2559,3273,25.910174522630008
2560,1231,62.64395164539918
2560,1232,65.79099695590719
2560,2557,99.79183766666094
2561,3141,106.37011280833495
2561,2564,14.55456043463342
2562,2563,26.458583646760314
2562,3071,30.102518241105866
2562,2564,52.281259472839274
2562,1222,116.33124819966308
2563,2561,52.2044348848363
2563,2562,26.458583646760314
2564,3675,122.96699589733426
2564,2561,14.55456043463342
2564,3018,85.86122901370166
2564,2562,52.281259472839274
2565,3142,110.94790843180986
2565,365,63.183916722998624
2565,1223,68.81679847433384
2566,367,59.82943926856907
2566,3070,66.54968044044288
2566,1072,69.8040714813192
2567,1223,55.241642104060276
2567,213,63.44891428351159
2568,2565,68.67963477947497
2568,4383,32.485333304997525
2569,3681,146.8554227300719
2569,360,62.631374820292606
2570,3689,68.43236456405657
2571,1205,946.9216905177258
2572,589,77.79911838731363
2572,419,65.03108259319902
2572,425,65.70486062908162
2573,563,63.16341833311264
2573,564,62.31847524211658
2574,4525,12.273130232147688
2574,4563,11.378588049875184
2574,4564,18.219648790151776
2575,3205,99.17421326323218
2576,684,52.84207058803702
2576,681,140.76430453356517
2577,2578,78.42849354849201
2577,625,54.33510122810283
2577,3647,49.069892034889094
2578,2576,58.95772599524963
2578,2579,52.422643080679414
2579,2578,52.42264308067942
2579,2297,64.42004756132093
2579,3647,79.06930120314459
2580,2582,18.02582005907637
2580,850,159.34837075173462
2580,2299,29.45301098079696
2581,2582,28.29114116900717
2581,2299,15.653717537534462
2582,31,126.75798103045472
2583,2417,314.85381555514533
2584,942,295.84869078107124
2584,941,122.1685079443237
2584,2508,126.25018119791812
2585,2641,53.83545069572337
2585,2586,45.21885782670348
2585,1996,36.77989009370331
2586,2585,45.21885782670348
2587,1131,170.0412468044196
2588,2589,28.29439613864023
2588,2044,107.83005177743567
2588,2946,97.4900336663391
2589,2588,28.29439613864023
2589,2713,113.69883407699969
2589,2671,51.29712845098191
2590,2929,49.494201520080985
2590,3814,419.57058996299656
2590,3851,146.58282775148092
2591,1830,378.07070812318375
2592,3994,76.6211761471743
2593,2868,135.0196660073747
2593,1794,226.94045487600243
2593,466,315.2613388401897
2594,508,82.74035603803057
2594,2595,127.5294492000137
2594,507,84.60248196387663
2595,2594,127.5294492000137
2595,3297,59.42290777022796
2596,4157,6.851156539038036
2596,3742,74.20382967396979
2597,2599,79.03896588449835
2597,4537,24.44637927772719
2598,451,12.83772238866581
2599,665,12.232285497844327
2599,2597,79.03896588449835
2599,2600,45.51005381751663
2600,2599,45.51005381751663
2601,2600,39.450853083685686
2601,3560,76.1431750120202
2601,558,78.92902623336207
2602,4042,181.47523276402683
2603,729,31.740098678861866
2603,736,40.552975731282615
2603,730,324.88008779272815
2604,2605,123.99316133885824
2604,1052,134.39989509727857
2604,910,56.20677182896805
2605,2604,123.99316133885824
2605,863,53.04406452832676
2606,1133,4.62164315476276
2606,4579,131.45939368382136
2606,4381,66.56802678805556
2607,3404,85.39628045183893
2608,539,210.9349588409352
2609,1511,50.87953843275158
2609,984,86.83915336501953
2609,3044,72.54016343293951
2609,3043,40.76238898643474
2610,2624,109.38893891150514
2610,1190,30.77479197593842
2611,2409,2210.691147442192
2613,1484,73.13642629867938
2614,2615,176.01937729616634
2615,4042,78.76359650692856
2615,2614,176.01937729616634
2615,3120,161.7138066252884
2616,1266,109.38041851203504
2616,4318,56.622019187091055
2617,4189,79.9650886946718
2617,4113,14.140451794030373
2618,2619,6.246597112181666
2618,310,206.57047881626258
2618,1342,65.47579732799394
2619,2618,6.246597112181666
2619,310,79.92205631711752
2619,2621,89.83871698472784
2620,4087,113.56563298910571
2620,2621,24.374901860051033
2621,1343,138.23646300768402
2621,2619,89.83871698472784
2621,2620,24.374901860051033
2622,2610,6.126265373917692
2623,2622,23.62927346618092
2624,1187,6.447120732955342
2625,2626,15.243544129738519
2625,3609,51.96752740666277
2626,869,413.54403674279376
2626,870,29.805760175668738
2627,572,13.661815341172824
2628,568,45.523882990401795
2628,567,19.171467461247833
2628,2635,85.91680245472969
2629,2630,35.69533080145685
2629,3286,14.109140317799637
2630,834,109.298425016102
2630,2631,41.54352871338071
2631,2630,41.54352871338071
2632,2633,63.93997090640789
2633,2632,63.93997090640789
2633,407,46.53811139956212
2633,408,64.27357100278672
2634,2408,189.80693312395707
2635,2628,85.91680245472969
2636,853,43.81884453571107
2637,1775,62.940507018236744
2637,1135,166.06922336292726
2637,1768,1103.340346117915
2638,2639,108.67290003691691
2638,4227,354.3290814692226
2638,3980,170.11092500170082
2639,2638,108.67290003691693
2640,2041,316.76737518363467
2640,2640,91.8131637206542
2641,2585,53.83545069572337
2642,4567,16.171250725134048
2643,2840,15.119983854307268
2643,3036,106.38611775794107
2644,3034,178.79307053412552
2644,2739,102.04850347294663
2645,2438,203.78490043065318
2645,2351,156.559143462204
2645,1166,51.15019273202998
2646,794,170.66550476138926
2646,796,29.876195399453803
2647,324,106.91434571639695
2647,2475,37.245925527470746
2647,2488,66.26841530072822
2648,4130,52.1069081077034
2649,3562,33.57995454657587
2650,470,30.16584264123212
2651,56,18.847778771707457
2651,2650,27.215726962292454
2652,54,250.6052366887448
2652,53,120.5219578468951
2653,71,81.12341019144463
2653,3446,102.28477933932737
2654,2276,15.70843822262056
2654,3894,97.34527394775824
2655,3829,165.35821482459326
2656,69,45.58401511399679
2657,2120,114.50281773391924
2657,1795,120.05030103619875
2657,2116,89.29266042757604
2658,975,112.7253831011037
2659,1084,95.62155216204783
2659,12,46.198306959321464
2660,2124,14.62653587022174
2660,4518,164.14067692854326
2661,810,81.54196170276387
2661,795,120.64829073897263
2662,1840,56.11687570995737
2662,7,83.49010881858575
2662,1578,83.19317680056079
2663,5,5.246260748880662
2663,2703,160.8838048399626
2663,395,195.06401880148343
2664,656,14.619226067988524
2664,394,98.70670649416216
2665,4520,460.38975708168675
2666,1992,54.520419144197305
2666,38,81.43726700698612
2666,532,44.64702391688139
2667,4396,12.713790476889026
2667,3552,59.888376171303946
2667,3781,74.36109965679631
2668,250,14.313286523384823
2668,3366,141.70228609909418
2669,250,35.62233649793649
2669,1104,139.99387695642216
2670,3421,4.338378220649871
2671,2044,78.68081234744866
2671,2589,51.29712845098191
2671,2713,108.80987338707988
2672,1386,142.01372061426872
2672,908,59.84587933155768
2672,1595,183.4219854749685
2673,496,266.85714426980127
2674,484,325.7536291724541
2674,493,193.02296827272113
2675,2676,79.92595755091814
2675,597,21.632518042151588
2675,808,66.36515689083737
2676,425,40.9403436991925
2676,2675,79.92595755091814
2676,1577,65.42458092153743
2677,3308,118.17554697276131
2677,1346,117.49915591905886
2677,303,52.040417836923694
2678,1370,34.46760870701401
2678,2832,245.08137646618363
2678,2831,36.044477031055735
2679,3879,377.01923768577853
2680,2681,48.088063299978934
2680,3189,101.94350603439528
2680,2059,95.98318574057298
2681,2680,48.08806329997893
2681,2682,39.67850329936022
2681,2038,176.60826788074758
2682,2681,39.67850329936022
2683,4504,135.8570399204384
2683,3879,85.58896126653102
2683,2034,950.4103076782967
2684,2430,98.87696202491114
2685,2686,173.48754129655623
2685,2686,135.03302398039102
2685,3642,216.18496683820726
2686,2685,135.03302398039102
2686,2685,173.48754129655623
2686,522,34.15061215181906
2687,457,79.2324607432513
2688,1403,180.66290296710898
2688,4041,20.70801728343551
2688,1401,308.576560135075
2689,407,41.303986053762685
2689,587,27.71932127309468
2689,2814,48.24614922597609
2690,1305,139.8686318201951
2690,1307,341.981532305036
2690,1536,44.69526627239973
2691,2454,58.92923283091542
2691,100,70.10373976130515
2691,4311,38.69755381532477
2692,3484,899.8138480848704
2692,2071,527.1180319088659
2693,662,33.47791091332973
2693,663,16.63318180422987
2694,2706,73.4663883802452
2694,3265,64.84851690461758
2695,2694,86.7995613930339
2696,2695,91.371132071396
2696,3250,53.57379269477352
2697,2698,21.664669468656218
2697,2701,122.5496025356179
2698,2697,21.664669468656218
2698,1242,303.2529158354571
2698,2699,179.90347129027538
2699,3008,275.83507729987934
2699,2700,101.76888155908723
2700,4452,120.638512949988
2701,3433,14.962920907707263
2701,3430,55.18644060603512
2701,3429,17.368588085722667
2702,1269,357.6361828022424
2703,2663,160.88380483996264
2703,4,103.8938936121519
2704,395,34.108554146842465
2704,3606,60.25141689881646
2704,2703,256.1062956260052
2705,2706,28.794789098951643
2705,2707,126.85936684034087
2706,2710,93.47358484472171
2706,2694,73.46638838024522
2706,2705,28.794789098951643
2707,2705,126.85936684034085
2707,827,166.60514701987628
2707,562,118.03153215335279
2708,210,81.11834860140077
2708,2776,28.517639538897605
2708,4274,21.80567734242402
2708,4264,91.69950089040935
2708,3945,176.54510882074078
2709,210,31.397836384143574
2709,703,163.00522071452033
2710,417,105.48421083010321
2710,2706,93.4735848447217
2710,800,132.43600115519646
2711,2712,55.106461792187815
2711,3991,102.98177716275649
2712,2711,55.10646179218781
2712,275,125.30806566024363
2713,2589,113.69883407699969
2713,2495,663.0037957572255
2713,2671,108.80987338707988
2714,2715,58.04338543702382
2714,2158,53.60285225007354
2714,2157,83.6146453648652
2715,13,70.49939103359937
2715,2161,101.4811731712004
2715,2714,58.04338543702382
2716,2717,52.83849706666903
2717,2716,52.83849706666902
2717,2186,57.5282899632313
2717,2187,72.48274200796564
2718,3919,59.13352851863627
2718,3228,94.38081446043644
2718,1497,288.49105283026734
2719,3835,118.92967247099536
2719,3235,92.76952591470935
2719,3773,95.62438133669777
2720,3834,133.34658656334437
2721,844,10.382993168635604
2721,4083,79.34611586869121
2721,842,69.66258171012277
2722,555,98.71170950010442
2722,2723,57.06649774803166
2722,399,100.28383714357093
2723,2727,57.81911615519605
2723,2724,94.9042128311364
2723,2722,57.06649774803166
2724,3749,8.93282217903063
2724,2723,94.90421283113639
2724,555,58.35734272617448
2725,1069,77.81689887528226
2725,4115,43.154200554079424
2726,3039,174.12461763541748
2726,401,122.72615676061979
2726,410,149.0712944817331
2727,2723,57.81911615519605
2727,2728,53.52505716515671
2727,460,57.52337139805343
2728,2727,53.52505716515671
2729,1412,162.70833548775002
2729,1420,114.4552263624285
2729,3898,154.77073795410328
2730,1421,186.73842721777785
2730,1410,188.4220793245926
2730,2731,125.00175890134739
2731,2730,125.0017589013474
2732,4282,4.358655336142954
2732,2506,173.24779381461008
2732,3075,36.198483331195504
2733,2734,130.59853947366432
2733,12,10.052817627604238
2734,816,114.18823372877776
2734,526,55.625482019438294
2735,1842,108.4264330951658
2736,4063,78.04488122965047
2737,2738,15.184374029656194
2737,4268,65.1817940430796
2738,2947,60.8604201148583
2738,2737,15.184374029656194
2738,3946,90.07844080663449
2739,2644,102.04850347294663
2739,4473,4.330478402907631
2740,3035,101.1426026626967
2740,1110,128.03389253127804
2740,2403,133.65346236305456
2741,1107,3.421159918032582
2741,3034,108.8026578250212
2741,2126,37.52887448531226
2742,39,96.0361432585329
2742,40,71.28744588580398
2742,2743,131.67965159675128
2743,1497,92.76862696051666
2743,1496,87.86816072149354
2743,2742,131.6796515967513
2744,2017,27.20297504989742
2745,2746,134.42975030429847
2746,154,40.37984472930198
2746,2745,134.42975030429847
2746,3904,58.860669855240126
2747,3721,69.59675222980087
2747,1153,42.84657935152603
2747,4130,48.9881506121776
2748,2749,95.71757017853336
2748,3867,135.42044200684256
2748,2296,111.66386373812196
2749,2748,95.71757017853336
2749,457,136.02429484851413
2749,2295,111.67923850115005
2750,3847,142.95470818536498
2751,2752,192.04451322598464
2752,1357,52.28056046915587
2752,1425,68.3126109535506
2752,2751,192.04451322598464
2753,3014,21.141748448872313
2754,3413,252.06742728438874
2754,3404,252.50691658591523
2754,998,332.31264426248384
2755,172,72.23758938132518
2756,2978,53.32588637834714
2756,537,217.53713375631276
2756,4025,76.38835977373242
2757,1368,386.6814152498257
2757,1369,37.37955690503516
2758,1410,274.5473477009443
2759,1411,247.19033356284814
2760,1269,683.6846405005243
2760,4453,140.58092227297567
2760,3000,475.3765462487439
2761,2616,18.84042323664312
2761,1244,16.646716389729992
2762,4116,78.654860686646
2762,2616,23.814431385233043
2763,2620,99.21557077319612
2763,4087,38.02604404158274
2764,584,7.490095551303803
2764,577,169.34387955706785
2765,41,67.06621850842969
2765,1321,52.94741923396829
2765,1323,66.06351057668387
2766,2847,22.901252811107383
2767,672,19.78934102698119
2767,3295,271.82431948003637
2768,1181,37.285803225479704
2768,1216,79.17171646716918
2769,1418,104.08257914872968
2770,2838,65.41727245305755
2771,2207,170.99595744841082
2772,1566,86.2008232742713
2772,609,90.60622904647971
2772,3177,58.36750471746806
2773,2107,182.7548297213684
2774,3705,121.34956908251704
2774,2214,15.098786927397459
2774,4397,203.31569554891166
2775,2105,47.2262112604332
2775,2226,91.57661963306784
2775,3705,6.404242492051805
2776,4274,20.968863715269855
2776,727,58.41346066214282
2777,652,207.04315904943692
2777,637,165.6265499586818
2777,1101,92.56614902276283
2778,3647,116.2981444006348
2778,3856,202.3077980512831
2779,1869,21.15960504217039
2780,282,1412.1225081892078
2781,1938,163.56478063047967
2781,1824,32.45644550148218
2781,2785,85.5618125154761
2782,2785,74.76640610915547
2782,3584,92.98335055759776
2782,1826,197.12150160131117
2782,1827,69.10578252925336
2783,2784,70.1762241552979
2783,1928,94.02957395704881
2783,1929,61.21743390857547
2784,2783,70.1762241552979
2785,2782,74.76640610915547
2785,2789,172.04001104331388
2785,2781,85.56181251547609
2786,348,331.87420925314785
2786,348,91.05409385795933
2786,3756,266.5488124858997
2787,4556,249.3802143807701
2787,2329,154.32177567351002
2787,3590,51.97056596990327
2788,2789,101.57980512340129
2788,278,66.69409070109216
2788,1826,69.42422342592099
2789,1938,52.706195068458484
2789,2785,172.04001104331388
2789,2788,101.57980512340129
2790,3709,48.38018310149114
2791,1933,60.66158589288431
2791,4281,153.024887512197
2792,198,214.78359747816896
2793,4279,38.43808784945136
2794,4146,71.73083648978016
2795,197,158.40633687800624
2795,382,43.632424743806084
2795,2796,141.21007396435922
2796,708,281.58344188583874
2796,707,138.4331100452074
2797,4183,43.15543836064975
2798,2797,131.18435180561949
2798,711,31.930262449645227
2799,321,110.46011419980249
2800,1919,56.54909401030458
2800,1918,114.05863586911283
2801,3589,63.272065675021565
2801,1914,72.33923254968134
2802,3438,312.74541613986787
2802,2113,32.10174460456077
2802,391,14.403131640134138
2803,711,30.23077326347572
2803,710,80.23043322199726
2804,2803,170.9043212417247
2805,2806,111.72267642480939
2805,4534,551.404856166438
2805,212,239.06788846752661
2806,2805,111.72267642480938
2806,730,254.89213047064564
2806,386,269.20510927908964
2807,706,22.302483788426024
2807,705,29.862235961947277
2807,2808,66.55695987627942
2808,2807,66.55695987627942
2809,3084,134.489821725716
2810,2813,23.639647788936458
2810,2811,37.62652003506859
2811,294,149.73178469418156
2812,2813,26.095957397128938
2812,2811,30.849180921906243
2813,610,129.86633954784583
2814,2689,48.24614922597609
2814,406,133.69985262517022
2815,1176,55.68803701603465
2816,1747,133.0962713162515
2816,2389,265.2404430374068
2816,3451,53.693137556491656
2817,4352,43.099199188362185
2817,2818,25.625570789762307
2817,1557,67.60112720488041
2818,2817,25.625570789762307
2819,2820,35.81627186311743
2819,818,53.737442961010416
2820,2819,35.81627186311743
2821,820,6.354390777647888
2821,3022,66.07590762400639
2821,2822,64.7925787007412
2822,821,87.8104824201539
2822,450,134.79051301088657
2822,2823,63.29955599071218
2822,2821,64.7925787007412
2823,2822,63.299555990712186
2823,446,100.18764587702927
2824,4473,64.98627598328596
2824,3040,99.46098279696388
2824,2825,247.66286907678236
2825,1783,122.55743709788175
2825,2824,247.66286907678236
2825,2948,96.47458330452609
2826,2828,49.87434366320171
2826,3794,233.65842653908953
2826,1370,130.4593043142386
2827,2828,63.11080457493141
2827,2360,149.3274014544054
2827,2361,355.7111822346261
2828,2829,49.35565439534481
2828,2827,63.11080457493141
2828,2826,49.87434366320171
2828,2363,156.8401325792369
2829,2828,49.35565439534481
2830,2831,209.81228418733104
2830,2359,108.2459725029174
2830,2832,44.80260893194921
2831,2363,15.027889719211489
2831,2830,209.81228418733104
2831,2678,36.044477031055735
2832,2678,245.08137646618366
2832,1364,16.54429474705037
2832,2830,44.80260893194921
2833,2834,100.31690986754606
2833,688,57.993357872983424
2833,518,64.88259976418382
2834,765,58.397556539909544
2835,2836,100.84620368134576
2835,2836,207.60828234290807
2835,4483,46.47836221617147
2836,166,5.264042944649457
2836,2835,100.84620368134576
2836,2835,207.60828234290804
2837,1761,120.81568862871441
2837,1764,120.35679662197055
2838,2770,65.41727245305755
2838,2181,130.1638684898841
2838,2191,154.49270727243976
2839,3273,207.21860647637422
2839,1072,88.37986565389824
2839,3090,110.48623885858038
2840,4587,55.4920649019483
2840,1782,21.75245086913849
2841,2355,53.08717000645739
2841,2842,148.4510433453662
2841,2378,249.1818326409809
2842,3442,50.32467601520618
2842,1538,307.97014996789255
2842,2841,148.45104334536617
2842,3523,148.90427251456342
2843,1312,137.1095301916945
2843,3822,315.9766477227552
2843,1294,203.31694972980364
2844,3415,59.18676384490616
2844,1596,79.27789316013943
2844,1335,105.22749298736424
2845,2846,24.692151391225458
2845,966,37.276261093131026
2846,575,197.1892030900737
2846,966,36.5213167423196
2847,2850,29.193449591581764
2847,1423,166.06661281541128
2848,1400,133.27829697547077
2848,4310,21.521840321341802
2849,2851,10.046727712429595
2849,2848,28.655040481182347
2850,2849,8.233507987159195
2850,1394,348.67983773318286
2851,2850,7.167124438415787
2851,2766,8.631024476812252
2852,2853,109.47018842650482
2853,2852,109.47018842650482
2853,34,114.36544984134015
2853,393,84.3617681741913
2854,2263,221.788357164389
2854,3474,73.06903424699614
2854,3446,68.9311508794286
2855,1601,44.79931677007988
2855,2856,142.4360431378979
2855,1591,52.39153591407503
2856,2855,142.4360431378979
2856,1589,54.70254094682001
2856,1591,91.89632882466091
2857,1866,114.49691398149935
2857,2858,23.55523402508838
2858,291,31.938798691219787
2858,3119,43.70298933016216
2859,2887,97.99864638425751
2859,1229,46.45274183888216
2859,2911,81.43475293184694
2860,3201,139.91950512182748
2861,4373,21.32409822439022
2861,1246,345.6458810189349
2861,1731,320.79041537352214
2862,1667,70.40778411789725
2862,4371,42.74736145602985
2863,1459,92.98093745475359
2863,1460,134.22136478463355
2864,3328,34.84481956591279
2864,3325,22.879798693109215
2865,1228,93.24379886283106
2865,3076,80.35589034709989
2865,3671,63.17736385340685
2866,1026,97.24223184204176
2866,2867,175.74891694523936
2866,1264,146.8834669711803
2867,2866,175.74891694523936
2867,2874,114.05926969029208
2867,3202,80.35970331557424
2868,229,75.47420965072753
2868,1489,53.328902567607216
2868,1484,88.67862799575434
2868,2593,135.0196660073747
2869,1365,46.14414721019533
2869,3795,51.216770319301865
2870,686,54.42762783539624
2871,542,24.06075518282671
2871,2872,124.84731004688706
2871,1649,72.9090349361614
2872,2871,124.84731004688706
2873,3397,137.6459288725726
2873,1044,627.2700946681458
2874,936,97.82277596685189
2874,2867,114.05926969029208
2874,2875,113.43070649586784
2874,937,71.49264113844875
2875,939,97.81708210583984
2875,2874,113.43070649586784
2875,937,183.7880344032347
2876,623,260.91819643021637
2876,635,53.43130290829924
2877,651,134.69329790611152
2878,2879,56.45040279960282
2878,1006,89.28603260972545
2878,1005,59.61083999320546
2879,2878,56.45040279960283
2880,1037,95.94133560504058
2880,530,89.1026427095443
2880,2881,28.23261992198988
2881,2880,28.23261992198988
2882,4476,7.284769918985777
2882,3750,78.16304851632306
2883,631,17.533612533574967
2883,530,32.046814171030455
2884,3656,53.3050279323171
2885,1229,39.4853254865716
2885,2886,46.52981080318901
2885,4505,63.11607182920524
2886,3385,49.959340353444865
2886,2885,46.52981080318901
2886,1229,93.23776461553165
2887,2859,97.99864638425751
2888,2890,42.66692678173477
2888,1226,62.430574314470284
2888,2889,59.44443538147104
2888,3660,95.171122053152
2889,2888,59.44443538147104
2890,1225,31.89586156539572
2890,2888,42.66692678173477
2890,2891,87.05369129920358
2891,2894,20.333631714550158
2891,2890,87.05369129920358
2892,2891,114.3909066346498
2892,3066,48.331997744758816
2892,2906,24.89931445495622
2893,2894,68.3868678227708
2894,2891,20.333631714550158
2894,2893,68.3868678227708
2894,3667,36.636072827631416
2895,1232,91.7017591567466
2895,3665,59.568825457728224
2895,4345,87.68168851534858
2895,3371,112.87311358300387
2896,2897,38.35819255109428
2896,2897,102.82842432972951
2896,3670,73.11026288937202
2897,2896,38.35819255109428
2897,2896,102.8284243297295
2897,1233,15.708967945085245
2898,3276,56.545879504679505
2898,3037,17.055992685475807
2898,2899,106.5060553139668
2899,3017,9.632906279597426
2899,1233,43.46465016496559
2900,3672,104.3672702840846
2900,1228,76.37526804543715
2901,3671,76.22034002395307
2901,2900,21.984071974907327
2902,3527,5.734700314792045
2902,2903,18.947192247909136
2902,3369,53.364563522701225
2903,2905,33.12348209046991
2903,2902,18.947192247909136
2903,2904,30.576343042059246
2904,2903,30.576343042059246
2905,2907,44.03954534222676
2905,2903,33.12348209046991
2905,3076,102.19880384662464
2905,2906,100.55966379058295
2906,3670,34.51821868711962
2906,2892,24.89931445495622
2907,3065,47.12381149906743
2907,2905,44.03954534222676
2907,2909,48.01937434133714
2908,2909,62.91421657265314
2908,3067,66.27935123384914
2908,3076,34.39714953903855
2909,2908,62.91421657265314
2909,2907,48.01937434133714
2909,3664,132.40912309744593
2910,4548,20.49397009906161
2910,3662,58.66113090146272
2911,2912,116.20583228497567
2911,2859,81.43475293184696
2911,3661,59.23113168901384
2912,2911,116.20583228497568
2913,3453,21.354375991206588
2913,3576,43.03066027231997
2914,3724,24.660485968393807
2914,766,37.42535105279064
2915,1715,37.679391924080356
2916,1548,43.482040975995865
2916,2917,101.20461220349053
2917,1564,31.58763287386869
2917,1561,61.249740101301896
2917,2916,101.20461220349051
2918,4615,123.2788058505775
2918,3357,87.06758653930932
2918,1556,73.07535351790237
2919,1553,84.23153429639451
2919,1632,101.14181662143972
2919,4613,30.15723483626667
2920,4609,19.708602668521905
2920,2921,86.57110965515288
2920,4479,40.958169290524815
2920,2922,51.41229569993303
2921,4606,9.920012232715886
2921,2920,86.57110965515288
2921,4448,38.314558381996406
2922,2920,51.412295699933026
2923,4479,86.20014459226869
2923,1348,105.2938629167878
2923,2992,48.2861382954371
2924,2992,94.39254325381225
2925,2926,104.2497316324811
2925,1586,69.83838045350187
2926,300,83.1982490495948
2926,1346,105.00325704776114
2926,2925,104.24973163248113
2927,813,60.91115647190529
2928,2927,25.851266090960763
2928,4588,37.688388432909775
2929,2590,49.49420152008099
2929,4490,22.072581613187456
2929,3420,381.89001370140505
2930,1349,110.40043135997745
2930,4188,55.92767117531121
2930,4189,190.8064811743538
2931,4454,74.06975549584433
2932,1455,65.49071932758667
2933,4090,64.57372780163251
2934,2935,234.24134096488555
2935,1531,876.166394676262
2936,2968,337.25142287178085
2936,4459,489.06904280823835
2937,3184,19.491039139372297
2937,2972,18.67435851689926
2938,2361,186.3411953649986
2939,2360,82.5442543463122
2940,936,76.93188554165702
2940,861,85.49249656063695
2941,859,123.60612697245585
2942,1733,136.75812291985682
2942,1243,336.8370112252435
2942,4125,122.07502872362939
2942,1738,126.92205874036294
2943,3826,55.624696578952936
2944,2426,226.36037925528902
2944,2426,115.32331127444716
2944,856,53.287839940018415
2945,486,129.86595232448497
2945,541,401.70390788277945
2945,497,76.99889172215096
2946,2588,97.4900336663391
2947,3040,27.82357213708432
2947,2738,60.86042011485831
2947,2948,194.81628110274053
2948,1784,62.25292582515513
2949,3267,501.6893281079758
2949,4463,70.98363903187614
2950,2960,65.62234952259747
2950,967,57.184376408524116
2951,2950,91.35648488851315
2951,2955,33.01375509931058
2951,579,77.4206988983666
2951,511,58.453511344836905
2952,3077,41.45643605114891
2952,2955,40.030535533267795
2952,580,77.11113924061752
2952,461,82.05040898814711
2953,231,77.39890100080073
2953,467,42.72579146846019
2953,3077,49.37634331156859
2954,579,29.39857336973531
2954,4294,39.445006016825104
2955,4294,37.65954896807757
2955,2952,40.0305355332678
2955,4433,68.88124948002826
2956,2957,67.45463724650168
2956,2958,93.84608082759642
2957,2959,92.08783845115443
2957,580,41.3491396380265
2958,2959,68.17834928102818
2958,2956,93.84608082759644
2958,232,34.93633123318861
2959,2958,68.17834928102818
2959,2957,92.08783845115443
2959,231,41.423995767743996
2960,576,66.78001671931278
2961,1983,144.2069500172472
2961,1114,110.43047822617741
2961,1115,174.9382632007352
2962,3862,108.84949085825164
2963,4555,62.964383894992956
2964,1487,41.45744471272301
2965,3894,9.092404164052688
2965,2966,13.092170737443515
2966,2268,178.53677085507658
2967,2424,85.82008431717503
2968,1281,86.53198685902757
2968,1282,102.99966627275968
2969,295,48.55851968249822
2969,1283,59.130195686600366
2970,1273,294.06960908368455
2970,1276,227.7923608391726
2971,263,15.146923517909277
2971,4491,86.83119869846301
2971,1952,81.42316504585304
2972,319,19.236764758266926
2972,3184,23.340763556400265
2973,3673,126.05593482760906
2973,3281,84.23231321406051
2974,4376,46.252528673156064
2974,4209,87.87862431956376
2974,1744,140.68011276559534
2975,3788,17.826343554056265
2975,3789,24.29397961757845
2976,1961,144.0900364267934
2976,508,164.48667742104715
2976,3895,268.8981767791002
2977,3918,24.05729414749119
2978,4025,116.29321646912052
2978,2756,53.32588637834714
2978,1328,65.59638305418594
2979,3957,152.57872920781313
2980,2981,106.4775080736562
2980,1331,97.541266919967
2980,1333,60.23084948178968
2981,2980,106.4775080736562
2982,2983,85.38405322872912
2983,2236,196.91824409104726
2983,2500,238.613910857284
2983,2982,85.38405322872912
2984,1610,140.12365075373788
2984,534,53.414909100057656
2985,1624,25.218816524912945
2986,4236,75.31607080492982
2987,2320,109.95340672009551
2988,2989,104.68963003156819
2988,304,42.82093144649234
2988,301,70.18832139907185
2989,2988,104.68963003156817
2989,306,65.08884147716746
2989,305,59.63275218065278
2990,2119,27.25433860175172
2991,1551,9.844648379346596
2992,1554,56.663782821777914
2992,2924,94.39254325381224
2992,2923,48.2861382954371
2993,2994,55.79096430763368
2994,2993,55.79096430763368
2994,2423,135.9145823273418
2994,1539,158.98910105816753
2995,314,160.462184301477
2995,1268,355.7665006422354
2995,313,87.16242337017343
2996,1540,93.15340177049514
2997,1313,212.9776795228987
2997,2998,108.40991251762219
2998,2997,108.4099125176222
2999,1241,129.92606930186724
3000,4542,7.111985658723641
3000,3001,120.6976755637997
3000,2760,475.376546248744
3001,3000,120.69767556379969
3002,1340,89.73986596069926
3002,3003,28.472715291195254
3003,3002,28.472715291195257
3003,1344,93.32413369617834
3003,1341,89.0963618129858
3004,1350,91.45633799023324
3004,1351,178.82741603115966
3004,1726,146.7782717708266
3005,4121,8.495027438500173
3005,4122,26.433700154103235
3006,882,34.64634056004552
3006,3007,80.82960289775883
3006,888,112.20111162625626
3007,3006,80.82960289775883
3008,1242,164.90388305728507
3008,316,409.44316189216335
3008,2699,275.83507729987934
3009,2536,147.2661225671109
3010,2069,82.12696353588852
3010,2066,112.34018546215009
3010,2068,185.59561077956064
3011,3012,46.51197251723653
3011,145,29.01105333452233
3011,3372,38.00229920630913
3012,3011,46.51197251723652
3013,146,61.81886009861175
3014,2753,21.141748448872313
3014,2176,139.70841345867947
3015,3662,50.30955599668122
3015,3065,53.60425485920866
3015,3016,60.229166361664674
3016,1226,32.60610270190594
3016,3015,60.229166361664674
3016,3661,56.561573182643315
3017,2899,9.632906279597426
3017,3276,53.54917735164413
3018,4540,89.16825689838008
3018,1223,27.621491714621758
3018,2564,85.86122901370166
3019,3218,356.32485007605794
3019,222,15.566636975057401
3019,221,96.6396194744806
3020,3021,311.353428846661
3020,2195,175.79585260214643
3020,2194,714.9948501034565
3021,3020,311.353428846661
3022,2821,66.07590762400639
3023,3024,42.62070976855256
3023,2138,185.0846106736741
3023,1498,18.631941417568726
3024,3026,32.98731260591388
3024,3023,42.62070976855256
3024,3025,183.13183038043888
3025,4075,33.40670626841658
3025,2138,42.4555080408682
3025,3024,183.13183038043888
3026,3027,34.06490978618922
3026,3024,32.98731260591388
3026,4075,181.9816506198931
3027,3029,33.49496787944501
3027,3026,34.06490978618922
3027,3028,182.64076179213822
3028,3030,33.63092366080845
3028,4075,33.02246520254567
3028,3027,182.64076179213822
3029,3857,31.081793670070557
3029,3027,33.49496787944501
3029,3030,178.70581209083068
3030,3031,31.19497065085263
3030,3028,33.63092366080845
3030,3029,178.70581209083068
3031,3030,31.19497065085263
3031,3857,179.67360752490015
3031,2137,33.405725819757386
3032,1152,156.9069183538531
3033,2356,71.6856119538487
3034,2644,328.20631103375734
3034,2644,178.79307053412552
3034,2741,108.80265782502121
3035,3069,156.5270405313651
3035,2740,101.1426026626967
3036,4472,200.30622718938113
3036,3035,256.2559948995583
3037,2898,17.055992685475807
3037,1810,57.04049795044263
3037,3064,108.72000000618331
3038,3685,101.42715899994529
3038,349,43.07166596211625
3038,357,14.883155542724218
3039,2726,174.12461763541745
3040,2824,99.46098279696389
3040,2947,27.82357213708432
3040,4099,171.49051126421082
3041,3042,172.8316900190337
3041,2139,94.68476201279876
3041,2133,128.41186894442185
3042,1151,79.20373507783553
3042,3136,69.3455664840979
3043,1512,56.71034791053937
3043,981,69.1896504150795
3043,2609,40.76238898643474
3044,3045,95.97453320207036
3044,1508,47.40756455614648
3044,2609,72.54016343293952
3045,984,75.18076488792234
3045,1510,46.055355897561356
3045,3044,95.97453320207036
3046,987,72.22403352483215
3047,4082,97.99995429118175
3048,1211,55.66193438527851
3048,1960,567.156637726729
3048,4593,6.964843240655366
3049,1206,108.8970912457435
3050,4225,180.00177938443022
3050,4584,113.93848220571583
3050,27,165.45969459242102
3051,3052,65.90246755079869
3051,923,47.4295658546235
3051,3701,62.9839493615547
3052,3051,65.90246755079869
3053,165,67.0109761522596
3053,164,30.850554964805625
3053,3054,153.11126674228768
3054,170,71.02123532832589
3054,3226,54.75372966177858
3054,3053,153.1112667422877
3055,3551,101.69404953987528
3055,4004,30.76404920032711
3056,4098,58.182293178446564
3057,249,407.3517311379774
3057,3058,209.63051993153377
3058,3057,209.6305199315338
3059,3060,112.80119863863953
3060,1984,163.8013982205215
3060,36,151.95591582962234
3060,3059,112.80119863863955
3061,358,198.90848255422466
3061,215,22.306771179802432
3061,3062,38.57021853412506
3062,3061,38.57021853412506
3063,213,54.639739994609
3063,359,46.08945963872026
3063,362,75.90258888443833
3064,3037,108.72000000618331
3065,3015,53.60425485920866
3065,2907,47.12381149906743
3065,3066,71.01769922071651
3066,3065,71.01769922071651
3066,1226,27.753266665147514
3066,2892,48.33199774475881
3067,3068,111.35214905076026
3067,3668,63.25757777042289
3067,2908,66.27935123384914
3068,3067,111.35214905076026
3068,3669,75.68550272575764
3068,3847,355.69313007012744
3069,4471,4.589488379262978
3069,3035,156.5270405313651
3070,2566,66.54968044044288
3071,2562,30.102518241105866
3072,3073,326.43506806573765
3073,1240,25.242366937587622
3073,3072,326.43506806573765
3073,3148,171.30023616149484
3074,3865,35.03248287833976
3075,696,185.8850114230809
3075,92,42.73671898602515
3075,2732,36.1984833311955
3076,2908,34.39714953903855
3076,2865,80.35589034709989
3076,2905,102.19880384662464
3077,4538,76.06887558734377
3077,2952,41.45643605114891
3077,2953,49.37634331156859
3078,3079,199.0917040638404
3078,3079,72.17969242030108
3078,1107,80.45842345201982
3079,2530,248.63931001291013
3079,3078,72.17969242030108
3080,829,91.51828337392983
3081,1526,38.445753393182585
3081,1525,78.87998196167604
3081,3082,96.42334657585617
3082,3081,96.42334657585617
3083,1303,109.46832269211421
3084,1298,11.727889311800212
3084,1301,278.04182679794883
3084,2809,134.48982172571598
3085,3086,87.8294726696189
3085,3521,155.99868442673636
3085,1316,321.0314291940061
3086,3085,87.82947266961888
3087,307,61.3579606513669
3088,3522,88.2429812026887
3088,3523,42.74360118806962
3088,2378,49.243132527093195
3089,1902,114.47518592458769
3090,2839,110.48623885858036
3091,140,174.60464223220828
3091,4522,32.17482181803803
3091,3092,105.34707264558739
3092,3091,105.34707264558739
3093,3601,14.645535302607241
3093,195,100.67650081564051
3093,3094,134.03346040336513
3094,3093,134.03346040336513
3095,3897,13.893783109285934
3095,126,116.60426836678883
3095,3812,20.889998130743777
3096,125,13.121812656769784
3096,920,238.22778137627927
3096,3613,54.126683297690604
3096,393,251.76813974630028
3097,108,110.03837528499639
3097,36,12.78102514419703
3097,3187,138.3352249375879
3098,1980,279.9432520464809
3099,1741,41.06129228340548
3099,1741,165.6312472600427
3100,1673,40.243407645197614
3101,3908,55.16319591815277
3102,736,112.83215809812853
3102,728,94.00026480109122
3102,3931,256.59740001105195
3103,212,105.53714153412686
3104,748,95.74683863525841
3104,3926,960.446099017383
3104,3105,99.6503673015726
3105,3450,10.491454925014548
3105,80,315.9456551337227
3105,3104,99.6503673015726
3105,4527,10.852947713456157
3106,3877,135.7363194991267
3106,3935,213.14644972342094
3106,3620,29.906178161246395
3107,3108,52.875843483525145
3107,636,188.92743448247256
3108,635,69.34214846808611
3108,3625,148.05238652303305
3109,3110,153.3482199251758
3109,1247,99.42950153294183
3109,1248,26.727898193443554
3110,4536,70.06286136082156
3110,3109,153.34821992517578
3111,4578,99.05623788297667
3111,1358,102.19342952033503
3112,872,78.1867121514536
3113,1046,44.934753934827114
3114,1136,34.62155163560159
3114,3344,27.229655355730188
3115,869,645.4932682139101
3116,2478,40.12231110362956
3117,3118,109.52544898294154
3118,515,227.05349427760257
3118,3117,109.52544898294155
3119,292,27.622629979804657
3120,4437,5.278810010465945
3120,4485,210.58666429958333
3120,4062,220.58854163003994
3120,2615,161.7138066252884
3121,4025,8.077807493180266
3122,2352,16.243371423516972
3123,1728,444.39945391635115
3123,3124,30.024985787645914
3124,2702,207.48724210934097
3125,1442,97.27776239281036
3126,2057,5.659387990705466
3126,3127,82.17241282413282
3126,2050,261.925085460507
3127,3221,66.8099512094706
3127,3126,82.17241282413282
3127,2049,158.6974073787023
3127,4328,105.46670879259042
3128,751,218.11037265801122
3129,2260,49.319540813616555
3129,4597,93.0270808748062
3130,4296,24.94472641769949
3131,322,45.83268376381521
3132,4106,16.248470886273566
3132,4105,65.9736814403116
3133,4283,4.573186781488917
3133,327,112.29211659406465
3134,807,38.00457003806122
3135,3474,71.62682581390767
3135,226,59.35653075206871
3136,3042,69.34556648409789
3136,1111,66.56326288237261
3136,4559,51.978711304505595
3137,1194,170.74948448720608
3138,1313,187.14764706680083
3139,1314,174.55367495278833
3140,2556,72.99462762000014
3141,2561,106.37011280833495
3142,2565,110.94790843180986
3143,1072,53.58706530869601
3144,1085,50.45548247218949
3144,4411,101.58509748440716
3145,15,241.14465603730207
3146,14,175.18299519561367
3146,4079,65.40721063593021
3146,3145,13.607623749531363
3147,1794,115.09576779159963
3147,4304,120.29197343026524
3147,977,78.3844219902876
3148,3073,171.3002361614948
3149,1841,80.12960462316265
3149,1515,23.75508683450214
3149,1842,58.310989455318705
3150,1413,218.66582038738045
3151,3937,30.532880174694416
3151,200,34.98964703158883
3152,1824,80.78456018272374
3153,3154,16.52433288259604
3153,1940,126.19776277338676
3153,1905,163.02315704024693
3154,3153,16.52433288259604
3154,1937,106.99417523117076
3154,2330,273.2006847686409
3154,4343,133.48086076945023
3155,279,17.136214543092706
3155,2241,101.08738451147332
3155,3505,237.1734236373539
3156,1626,96.11284479511176
3156,535,301.227257479875
3157,310,69.26564035083878
3158,1903,16.313775385604014
3158,2552,46.820819765335
3158,1902,137.92658671912875
3159,2272,66.1034511109566
3160,1888,137.64185394275535
3160,1887,144.19619347872214
3160,4362,50.14533439585851
3161,1121,61.87760676607215
3162,3057,84.39900580973944
3163,2459,253.55211079642646
3163,3165,19.873177351792265
3164,3163,38.996044633087784
3164,3162,46.98480301726382
3165,3162,31.631895388562988
3165,3166,36.160636467953026
3166,624,773.4761653050294
3166,3165,36.16063646795302
3166,3624,135.24085932240803
3167,2399,43.89768602427666
3167,4206,199.92803744421224
3168,3169,5.115114281970234
3168,540,44.01582939810061
3168,1621,115.32143423939061
3169,3168,5.115114281970234
3169,1622,435.50284757972713
3169,1620,94.29138607722274
3170,542,388.9640145442215
3170,497,161.13121716632293
3170,1655,196.73394748970733
3171,1708,93.75128499190274
3171,2491,24.26366169395952
3172,3565,56.25503299171126
3173,3172,107.0684828656885
3173,1868,88.87709512642189
3174,1477,85.04820280895694
3175,1474,60.0240570539306
3176,160,623.0861915174362
3176,2085,89.90151021258451
3177,2772,58.36750471746806
3178,3179,11.201975950594706
3178,3180,69.21046658675952
3179,3178,11.201975950594706
3179,247,57.1600475834386
3179,1570,228.9339959433273
3180,608,305.8989418314246
3181,3180,13.229668123838394
3181,3179,70.91625749794963
3182,1581,64.62497707274461
3183,1235,18.413840063569687
3183,1237,25.810726375665702
3184,1709,234.29425658687342
3185,1881,269.49430016634943
3185,1880,37.09442616256432
3186,1989,23.32035913962332
3186,108,144.3082205812122
3186,3187,93.91910306615621
3187,3810,28.6783840610039
3187,3097,138.3352249375879
3187,3186,93.9191030661562
3188,3920,64.62287390979633
3188,109,77.63101228130759
3188,37,36.16538480362065
3189,3753,89.854886332191
3189,2680,101.94350603439527
3190,81,351.6612401929431
3191,3195,83.42771192342508
3192,3195,80.21585980177217
3193,2081,84.74446462287443
3194,2081,35.22959944195122
3195,2082,38.49015635290063
3195,2081,41.90717120287792
3195,3191,83.42771192342508
3195,3192,80.21585980177217
3196,3197,69.6923337077892
3197,346,111.32379863394821
3197,347,226.39803027237662
3197,3196,69.6923337077892
3198,3517,401.73343289592634
3199,2129,95.29852781687109
3199,2130,92.47576770972923
3199,3200,37.77240899801889
3200,2127,83.43967618306502
3200,2128,98.85147832148353
3200,3199,37.77240899801889
3201,1533,22.564278031753116
3201,2029,173.12374729525374
3201,2860,139.9195051218275
3202,4315,22.909809671324663
3202,936,96.97843915623787
3202,2867,80.35970331557424
3203,937,101.34380619768484
3204,3931,24.32412162021307
3205,4271,8.040247256941882
3205,423,59.71064900992519
3206,876,240.18096077841997
3207,480,11.313016848629685
3207,3594,121.06591688005227
3208,3207,8.979069811115174
3208,2555,248.7650491608418
3209,2206,110.2762612999067
3210,2189,162.03780336479988
3211,2225,48.67354406877929
3212,725,113.16437210937742
3212,203,20.044097639079595
3213,738,128.6905879168699
3214,700,95.21700159217356
3214,203,143.5891214644435
3214,2551,42.46968812262033
3215,2551,27.105309502064298
3216,2106,182.61338308397853
3216,2223,195.14810605977206
3216,2225,255.2263579277512
3217,3929,355.8204936761521
3217,4163,34.34649596613769
3218,3019,356.3248500760578
3218,222,338.6907621924116
3218,4149,42.75491351472187
3219,3968,74.57157552789792
3219,4164,83.81257663287805
3220,1332,174.41041038050986
3221,3127,66.8099512094706
3221,1833,251.29547674977263
3221,4327,246.7423528225874
3222,3819,10.931568759784806
3222,4016,128.0371173944891
3222,916,53.709050677352394
3223,3227,15.905273760955172
3223,2283,61.02976354240528
3223,3230,220.41235694655322
3224,171,133.16836587054593
3224,3226,81.61094359444614
3225,155,341.0897583438264
3226,3054,54.75372966177858
3226,3819,55.118475278414515
3227,4444,90.0243222354956
3227,921,85.66691610554868
3227,3223,15.905273760955172
3228,2718,94.38081446043644
3228,3834,99.8527276456959
3229,4175,32.660075203408766
3229,3237,130.51699925811587
3230,925,272.9177517811212
3230,3234,13.989342143633094
3230,3239,197.78072615299175
3231,3233,52.37905346716771
3231,2095,189.7028565297332
3232,3738,40.04720322543034
3232,3229,259.6706273052656
3233,1791,185.9643323342771
3233,3738,221.85804677623557
3234,776,164.86305078334328
3234,3227,227.3085944526519
3235,2719,92.76952591470933
3235,3231,50.434424696098894
3236,3239,14.542642554893934
3236,928,176.23257664125668
3236,3234,193.89425962822696
3237,1119,125.28705609702293
3237,3238,14.277858877461654
3237,3236,346.3208120415624
3238,3237,14.277858877461654
3238,3235,65.15323484871895
3239,3236,14.542642554893934
3239,925,124.97117782338243
3239,3228,177.33887385549642
3240,1612,20.728055362458427
3241,867,719.5120084974166
3241,3424,38.32244716693122
3241,855,289.02493216256573
3242,375,317.7183929035024
3243,4601,3.0163748699544395
3243,3399,64.29034097006081
3244,3883,8.805509611441343
3244,774,162.44234113296932
3245,3886,37.64386318189412
3245,3885,12.861842308086514
3246,3248,265.69243648731367
3246,3247,22.68659725596806
3247,3700,27.693235728955354
3247,3259,15.540770314309967
3248,3848,140.55271492218284
3248,3260,279.26836399610505
3249,782,100.5741676589347
3249,3252,95.37116202407586
3250,2696,53.57379269477352
3250,3254,116.86820336428164
3251,3796,235.75787188782334
3252,3251,99.22058217509776
3252,787,113.89964637036353
3252,3254,12.208819905267733
3253,3257,11.520132624536767
3254,3252,12.208819905267731
3254,779,114.72380002858385
3254,3253,185.9760369768131
3255,3250,95.46100784065847
3255,2695,54.08416822147391
3256,3438,39.433839938431774
3257,3567,33.158080077969124
3257,848,33.89116620778949
3258,3249,87.80656759930457
3258,3253,20.252773412507377
3259,3258,51.90424955740391
3260,847,35.25690011318448
3261,1082,111.08090629316428
3262,4461,94.18767753352182
3262,818,60.12386406502938
3262,525,14.47260834725469
3263,1658,95.50454023342442
3264,6,69.03790908310118
3264,827,155.79174989069423
3265,2694,64.84851690461758
3265,3255,129.84677087231455
3266,2123,22.1147523070867
3267,1787,62.40957203837525
3268,3918,13.351621490427677
3269,51,19.116940189860284
3269,443,38.90288844117801
3269,405,127.67098760026695
3270,4281,20.27009455412882
3270,4282,18.499686609985748
3271,3602,26.577717708904565
3272,2156,39.75377246421182
3272,2155,59.37198638269558
3272,792,96.76042278964361
3273,1074,84.71878914741032
3273,2839,207.21860647637425
3274,3385,165.0646925900782
3274,3659,59.38706149556052
3274,3718,326.3046235462678
3275,472,39.25770250555256
3275,2965,78.55668392928322
3276,2898,56.545879504679505
3276,1230,132.85786848371364
3276,3017,53.54917735164413
3277,4139,45.99862151217817
3278,429,51.3211299453812
3278,435,13.370250775452652
3279,1877,368.56698856017414
3280,3588,36.21365973267126
3281,2973,84.23231321406053
3282,3681,30.175523415609128
3283,423,73.03395081404707
3284,2256,58.794671531264896
3285,567,25.58847881226424
3286,2629,14.109140317799637
3287,587,129.65552995594226
3287,588,61.0990657116877
3288,46,79.16226491052964
3289,835,42.26253154228182
3290,1949,78.80209392364928
3291,1879,54.98474321038267
3291,3568,91.79567908205489
3292,1821,35.96252466652876
3293,2120,305.5630333633214
3293,4203,25.093342301541437
3294,1146,119.45658343731786
3295,2444,7.859395406626891
3295,2443,182.68961940318448
3296,1518,31.062074378258608
3297,3298,8.050525248188807
3297,1289,125.34089114331053
3298,3297,8.050525248188807
3299,971,94.12275488569523
3299,4304,16.36051424140941
3300,1869,15.537323972575646
3301,3301,106.97710170522616
3301,3301,106.97710170522616
3301,1952,41.42795239317574
3302,3303,66.82190387116968
3302,3303,39.811454953466026
3302,3400,52.18981044169115
3303,4338,8.539619821483903
3303,3302,39.811454953466026
3303,3302,66.8219038711697
3304,1593,337.20112085879487
3304,1336,72.91102583255514
3305,303,35.79983268719723
3305,1572,70.10050288330274
3306,3305,21.703059316072878
3306,303,34.16490207398285
3307,302,118.25610165677881
3307,1388,75.9579563895715
3308,4349,31.65396461428196
3308,2677,118.17554697276131
3308,1346,90.83240192042227
3309,1567,168.84290003719536
3310,295,33.48298877020209
3310,3309,40.075423377234294
3311,1876,29.542178466450217
3312,2119,4.915660626773407
3312,304,153.25637314531167
3313,4478,11.181740955589598
3313,1296,259.8350788775753
3313,1297,202.8125289921789
3314,1770,145.15017847423275
3315,103,43.58790628063513
3315,104,120.70054349194449
3316,1887,426.69984474088204
3316,1880,42.337356325452625
3316,1889,46.31971149454224
3317,4459,73.17847322112937
3317,1946,27.221946336985425
3318,3323,24.7159876674338
3318,3325,18.723752544744187
3319,3329,20.95518970559997
3319,478,13.155897756233534
3319,3327,13.527101152081224
3320,3323,33.15963674997057
3320,3318,41.817572779173545
3321,3319,20.33966890735914
3321,3327,20.252622466077092
3322,479,8.389927494946384
3322,3320,305.2637433655112
3323,1279,1589.9809314034262
3324,3319,23.083002925774625
3324,478,32.09109473031295
3325,1271,14.002383927708113
3325,3328,28.79732037067787
3326,1694,11.14947578996824
3326,1693,65.25420352160913
3327,3326,29.81558481804839
3328,3321,87.11567787704828
3329,1695,37.62088929626199
3330,3322,36.302036991928404
3330,1290,64.61954957537907
3331,257,71.61398533480099
3331,3333,40.841753043096745
3332,3800,525.2765872123737
3332,1789,37.417347786089834
3333,3332,33.77264817111926
3333,1789,17.367929189351138
3334,2015,35.30598036204735
3334,4092,8.318452070073352
3335,1811,178.25710009774167
3335,4449,41.57732274760176
3336,2016,27.77974368655924
3337,4592,158.65441156140113
3337,1767,14.011711248258823
3338,3114,169.5296929222774
3339,3341,38.909334106991956
3339,3338,38.507170846229435
3340,3341,8.163906689708934
3340,3342,11.56246308609996
3341,3342,7.780048970586516
3341,1137,18.207625432112504
3341,3338,28.936634336916867
3342,2288,85.79299779280731
3343,1137,21.990849866359284
3343,3341,16.852641970091124
3344,3955,64.48368943522107
3345,1695,286.94544366645925
3345,477,393.447667318246
3346,3345,85.29187623977833
3346,1703,36.29024762644945
3347,1698,108.40910340168485
3347,1702,245.90800542702976
3348,2248,42.683606735332724
3348,4147,32.76076021170972
3349,2483,71.52837638597366
3349,3351,52.587462106483
3350,73,39.74411083349703
3351,3349,52.58746210648301
3351,322,64.94361122817259
3351,71,16.26872134853337
3352,3907,3.053788724943523
3352,633,62.68325314169351
3353,803,72.07332976770861
3353,4141,41.852759467740896
3354,1447,89.1215623901096
3354,271,23.971168861245843
3355,1681,5.239633491794084
3355,1682,100.05813391020847
3355,1677,122.01723021542031
3356,4143,20.44720527024799
3357,1544,11.463275671084626
3357,1632,174.15497769839922
3357,2918,87.0675865393093
3358,763,4.2909228942539706
3359,3358,19.767640861676423
3359,3360,35.83576190656052
3360,3358,34.28392509782284
3360,2258,97.47861914252475
3361,201,24.05657385209151
3361,2262,25.3299199240712
3362,238,7.9853807067690985
3362,604,50.56822902433627
3362,1522,76.54038896113128
3363,1381,27.16919200858701
3363,1377,58.44664022693944
3363,4332,265.2381198574915
3364,1379,114.09898248465632
3364,897,180.9333995221233
3364,1482,159.26964958780425
3365,1812,77.81235342741464
3366,2668,141.70228609909418
3367,1102,230.00595916983147
3367,3735,195.58495696070273
3368,4568,90.44498796589008
3368,3583,66.30128797608329
3368,3582,39.733459001915904
3369,2902,53.36456352270123
3370,506,26.52298008673239
3371,2895,112.87311358300387
3372,3011,38.00229920630913
3372,143,51.751191733253314
3372,4224,289.89758777426897
3373,909,19.557145623970186
3373,3792,42.306105153041685
3373,3791,66.04866907401569
3374,4600,15.437160106030438
3374,535,71.5245654015935
3375,1252,79.36322795070667
3376,844,25.197919217933638
3377,841,34.70873301020248
3378,3566,59.28564277700504
3379,680,12.465551496605471
3379,2297,124.8483336773619
3380,402,143.66518860190124
3381,991,213.07813299906718
3382,3933,37.31631735104839
3382,691,48.0460013580997
3383,3389,372.46175083071336
3384,23,21.51767198550865
3384,3654,47.85595988473245
3385,2886,49.95934035344486
3385,3274,165.06469259007818
3385,3383,157.10472113794188
3386,3966,20.456326797430677
3387,3388,89.62926180105134
3388,3386,77.59408653338315
3388,3387,89.62926180105134
3389,3390,16.70539531346297
3389,3967,194.85438172909417
3390,3387,77.84779119986123
3391,1030,184.90772453522763
3392,2399,29.136415006210928
3392,3439,239.94884494641826
3393,271,77.83769313351533
3394,1456,16.30596034133186
3395,1457,171.27953887714747
3395,1456,10.680764662945855
3396,671,282.4321020760215
3397,2873,137.6459288725726
3398,2130,42.530932413099414
3399,1375,609.7115722175189
3399,264,256.60071304289403
3400,3302,52.18981044169115
3400,262,154.1619724891866
3400,4089,13.134387665690706
3401,1038,24.388426085510034
3401,529,125.4431873979773
3401,944,156.17139239329512
3402,4498,45.42414237010123
3402,4497,28.97765354472081
3402,3403,10.50832463024075
3403,2521,60.22155904839001
3403,3402,10.50832463024075
3403,4237,386.53000607217973
3404,2754,252.50691658591523
3404,2464,109.82815640664222
3404,2607,85.39628045183892
3405,501,5.077684483413552
3405,907,162.2538257737755
3405,500,63.5414684372075
3406,2523,63.28932837699609
3407,1043,73.14074545602818
3408,1177,55.640122334736624
3408,1178,67.88495681349977
3409,675,58.52085409728103
3410,1442,73.45133775322527
3410,1949,151.5907414791412
3411,1878,133.52069315234593
3412,1906,72.2636101717648
3413,2754,252.06742728438874
3414,1335,106.8946103176676
3414,1597,31.341663297206367
3415,2844,59.18676384490616
3415,1336,160.69716614349798
3416,1329,21.334051350987405
3416,1326,65.4699130409806
3417,1313,381.04404499971423
3418,2412,72.25674127647476
3418,4062,142.131805604377
3419,1519,56.53105835722173
3419,1452,67.63603932231594
3419,1809,87.44395109718772
3420,4000,168.29161572648422
3420,3421,180.6965714370987
3420,2929,381.890013701405
3421,2670,4.338378220649871
3421,3420,180.6965714370987
3421,3422,151.5254564557598
3422,3421,151.5254564557598
3423,3684,84.26183089566241
3423,4288,80.62344107660883
3423,3691,72.46400657168371
3424,3241,38.32244716693122
3424,3425,44.696688049054075
3425,3374,13.279639152125158
3425,3427,35.4837619482588
3426,3427,18.980698405234016
3426,3374,32.88450164289453
3427,879,13.615696609341873
3428,1627,21.871746674345445
3428,3426,26.516531071766096
3429,3432,94.57936685270037
3430,309,96.34423575054923
3430,3431,50.360908039790225
3431,2701,9.610163082724029
3431,3429,19.132208326213657
3432,1347,104.33717235647057
3433,2698,120.85547451111317
3434,514,24.94114573302727
3435,2037,332.57126590158606
3435,3754,54.32924354864045
3436,456,48.01942828797076
3436,3437,28.017534011795476
3436,2296,382.57726333621065
3437,456,54.30265881554446
3437,3436,28.017534011795476
3437,683,213.57974176404346
3438,2170,113.59678815363414
3438,2802,312.74541613986787
3438,3256,39.433839938431774
3439,1290,24.929675118664825
3440,702,63.61839340281669
3440,709,37.648531354131144
3441,1307,235.286660264469
3441,1308,229.10029725830057
3441,1293,111.27615704851738
3442,2842,50.32467601520617
3443,731,10.449618568162062
3444,333,137.4872634244755
3444,327,31.76913828719383
3445,3478,111.60491367860612
3445,3477,9.137720722623905
3446,695,206.337532606843
3446,2854,68.9311508794286
3446,2653,102.28477933932737
3447,177,79.18300418999739
3447,3474,72.4215812511612
3447,94,78.73395443573466
3448,199,11.588925100936285
3448,200,213.2640546737676
3449,3652,134.851010194027
3449,4339,25.136008250758948
3450,82,207.14186825911997
3451,1377,16.366078613134956
3451,2816,53.693137556491656
3451,2389,218.7664678092704
3452,2533,411.83500084263324
3452,1087,43.35562260325128
3453,3577,9.19598564665535
3454,1064,19.432522147433716
3455,3463,37.86416576791105
3456,3457,31.528368846734256
3457,3458,82.49806617815379
3457,3456,31.528368846734256
3457,3604,107.14200199335308
3458,4312,73.23555177997247
3458,330,341.75638354593167
3458,3457,82.49806617815378
3459,3604,29.55818154571694
3459,4508,54.48207223790054
3459,4438,36.21551636594211
3460,3275,86.03395737201349
3460,4438,9.310015500209701
3461,4163,8.326369972685372
3461,4405,18.8590095914742
3461,207,42.39607096278751
3462,2179,44.60743607081849
3462,207,15.781647539510994
3463,3984,245.82157579607969
3463,61,76.8344880231621
3464,4351,4.237842419093485
3464,312,144.5671995216777
3464,3746,376.0730459990019
3465,3470,162.9407168317644
3466,4616,107.4139527195419
3466,4616,39.82159257120762
3466,4590,56.52672845527731
3467,3468,24.742435727439624
3467,4590,13.76433890619273
3468,3470,52.71429032388194
3468,3467,24.742435727439624
3468,3469,22.43209605745553
3468,4616,47.229907007766066
3469,3467,23.623274157022017
3469,4590,86.50131141522105
3469,3468,22.43209605745553
3470,4616,39.16473822534509
3470,3465,162.9407168317644
3470,3468,52.71429032388193
3471,742,110.29140067425904
3472,656,30.51435402395761
3472,5,26.226751111866033
3472,417,83.43559189997228
3473,4345,56.66560858307977
3473,3718,92.76790812315389
3473,1074,194.27173000505852
3474,3135,71.62682581390769
3474,3447,72.4215812511612
3474,2854,73.06903424699614
3475,3476,23.235617243327994
3475,3445,25.23072992542301
3476,227,34.285741421768954
3477,3476,30.5684560866323
3477,95,95.87505059539897
3478,326,95.74465250826708
3478,3479,57.60594049466884
3478,3445,111.60491367860612
3478,3481,59.60603969986121
3479,226,70.94960494088134
3479,696,39.981595471674744
3479,3478,57.60594049466884
3480,95,143.9983350841679
3480,329,36.79743363426628
3481,3478,59.60603969986121
3482,2971,99.02749888204671
3482,1814,81.18246935480721
3483,1285,30.655434277254443
3483,1803,207.50035134525956
3484,1412,736.3744628495009
3484,2692,899.8138480848706
3485,2434,202.0396672723183
3486,1362,34.214318331669205
3486,4531,42.21321432387838
3487,19,144.98685806916046
3488,3487,15.283394948104082
3488,3772,85.35955431332644
3489,1212,7.849817340429441
3489,3878,144.93523186270633
3490,3611,7.58217448036002
3490,4426,6.9961499051300855
3490,474,38.412369812680446
3491,4230,9.001044190272655
3491,1051,141.15354437241857
3492,3605,43.149317537707205
3492,3460,80.67042212304504
3493,725,42.530938927809714
3493,724,20.832354939236716
3494,1930,203.28168418851376
3494,659,89.77250850864208
3495,274,207.89466643059384
3495,3496,151.48667005417155
3495,3494,85.98360118586932
3496,1927,149.25547541163894
3496,3495,151.48667005417155
3496,1929,140.225340695946
3497,4299,148.53617091107918
3497,3496,71.41783975644276
3498,3497,148.7971243919685
3498,3499,12.77797412370475
3499,3937,21.97492783007865
3499,3498,12.77797412370475
3499,4300,14.819237575572409
3500,200,79.86906637185339
3500,4300,62.59217044311707
3500,3577,17.705054078108557
3501,2246,269.5929775253197
3502,3936,5.385774634915414
3502,3501,179.35669924380477
3502,2344,108.29755317857288
3503,2342,126.7244361322915
3503,3936,63.59463619750743
3504,3505,139.25282930996775
3504,3503,112.74605489719451
3504,279,260.7577779298727
3504,2343,158.78722428612468
3505,3504,139.25282930996772
3505,2240,59.54245919091854
3505,3155,237.17342363735395
3506,2241,105.15842560077883
3506,3505,210.05381354972928
3506,3507,72.9088137123072
3506,4556,236.83042151150954
3507,1799,231.1546897027232
3507,3506,72.90881371230721
3507,3508,88.55202787563404
3508,2242,159.2830900605697
3508,3507,88.55202787563402
3508,3509,163.3568202885599
3509,281,26.172690708044097
3509,2554,306.05835325602806
3509,3508,163.3568202885599
3510,592,78.48870357949816
3510,591,76.34231105498381
3510,47,65.47223232352516
3511,1775,393.6147281185071
3512,3856,119.41106809944003
3513,3512,25.769697011438264
3513,2103,27.043972422555598
3514,4107,377.84770020341364
3514,282,403.1158026094515
3514,2209,110.24604142661927
3515,79,2285.7796185949737
3515,2209,943.8590064138327
3516,3926,546.2857666562174
3516,79,130.7583606410049
3516,80,545.085220413824
3517,348,115.49604275177127
3517,346,45.353902086405114
3517,3198,401.7334328959263
3518,3519,82.20023449738935
3518,3520,168.88322075068044
3519,3518,82.20023449738935
3519,3521,271.5325038884416
3520,3521,134.9925052846803
3521,3519,271.5325038884416
3521,3520,134.99250528468036
3521,1310,138.2743065015951
3521,3085,155.99868442673636
3522,1293,110.70885855971122
3522,3088,88.2429812026887
3523,2842,148.90427251456342
3523,3524,204.80836756231528
3523,3088,42.74360118806962
3524,3523,204.80836756231525
3524,2423,53.51554830367118
3525,3526,13.320968167949985
3525,412,317.67478351572294
3526,4002,10.736201949779126
3527,2902,5.734700314792045
3527,3670,117.81472551264804
3527,1228,14.168890752663197
3528,2652,14.351847585018058
3528,480,142.21040274572377
3529,453,86.66470493767223
3529,3985,57.45543305511678
3530,4171,135.61419407520918
3530,4375,292.52418797919563
3531,3532,110.00631492087939
3531,4155,29.398805044454697
3532,2303,490.4423699066003
3533,3532,34.2976967891871
3533,3531,113.98204236842018
3534,1165,71.0011824535631
3535,984,76.25425112146027
3536,2011,12.755006103420104
3537,4235,575.9862840195327
3537,4232,549.0225487611971
3539,1527,220.27315069555647
3540,4517,61.39447114793635
3541,3542,29.530815178607263
3542,3543,17.07426391609631
3542,4417,4.488196948906227
3543,4416,4.598340274846614
3543,70,88.89985793156582
3544,3573,99.9226344976975
3544,70,131.10350616680284
3545,3544,71.28822009893737
3546,3545,74.61278816351191
3546,3573,56.87513518395443
3546,3574,164.35359780092068
3547,2192,178.65268519875937
3547,2184,95.53958262707964
3547,2183,157.55276206520875
3548,3549,73.58715731165614
3548,261,278.994838204428
3548,1782,38.8532804184957
3549,3548,73.58715731165616
3549,3551,73.72646378281304
3550,3990,60.47052111599989
3550,3782,248.12242802337133
3551,3549,73.72646378281304
3551,3552,82.69839739850195
3551,2524,72.36874626578005
3552,3551,82.69839739850195
3552,988,278.09843557577244
3552,3781,72.56476695162928
3553,1844,41.98112868936697
3553,3784,44.011969560125934
3554,2191,74.40676386433775
3555,3556,27.49449068110296
3556,481,53.95277359563726
3556,1077,72.48991747615544
3556,3557,67.32912834880966
3556,3555,27.49449068110296
3557,3558,62.572904725169835
3557,3556,67.32912834880966
3558,3557,62.572904725169835
3558,3559,90.13373794182446
3559,1970,52.03847051468019
3559,4412,66.74528162540453
3559,3558,90.13373794182446
3560,3597,188.5111734793499
3560,3561,78.26675148016919
3561,3562,67.78694016097997
3561,4263,33.71745589505498
3562,3598,114.8275157511218
3563,4307,150.6710644266884
3563,4021,113.59353631575883
3564,1961,110.03314543821695
3565,3842,14.075298341704956
3565,3741,196.60090498937876
3566,3378,59.28564277700502
3566,929,16.818389550613126
3566,927,106.82188524981362
3567,848,37.78267031582808
3567,413,77.72265050259435
3568,4009,258.2770101701223
3568,271,123.2471473701803
3568,4053,37.44997552648352
3569,3641,78.0265138461041
3570,2217,176.83858512997696
3570,698,202.42022123425204
3570,2215,212.55267777411035
3571,2140,105.18240171641628
3571,1148,57.22936435287252
3572,3927,181.3112644625186
3572,2135,80.1359727490185
3573,3546,56.87513518395443
3573,3599,204.71948623467716
3573,3544,99.9226344976975
3574,3545,182.95085852947767
3574,3546,164.35359780092068
3574,553,19.981428902103687
3575,1020,109.35115993986004
3576,3453,49.67708716736739
3576,3591,61.35520872313911
3577,1800,64.38200813619784
3577,3500,17.705054078108557
3578,3579,89.0660125753505
3579,3578,89.0660125753505
3579,3580,37.81625606413694
3580,1923,118.20261125505404
3580,3579,37.81625606413694
3580,3581,77.11596766654664
3581,1826,57.310500996929306
3581,3580,77.11596766654662
3581,3582,24.45459573995923
3582,3368,39.733459001915904
3582,3581,24.454595739959228
3582,3583,100.56729196042906
3583,3368,66.3012879760833
3583,3582,100.56729196042906
3583,3584,30.294981255151207
3584,2782,92.98335055759779
3584,3583,30.294981255151207
3584,3585,93.60978724602698
3585,4569,265.21565232789624
3585,3586,75.20467610045458
3585,1827,97.69428625632999
3585,3584,93.60978724602698
3586,3585,75.20467610045458
3586,3587,82.74888685483783
3586,4545,74.96756336910572
3587,1943,111.98336463589861
3587,3586,82.74888685483783
3587,3588,68.34086250870175
3588,3280,36.21365973267126
3588,3587,68.34086250870175
3588,3589,89.65127442161089
3589,4048,55.08697832804204
3589,2801,63.272065675021565
3589,3588,89.65127442161089
3590,2787,51.97056596990327
3591,1923,185.9012572937877
3591,3576,61.35520872313912
3591,276,262.62658184880297
3592,1850,72.72721854228188
3592,1849,71.0680698368203
3592,1845,65.849431197102
3593,986,90.85204115196514
3594,3207,121.06591688005228
3594,3595,55.15824821290919
3594,1972,55.93845700852088
3595,3594,55.15824821290919
3595,4402,44.45930907466334
3595,3758,81.60006572986744
3596,3597,19.077247440008897
3596,3758,56.002766504479034
3597,3596,19.077247440008897
3597,3881,9.975902423988718
3598,615,61.816865830521095
3599,3942,68.48329007661242
3599,3573,204.71948623467716
3600,904,11.256979009162238
3600,1024,79.20241855848482
3600,4212,355.81248641737835
3601,3093,14.645535302607241
3602,4229,206.7482944643714
3602,3603,90.77570717657667
3602,3271,26.577717708904565
3603,1523,92.78142846237229
3603,3942,101.2148259022471
3603,3602,90.77570717657666
3603,773,91.69686745808006
3604,3459,29.55818154571694
3604,3959,42.25996375645656
3604,3457,107.14200199335308
3605,3492,43.1493175377072
3606,2704,60.25141689881646
3607,1215,73.09022685315573
3607,65,195.89270688293777
3608,4423,4.155300776605158
3608,4431,49.92463033403122
3608,4430,19.143313421255684
3609,4404,104.21750253163749
3609,2625,51.96752740666277
3609,3610,205.7227324450069
3610,3609,205.72273244500687
3610,4404,202.18270791087295
3610,875,33.85911388153988
3611,3490,7.58217448036002
3611,3762,18.266360223757935
3612,3613,95.24456057454476
3613,3612,95.24456057454476
3613,118,126.33469093023332
3613,3096,54.126683297690604
3614,138,25.535540897040573
3614,135,71.04315672871388
3614,142,294.12487814916557
3615,1056,23.005228276030255
3616,1481,163.61429239442606
3617,328,57.58999729250771
3617,327,178.3306760698053
3617,329,68.45840623768294
3618,3957,98.44859371436742
3619,2057,73.99493100145241
3619,2056,135.47060031706152
3620,3106,29.906178161246395
3620,3621,415.6716154757493
3620,2398,158.33265807191327
3621,4150,215.37665167411694
3621,3622,59.58498124913026
3621,3620,415.6716154757493
3622,3921,706.6416132391441
3622,3621,59.58498124913025
3622,3861,1331.5835344787067
3623,2094,147.38951639097212
3624,3625,76.42753613847435
3624,3107,108.06012268687337
3624,3166,135.24085932240803
3625,623,83.50893483303678
3625,3624,76.42753613847435
3625,3627,164.12323190000038
3625,3108,148.05238652303305
3626,3624,51.864753960831315
3627,3629,29.759847151994915
3627,3628,59.41390888042314
3628,3626,161.91808574437923
3629,3630,94.07170158043118
3630,3633,97.2290961788215
3631,3632,53.830169854182216
3631,4192,58.789970298935145
3632,3631,53.83016985418223
3632,3633,73.0013098345503
3632,3775,169.18889989526406
3633,3632,73.0013098345503
3633,4194,20.993634081116625
3634,669,61.70335185361825
3634,3635,73.47922753715028
3634,3632,110.3304951109589
3635,3636,66.58809928904776
3635,3649,71.80634642415798
3635,3634,73.47922753715028
3636,619,58.72091919510458
3636,646,60.90173360923627
3636,3635,66.58809928904776
3637,3638,69.46838949540488
3637,3643,50.58536350016368
3637,669,144.5258075182902
3638,3639,71.73412080064065
3638,3637,69.46838949540488
3638,3648,70.03297628928172
3639,2914,136.88861256307814
3639,3640,50.574051433686925
3640,619,82.00827267561074
3640,3639,50.574051433686925
3640,3641,88.5742153279519
3641,3569,78.02651384610408
3641,3642,56.93019889471296
3641,3640,88.5742153279519
3642,2685,216.18496683820726
3642,3641,56.93019889471296
3642,3644,87.70209300259882
3643,4410,12.906561013436752
3643,3637,50.58536350016368
3643,624,70.637944491966
3644,3645,53.800735193429176
3644,3642,87.70209300259884
3644,3925,87.33812089562932
3645,2396,145.05403230715626
3645,3646,15.784346519846194
3645,3644,53.800735193429176
3646,3645,15.784346519846194
3646,3647,21.62660093710187
3647,2577,49.0698920348891
3647,3646,21.62660093710187
3647,2778,116.2981444006348
3647,2579,79.06930120314459
3648,3649,71.59922464920844
3648,3634,74.8087405135981
3649,3639,69.14510959682087
3650,3915,15.212670806498123
3650,200,67.57904715524987
3650,321,130.01703477844083
3651,3652,32.39803242411224
3651,2345,71.7344245255677
3651,3915,178.18424529573437
3652,3449,134.85101019402703
3652,3653,126.68947916165209
3652,3651,32.39803242411224
3653,3449,79.27827542198114
3653,3652,126.68947916165209
3653,320,120.95451606705079
3654,3656,81.15876459843568
3654,23,32.487556372982056
3655,374,405.75435177273096
3655,3658,93.2092816462996
3655,4506,34.212619633605485
3656,3657,3.9846017915625125
3656,2884,53.3050279323171
3656,3654,81.15876459843568
3657,4505,12.951251169910357
3657,3656,3.9846017915625125
3657,4506,17.60122631066488
3658,3655,93.20928164629959
3659,1225,104.3452660076004
3659,3274,59.38706149556053
3659,3660,72.18550315357378
3660,2888,95.171122053152
3660,3659,72.18550315357378
3660,3661,55.252059892926944
3661,3662,61.63964227524713
3661,3660,55.252059892926944
3661,2911,59.231131689013836
3661,3016,56.561573182643315
3662,2910,58.66113090146273
3662,3015,50.30955599668121
3662,3663,56.0833922169731
3662,3661,61.63964227524711
3663,3664,7.871278934489371
3663,2910,104.19709657455566
3663,3662,56.0833922169731
3664,3663,7.871278934489371
3664,3668,60.57940070931048
3665,2895,59.568825457728224
3665,1220,64.79587290235706
3665,3718,146.5594897394118
3665,3667,28.942697455475614
3666,2166,36.03525828999674
3666,219,21.47215390242403
3666,3952,100.2240397033349
3667,3665,28.942697455475614
3667,3670,121.29956798800445
3667,2894,36.636072827631416
3668,3067,63.25757777042289
3668,2165,138.24878871490304
3668,3664,60.57940070931048
3668,3669,120.16817910134819
3669,2166,33.58863264335619
3669,3068,75.68550272575764
3669,3668,120.16817910134819
3670,2906,34.51821868711962
3670,3667,121.29956798800445
3670,2896,73.11026288937202
3671,2901,76.22034002395307
3671,2865,63.17736385340685
3672,1810,62.07937500006493
3672,2900,104.36727028408461
3672,3673,40.21926238728374
3673,214,101.66186184109932
3673,3672,40.21926238728374
3673,3671,113.33179510122262
3674,3071,95.33884493566795
3674,4324,104.97925570026504
3675,3674,55.369270534686635
3675,2564,122.96699589733427
3676,362,72.12891756730369
3676,2568,44.23930864616798
3676,213,86.79733111683656
3677,3948,2.947148183608214
3677,363,120.2350818398854
3678,366,102.31697290099571
3678,365,62.14218287768669
3678,3680,52.52497155419354
3679,3282,24.16909945189645
3679,3677,63.63181275848828
3680,3682,112.27525880894792
3680,246,111.98010614994743
3680,3678,52.52497155419354
3680,3686,94.41082608791353
3681,2569,146.85542273007195
3681,3282,30.175523415609128
3681,3685,50.63588574985545
3682,3679,37.3690619937857
3683,3685,61.179755639499014
3683,3682,13.720554150974452
3684,3947,62.33768427295348
3684,3683,29.132145385196857
3685,3683,61.17975563949903
3685,3681,50.63588574985544
3685,3687,30.097571069638555
3685,3038,101.4271589999453
3686,3423,100.68778166649341
3686,3689,48.45829230189075
3686,3680,94.41082608791353
3687,3947,2.9975533876558784
3687,357,54.6765827711612
3687,3685,30.097571069638555
3688,3690,72.57632052549079
3689,3690,21.27118498034605
3689,2570,68.43236456405657
3689,3686,48.45829230189075
3690,3689,21.27118498034605
3690,3688,72.57632052549079
3690,3695,103.58247378138117
3691,3692,19.849454739501148
3691,3947,95.23235504444494
3692,350,22.779637911570205
3692,4024,24.16406626229308
3693,3695,62.17307893590322
3694,4288,9.092299508749889
3694,3696,89.82759239655924
3694,3697,72.04260247600257
3695,3693,62.17307893590322
3695,3690,103.58247378138118
3695,4346,53.101663550565654
3696,3699,52.70967265143962
3696,3694,89.82759239655925
3696,4024,66.5491566409773
3697,63,98.54074792563395
3697,3694,72.04260247600257
3698,3695,56.62481435344284
3698,25,77.00406101014195
3698,3719,32.54049291104214
3699,59,92.35130879164919
3699,3984,191.3919453040954
3699,3696,52.70967265143962
3700,3259,26.322902691091937
3700,193,45.84958921020154
3701,1985,197.6114236589978
3701,3051,62.9839493615547
3701,393,76.75289580736423
3702,950,118.56540427166182
3702,4493,59.350411372918344
3703,158,595.199469678429
3703,4493,15.383901533157996
3704,3703,16.608562818975585
3705,4397,177.81748015331587
3705,2775,6.404242492051805
3705,2774,121.34956908251704
3706,2441,44.37330168489913
3706,2350,61.18790434226183
3707,4237,267.00102227629196
3708,1404,19.27048876332293
3709,1936,3.456161238375304
3709,2790,48.38018310149114
3710,337,40.14765553780545
3710,1925,88.13789532127652
3711,3122,257.8527247397692
3711,2763,89.56579946801702
3712,3712,68.86146371812629
3712,3712,68.86146371812629
3712,1494,321.1398551609661
3713,376,57.48108340116178
3714,3350,32.54594188320848
3714,3349,146.71941975246895
3715,829,7.503637271711122
3715,640,91.16527776170561
3715,631,145.15566369771886
3716,626,10.318866374257945
3716,640,139.58154331384515
3716,627,103.60155712184222
3717,1805,78.56698974167344
3717,1806,479.96438050061954
3718,3665,146.5594897394118
3718,3274,326.30462354626786
3718,3473,92.76790812315389
3719,3698,32.54049291104215
3720,2031,121.00158223555299
3720,1534,210.02019898889978
3720,2030,232.25873317331195
3720,4361,78.8610103225358
3721,2747,69.59675222980087
3722,2118,21.60240592552967
3723,4617,20.24964627786691
3723,3893,33.4645452996113
3724,523,64.43200347144369
3724,766,29.728340084760568
3725,1818,8.108380202357134
3725,1915,119.36549319108853
3726,2869,68.4294697674988
3727,4246,20.841114958281917
3727,647,43.01301459442756
3727,634,444.7453088213157
3728,1407,161.46381633628428
3728,4458,36.41674064500186
3728,1408,133.2903086945652
3729,1646,57.59699155814075
3729,3731,128.5934780435288
3729,4458,48.32303875305402
3730,4458,46.01297002067307
3731,3729,128.5934780435288
3732,4458,110.47885955863052
3732,4496,50.36629309892733
3733,21,11.3177162966259
3733,952,768.2645044235566
3733,3734,248.44094824311694
3734,1127,172.75337513003976
3734,3733,248.44094824311694
3734,1801,158.7749204479419
3735,2142,939.0493231359126
3736,3974,16.81595442797269
3737,3736,56.7509323081874
3737,689,52.48968957700925
3738,4153,7.781400998760523
3739,2352,76.46428449506864
3740,722,138.30953369658718
3740,740,125.34261379859647
3741,4491,5.332457721548349
3741,1475,68.5979932096424
3741,263,91.62481865693809
3742,1768,125.1959016822758
3742,4157,76.81836909127983
3742,4434,1160.7531344503504
3743,3900,78.30658505688729
3743,4388,15.395234632976326
3744,3750,81.19676231373082
3744,2365,349.4483551068413
3744,4391,256.5729263139815
3745,2651,85.2794130642774
3745,479,518.7669497531953
3745,4035,17.75462917073894
3746,3464,376.0730459990019
3746,3747,28.866403826934594
3747,1546,47.10670578347016
3747,3746,7.420814023818347
3748,912,565.2374986046624
3749,2724,8.93282217903063
3749,4512,161.97707235190293
3749,402,105.90225796886608
3750,3744,81.19676231373082
3750,1780,231.15181803699753
3750,4476,78.3159190922542
3750,4158,301.85393670396013
3751,3189,64.39314471847185
3752,3753,11.020159420087683
3752,3751,26.04941502465274
3752,3434,17.712590705083255
3753,3752,11.020159420087683
3753,3435,84.39128332007827
3754,3752,32.40732634598446
3754,3434,41.00476059112894
3755,2501,197.9312944127063
3756,2786,266.5488124858997
3757,1338,10.927247124047708
3757,2699,21.592907671515917
3758,2555,56.58926564444643
3758,3595,81.60006572986742
3758,3596,56.00276650447904
3759,3760,207.7552179278539
3760,3759,207.7552179278539
3760,3813,250.2160893937738
3760,1124,102.79081431665604
3761,3565,20.066708339272886
3761,3842,30.900901760532438
3761,3173,143.39058475493886
3762,64,37.9944687652644
3762,225,43.01280179022629
3763,309,69.06884986588068
3764,1,49.283348343734
3764,18,515.4552368207866
3765,1285,679.909666199963
3765,1277,77.95965645721165
3766,1102,135.43001946187965
3767,1633,58.73258227329559
3768,21,48.788090509231544
3768,18,57.44543983359464
3769,1801,193.71289708688403
3769,1801,124.64231546197453
3769,1146,232.22936813893304
3770,2382,31.080941451812166
3770,1208,592.2566267842375
3771,963,34.053243412622535
3771,3772,21.851145710065055
3772,3970,15.66570316832632
3772,963,26.690870769365706
3773,1793,50.0055193544935
3773,2719,95.62438133669777
3773,1496,201.08592916808695
3774,3777,364.9863333775414
3774,1645,60.6661833719865
3775,3629,59.59792053042439
3775,3628,29.087605528157553
3776,4353,77.46427639978008
3776,3777,29.197699546372085
3777,3776,29.197699546372085
3778,2068,93.01577676141187
3778,4042,177.13420096507397
3778,3779,172.85267815374536
3779,3778,172.8526781537453
3780,1959,91.09640599978391
3780,1960,242.06575638410652
3781,3782,30.572206726838665
3781,3784,16.684979383603622
3782,3553,15.210609844953801
3783,2667,55.552777277759745
3784,2526,24.022785915274504
3784,3783,18.9932847981055
3785,1516,56.6513236522135
3786,805,77.36821306163836
3786,405,50.97966496228984
3787,2975,8.71092720046697
3787,2462,24.96302480007389
3788,3787,18.26415434847401
3788,1194,133.18353747228508
3789,653,274.79286220048505
3790,4596,6.577704667401623
3790,4595,9.791367598649675
3790,4594,22.075643215461202
3791,1605,80.84068238436525
3791,3373,66.04866907401569
3792,909,30.910878059465233
3792,4359,120.36865001636583
3793,2381,128.6359451435467
3794,2362,106.11491955354839
3794,2826,233.65842653908953
3794,1354,85.97637493369363
3795,1365,28.12826980848778
3795,2362,133.40476712067237
3796,3535,21.351036013705805
3796,3264,21.290742408137
3797,1510,35.6790976523439
3798,2097,233.52388892277494
3798,257,49.94789254458283
3798,2102,307.90446560637946
3799,2162,4.333695638603656
3799,556,102.42624134209063
3799,1786,121.35253137259906
3800,3332,525.2765872123736
3800,1788,82.61449670332678
3801,2735,34.7355543384345
3801,527,22.982442407464788
3802,834,39.6962791751016
3802,2629,120.22033448806856
3802,421,59.525490300053974
3803,2121,216.15623701920163
3803,3244,204.45510766370717
3804,3987,11.905343072966286
3804,3825,48.480202066148834
3805,1374,43.206510604131644
3806,1374,3.3816003427768946
3806,1373,124.3134668216258
3806,2757,163.31304696805458
3807,181,176.67406450046315
3807,3825,100.17944846414612
3808,1709,10.88542431229937
3808,319,276.38978561191993
3808,1433,83.11563111248381
3809,1003,112.68781969742282
3810,3187,28.6783840610039
3811,132,121.61574774701468
3812,3095,20.889998130743777
3813,3760,250.2160893937738
3814,2590,419.5705899629965
3815,4081,129.48301795323528
3816,1373,52.567628324704216
3816,3805,556.1154492720862
3817,1504,24.619919434211642
3818,1984,163.00754298647442
3819,3222,10.931568759784806
3819,3225,50.77789546004645
3820,1352,4.319482930145952
3820,2097,117.40149248086453
3820,1353,130.66942163693207
3821,1506,81.948523468375
3821,1504,89.52259063904478
3822,2843,315.9766477227553
3823,4475,168.26250611455828
3824,2143,9.559642444445855
3824,2142,141.77384621529797
3825,3807,100.17944846414613
3825,3988,50.18713147618954
3826,3855,21.02083892653412
3826,3827,52.13944588354194
3826,2943,55.624696578952936
3827,3826,52.13944588354194
3827,3854,25.250918697130956
3827,2532,66.3395341261902
3828,703,241.45447980706302
3828,722,26.59799454023383
3829,3832,35.496289237739624
3829,2655,165.35821482459323
3829,3914,8.964984228213925
3830,4258,5.911091428305476
3831,3914,53.24134214597839
3831,3830,84.77565951435375
3832,3829,35.496289237739624
3832,104,115.50571315174949
3833,4258,37.23794113635426
3834,2720,133.3465865633444
3834,3238,69.20397910396821
3835,2719,118.92967247099534
3836,3924,40.21455836022361
3836,1506,50.76608650714309
3837,1644,98.93954477026048
3837,1334,445.61638016452986
3837,4113,82.25844548493613
3838,4373,19.406423121012498
3838,1730,158.02931321044085
3839,2766,32.48098789587128
3839,1397,123.6496962232926
3840,2384,12.16007238797421
3840,502,63.66426837859765
3840,3841,64.83407430181198
3841,3840,64.83407430181198
3842,2972,46.28113509560902
3843,3844,39.351632540034764
3843,1063,14.557089856481312
3843,2485,195.20003089305396
3844,1063,31.700507890972254
3844,992,233.52734994276645
3845,3926,356.5242654237226
3846,2331,13.927721253212159
3847,3068,355.6931300701275
3847,214,41.911211765776066
3847,2750,142.95470818536498
3848,3248,140.55271492218282
3848,846,301.344382061723
3848,3,145.0894945563644
3849,3247,545.6938647203554
3849,3260,24.9935193225645
3850,2497,100.90707476299508
3850,3851,68.46272257361416
3850,1060,62.93781794792444
3851,2590,146.5828277514809
3851,1060,57.76596925507596
3852,3850,44.33079675752755
3853,2238,309.3111354972513
3854,3827,25.250918697130956
3855,3826,21.02083892653412
3856,686,60.69585725617354
3856,4103,135.47581745936662
3856,2778,202.3077980512831
3857,3031,179.67360752490015
3857,2137,209.40786599837347
3857,3029,31.081793670070557
3858,2143,162.02694012822838
3859,3824,29.962395654492944
3859,1149,51.80194533708645
3860,4443,112.13245365889576
3860,1059,80.45346028330599
3860,1058,241.4079664236436
3861,3622,1331.5835344787065
3861,38,1363.5523686577196
3862,38,94.58705917515633
3862,4555,87.1650048221275
3862,2962,108.84949085825164
3863,3864,71.43703758085027
3863,3865,102.83565108983507
3863,2404,69.89772938130926
3864,3863,71.43703758085027
3865,2400,114.94503666923032
3865,3866,67.68539294038139
3865,3074,35.03248287833976
3865,3863,102.83565108983507
3866,3865,67.68539294038139
3867,2687,28.413050558221833
3867,2748,135.42044200684256
3867,100,114.94655532522005
3868,330,39.71081196000154
3869,1324,84.606433686358
3869,2445,74.44332140649107
3870,4442,27.125844490570042
3870,928,81.50321301523904
3871,459,54.64497172664908
3871,50,11.150898103610038
3871,3786,54.51954750354105
3872,4057,7.8170329678158526
3872,49,90.79022505465483
3873,3896,58.16766569273654
3873,3146,85.7739243378645
3874,399,112.13027346896266
3874,2736,16.649579017865577
3874,555,98.60508020891766
3875,4129,196.57259856904378
3876,3935,129.6066564866548
3877,3106,135.7363194991267
3878,1212,145.45735350286878
3878,2320,581.3730313406695
3878,3879,105.11757858153082
3879,2679,377.01923768577853
3879,2683,85.58896126653102
3879,514,726.8910369123735
3879,3878,104.78961189039245
3880,3873,150.0500895264277
3880,15,14.747246866518761
3881,557,57.80050711927838
3881,3598,91.56269189410956
3881,3597,9.975902423988718
3882,4228,30.99754262044143
3883,4406,53.251078230400765
3883,3887,7.686647299735537
3884,1965,5.9140601183899015
3885,3887,55.531616678206525
3886,3885,45.985258428920936
3886,1964,79.33644007392957
3887,3244,6.0822903842504665
3887,3888,229.41241901330108
3888,1795,118.8591227530607
3888,3889,55.558295632551456
3889,4543,31.792168689076707
3889,1794,371.3219488199677
3890,4028,92.69936115283537
3891,3892,22.86403161841897
3891,3893,72.46905182322698
3892,30,77.00361262836276
3893,3723,33.46454529961131
3893,4582,52.52629310007647
3893,3891,72.46905182322696
3894,2279,22.496005593567677
3894,2966,11.920560271393203
3895,2976,268.8981767791002
3895,3293,174.3753837054675
3896,3873,58.16766569273654
3896,396,39.385217691753226
3897,3095,13.893783109285934
3898,1412,98.20700058311749
3898,2729,154.77073795410328
3898,1413,152.2562054741813
3899,2074,250.06384246407757
3900,1769,27.655130357442204
3901,799,111.92767009039483
3901,4057,53.55465747356518
3902,3,220.28942823214038
3902,4,76.3590809317797
3903,1060,64.45857102649379
3903,3852,67.4614308462798
3904,2319,218.63573813927084
3904,2746,58.860669855240126
3904,918,110.62685869645847
3905,4086,89.5122433010958
3905,4085,75.06248033740324
3907,3352,3.053788724943523
3907,637,146.49677925913545
3907,632,184.99804359894407
3908,3101,55.16319591815277
3908,1454,88.06673317620132
3908,1453,48.30303061930563
3909,2218,191.16445480215427
3909,2217,78.2110976238699
3909,2221,48.78821920023333
3910,162,123.43737205068518
3911,127,6.291377332784623
3911,135,159.4878750999309
3911,139,98.01646833134888
3912,2366,182.40511348553562
3913,2271,52.90479574354813
3913,4519,7.722763980478068
3914,3831,53.24134214597839
3914,605,75.67818441836638
3914,3829,8.964984228213925
3915,3650,15.212670806498123
3916,1761,194.78226061905158
3916,2290,16.56716501920278
3917,2014,14.070489661986636
3918,3268,13.351621490427677
3918,2977,24.05729414749119
3918,1125,107.26811882604922
3919,2718,59.13352851863627
3920,3188,64.62287390979631
3921,3622,706.6416132391445
3921,532,47.74873440750431
3921,1364,91.38130502929373
3922,1367,32.60657583465551
3922,3923,63.40654136918673
3923,3836,44.76477248060034
3923,3924,27.65875926976447
3924,1980,143.8882305282429
3924,3922,87.76098838780115
3925,3644,87.3381208956293
3926,3104,960.4460990173824
3926,3516,546.2857666562173
3926,3845,356.5242654237226
3927,2509,139.045213138581
3928,1590,15.976690809339168
3929,368,7.13205818953588
3929,3217,355.82049367615207
3929,4165,225.4693588165693
3930,3939,280.148933373943
3930,3931,96.10305658493142
3930,750,171.4978136495683
3931,3204,24.32412162021307
3931,3102,256.597400011052
3931,3930,96.10305658493142
3932,1884,240.1361963813555
3933,3382,37.31631735104839
3934,2514,96.72794086514438
3934,2150,98.79820649995006
3934,2510,315.51654478657963
3935,1108,309.5680425771362
3935,3876,129.6066564866548
3935,3106,213.14644972342097
3936,3502,5.385774634915414
3936,277,10.357518415663789
3937,3499,21.97492783007865
3938,805,72.06881606524684
3938,2123,9.630870143972036
3939,746,8.298594176320638
3939,745,330.35687863342014
3939,3930,280.14893337394295
3940,751,116.58551375824175
3941,4617,24.27559917763163
3941,3723,14.051057692062486
3942,3603,101.2148259022471
3942,1524,27.658806787566142
3943,4375,9.955320135044374
3943,3599,9.526235060127393
3944,762,279.4716434475936
3944,204,86.99581981213949
3945,2804,52.388440513530014
3945,2708,176.54510882074084
3945,202,116.9119875352854
3946,2737,89.79321137193944
3946,4269,90.61164312737054
3947,3687,2.9975533876558784
3947,3684,62.337684272953474
3947,3691,95.23235504444496
3948,3676,48.52506610605468
3948,365,111.64005592693752
3949,3950,55.18490560271552
3949,4002,44.34575073624081
3950,1527,321.55462249582
3951,378,117.81410233478724
3952,3666,100.2240397033349
3953,1124,11.416027135280792
3953,1126,82.03960032383529
3953,3733,295.2780717954395
3954,1389,26.226821365816328
3955,3994,60.34496170958272
3956,545,207.08344680719168
3956,3963,44.64979406397816
3957,3618,98.44859371436742
3957,2210,180.06746116858363
3957,2979,152.57872920781313
3958,4438,88.43563744682655
3958,3275,20.440640613120774
3959,3604,42.25996375645656
3960,3961,32.07164852813703
3960,4581,263.6772091899217
3961,3956,55.91185434889392
3961,3963,56.60758561049468
3961,3954,181.5679232739099
3962,3960,51.400462821640325
3962,3961,40.09653903135506
3963,4095,50.17835771845671
3963,607,62.628334999963826
3964,1761,81.22909409117618
3964,4382,37.081221211235274
3965,2192,122.4756204647189
3966,3967,35.2416207435177
3966,2163,207.09018652057398
3967,3388,28.938691702312916
3967,3386,47.269887730914206
3968,3219,78.89154350641971
3969,3884,239.80061842481658
3969,3983,664.6026205828039
3970,965,321.1005305715942
3970,3488,89.69926336839934
3971,1962,272.4077996252793
3972,314,140.51977742979716
3972,316,36.86754815448613
3973,3997,71.45095652042143
3973,4090,233.95132185737293
3974,690,11.58443749212023
3974,3736,16.81595442797269
3974,4252,66.97015907657621
3975,523,13.293003501454873
3975,3638,104.5579858076018
3976,2428,150.50171546333692
3976,1327,336.0854603018213
3976,4062,275.2052019252983
3977,1161,164.63697371615257
3978,3978,125.84152179468872
3978,1108,158.94569430508275
3979,2232,118.27643215175358
3979,482,652.0439422655688
3979,911,59.330665190228764
3980,2397,327.68554530545066
3980,2638,170.1109250017008
3980,911,151.5524981578712
3981,438,80.10038246063684
3981,4289,37.647424899958324
3982,3956,176.0673797504339
3982,4450,408.4730404569518
3983,45,400.49301167237206
3984,63,149.75545919018822
3984,3699,191.39194530409534
3985,552,106.50301020848175
3985,2656,25.17618031620706
3986,1397,103.66126967634267
3986,1396,166.15496027731635
3986,1398,164.49459321788507
3986,1399,121.96077711912638
3987,4127,10.139704701263325
3987,4128,18.81494854786777
3988,4128,19.759421637956635
3988,3987,12.207029702264869
3989,4127,40.8582893454459
3989,449,21.501054967418987
3990,2510,200.20338600245952
3990,2152,100.0535791164265
3991,4569,111.4986222196149
3991,2711,100.47556227408391
3991,1924,25.653086484544193
3992,4577,21.789456003411832
3992,4001,19.788454772779275
3993,2367,10.381783732164367
3993,1144,133.45419175939875
3994,2592,76.6211761471743
3994,3993,65.39209512149506
3995,2281,53.35639256018594
3996,859,103.35513482363625
3996,2118,31.860313978749303
3997,3962,52.73007092395568
3997,1045,99.52208399803649
3998,2229,250.00273279119511
3999,3895,12.905019487594243
3999,4190,116.02957915678745
4000,3420,168.29161572648417
4000,2043,273.45584144186813
4000,2322,167.4854051940737
4001,4577,17.295652042678007
4001,1140,168.31346432738607
4002,3950,31.011530949868835
4002,3525,12.554576837424191
4003,4131,61.26705325363338
4004,3055,30.76404920032711
4005,2326,128.27365230972953
4006,4013,15.424311585678886
4006,4052,27.49724854357216
4007,2486,26.377730047881684
4007,4050,81.97017358320704
4007,1918,33.81501078720477
4008,4052,10.433576700789567
4009,4008,8.616494686474914
4009,4051,53.78652201506722
4010,905,53.33840803093033
4010,499,96.78449815404866
4010,4451,514.9961914946905
4011,4012,24.646977631017844
4011,1698,337.1881182972449
4012,1691,240.42833554509653
4013,1907,16.952958881793432
4013,1817,70.67373535253498
4014,517,66.36237080153212
4015,175,122.70018972610407
4015,920,59.39844820744092
4016,920,93.59663205284456
4016,184,114.00035674774095
4017,1779,316.30148413262754
4017,2500,271.50591406694735
4017,476,883.3460815428102
4018,698,160.23788118660312
4019,2173,118.89120219988695
4019,2114,612.6820919715238
4019,2167,461.4158835266103
4020,3563,322.3447984987588
4021,4023,49.2230335938813
4021,4022,69.76772560622105
4022,1966,496.12879113158317
4023,4022,50.422475885584944
4023,3983,12.679347166268322
4024,3696,66.5491566409773
4025,3121,8.077807493180266
4025,2978,116.29321646912055
4025,2756,76.38835977373242
4026,898,130.01800225313337
4026,537,103.89276041372759
4026,900,121.36638835554282
4027,1331,217.9724716604158
4028,1963,99.56080402309455
4028,1125,320.0671050712955
4029,854,22.834981072972592
4030,538,3.844451127406896
4030,1654,143.41769166374635
4030,4074,52.565385292102384
4031,1361,8.347290270365786
4031,1626,116.06769859185945
4031,1629,78.59449735075899
4032,2537,173.19295854241784
4032,2536,113.90805319996778
4032,2067,58.89187657095533
4033,275,34.865655399909684
4033,1927,125.1633458034462
4034,2425,128.72402358481577
4034,864,141.86183548513543
4034,863,95.72761429723164
4035,3745,17.75462917073894
4035,471,118.41522776071278
4035,454,211.16608554587995
4036,176,27.747731376375086
4036,94,49.608399769323384
4037,1631,2.4183392314212995
4037,909,102.98381610418772
4037,1630,57.20978009842072
4038,4066,109.75118637224759
4039,1604,9.832511004627408
4039,1572,105.57136693324287
4040,4269,119.04082820688956
4041,4066,165.51918741693927
4041,2688,20.70801728343551
4041,4578,278.23711259798694
4042,2615,78.76359650692856
4042,2070,407.09329734640454
4042,2602,181.47523276402683
4042,3778,177.134200965074
4043,256,13.894179065392986
4043,4040,22.403233032231693
4044,1999,200.46638621527427
4044,2012,79.13844719398577
4044,4503,95.01736899939682
4045,2487,70.79974607462474
4045,237,158.03515300271278
4045,4046,219.4336689766609
4046,1920,180.1048976129847
4046,4047,58.17151002762619
4046,4045,219.43366897666093
4047,1831,10.304023938370808
4047,4049,128.26823966258496
4048,3589,55.08697832804204
4048,4545,259.45897230361186
4048,1919,199.91027276886857
4048,1830,83.33034302842474
4049,224,40.92079101210616
4049,3395,57.57252017142441
4049,4047,128.26823966258496
4050,224,77.22206374713723
4050,4007,83.18244406679196
4051,4006,10.806561817872161
4051,2486,52.712561900776194
4052,1907,11.05035770218358
4052,4008,10.433576700789567
4052,3291,192.29212161608552
4053,4054,179.54757404381064
4053,3568,37.44997552648352
4053,1896,120.79652114864098
4054,614,78.33116460757398
4054,4053,179.54757404381064
4055,1577,27.875166782729707
4055,459,72.87579819843663
4055,3871,63.48088095444562
4055,4273,144.0571814466427
4056,4273,7.029544584197408
4056,3872,47.45125600035596
4057,3872,7.8170329678158526
4057,3901,53.55465747356518
4057,4056,47.67848503234324
4058,672,18.014389716132538
4059,1261,94.79559335600341
4060,22,288.60045997780884
4061,4102,271.69644266508726
4061,3132,127.48135027495042
4062,3976,275.2052019252983
4062,3120,220.58854163003997
4062,3418,142.131805604377
4063,4198,391.1827061436568
4063,4413,91.04096525749466
4064,1390,77.08657197257695
4064,4314,192.77719663619135
4065,351,21.459047859555703
4066,4038,109.75118637224757
4066,1419,86.07629168353256
4066,4041,165.51918741693925
4067,1357,137.50572995109712
4068,1566,18.549596988363845
4069,2245,22.188505480580027
4069,1826,208.33453812915985
4070,4308,85.2542258411535
4070,1487,61.93732978533272
4071,1048,137.73405810649732
4071,262,173.52077251847874
4071,264,91.28115257533238
4072,1331,344.50275330514006
4072,1332,31.94228091567674
4073,777,128.8010534780869
4074,1629,67.13795560385508
4075,3028,33.02246520254567
4075,3025,33.40670626841658
4075,3026,181.9816506198931
4076,2223,339.28553763849663
4077,2059,151.6638220309793
4078,4533,83.12956479180131
4078,46,80.14516760495505
4079,4533,5.365225684978059
4079,3145,71.21303593858379
4080,174,34.79143407133153
4081,4082,111.20120031697849
4081,3815,129.48301795323528
4081,39,98.72850323967879
4082,1115,33.36021501974248
4082,3047,97.99995429118175
4082,4081,109.01883260571866
4083,2721,79.34611586869121
4084,1360,676.2079536110314
4085,4086,18.578079585003163
4085,4441,14.484689450305558
4085,4532,14.16185704720313
4086,1363,172.18616001184662
4087,1059,64.18504771025918
4088,2290,18.22730143640511
4088,3916,20.179354849835736
4089,4091,79.80539011526366
4089,3400,13.134387665690706
4090,2933,64.57372780163253
4090,3400,75.80908010407117
4090,4091,11.24595304105278
4091,3997,236.6711940636051
4091,4090,11.24595304105278
4092,4320,72.26543044859889
4092,1472,50.77188509682615
4093,2371,34.110088091699254
4093,2018,62.143310252636184
4094,4319,10.233393979039633
4094,4320,226.86574711747167
4095,4319,81.88399428214008
4095,607,39.92673280896062
4096,475,3.9121136917424524
4097,2529,123.93319774447976
4097,4268,163.5750780301508
4098,3056,58.18229317844656
4098,4475,142.8831640382156
4098,1085,40.040308303537465
4099,3040,171.49051126421085
4100,1387,152.60061537736092
4100,1386,97.05761887326459
4101,1850,13.331142412085198
4101,1854,114.1002382581929
4102,655,141.50025711173376
4103,2546,64.18186043579726
4104,2103,29.182887945933643
4104,4529,57.178814730091126
4105,4104,4.432865849643579
4106,3132,16.248470886273566
4106,1518,99.80313962129573
4106,4060,121.35814474911528
4107,3514,377.84770020341364
4108,525,58.057653291131516
4108,814,56.137117781955446
4109,811,74.85976998734748
4110,208,49.88509978629881
4110,2177,184.3410397403579
4111,2387,106.46081841498938
4111,4318,52.40881424835627
4111,1265,164.02465338098338
4112,4114,27.478936040534453
4112,4118,40.48534469153423
4113,4112,22.541058671456817
4113,2617,14.140451794030373
4113,3837,82.25844548493612
4114,2617,33.80639898227219
4115,2725,44.80219588772383
4115,4188,48.37686193286966
4116,2761,53.53631183569804
4116,4117,120.47582473355372
4116,1256,61.86902938000809
4117,1257,51.19353742890147
4117,4116,120.47582473355372
4117,4118,78.17093574995566
4118,1731,19.893008485491066
4118,4114,24.04778828213641
4118,4117,78.17093574995566
4119,1401,75.98072403093578
4119,1738,76.4838095170951
4119,4120,17.773549203138995
4120,3005,8.481540197550737
4121,931,5.092345122284242
4122,1404,240.25668176164797
4122,4121,24.886582437984405
4123,4124,30.129341708540277
4123,1732,260.2711054673211
4124,934,3.081271537284542
4125,2942,122.07502872362939
4125,4126,21.810069649838596
4126,935,7.9311925639826555
4127,3804,7.5363447421799
4127,4140,61.37600910985393
4128,3989,16.02878482811524
4129,2356,102.58341091072235
4129,3875,196.5725985690438
4129,258,322.1833019041903
4130,2648,52.1069081077034
4130,1153,57.26469716253402
4130,2747,48.988150612177606
4131,4133,24.70971896906133
4131,4132,25.164056127607417
4132,4135,137.7352595673651
4133,1529,6.669937431210458
4133,4132,18.220512134940865
4134,4136,13.761967033505078
4134,4133,6.124989398389147
4135,1543,119.19069115450363
4135,1529,164.41260242342724
4136,4003,79.93356770283043
4137,4134,15.74340399109149
4137,4136,25.745812018206358
4138,4137,85.9053835007944
4139,1239,533.8787376458857
4139,4138,76.64989104508308
4140,3353,19.879676872090535
4140,3804,57.00492361021937
4140,4141,22.28238070476282
4141,4140,22.28238070476282
4141,183,181.74432931317205
4142,1678,30.960365469101166
4142,2862,72.0391956387521
4142,1139,61.434025610658736
4143,1139,33.69034574434227
4143,1677,26.204270218987336
4143,4144,102.22411248597125
4143,3356,20.44720527024799
4144,2490,89.9289318948067
4144,4143,102.22411248597125
4145,4142,95.83386906023352
4145,1467,46.55548429025743
4146,2249,21.606144294013475
4146,2794,71.73083648978017
4146,4572,178.5710496327394
4147,4572,60.317848586041656
4147,4278,56.97336838198622
4147,4148,14.33181179004628
4148,62,50.97516280631614
4149,2185,5.991215949554572
4149,3218,42.75491351472187
4150,3621,215.3766516741169
4151,2549,27.528697913600876
4152,2549,26.842033330015028
4153,3849,45.86792420415337
4153,1790,161.03260152340678
4154,2518,43.04422235338109
4154,1090,76.73695431209585
4155,3531,29.3988050444547
4155,2521,445.44899580033876
4155,4237,113.23573850513723
4156,83,30.27206389218984
4157,4158,10.984208560628762
4157,3743,63.3371844236327
4158,2596,10.885268746956696
4158,3750,301.8539367039602
4159,389,55.22442551543195
4160,390,82.0001862524318
4160,723,165.5891605529271
4161,4149,91.13014805566084
4161,4162,10.637350951846656
4162,3740,157.4960487084891
4162,4161,10.637350951846656
4163,3461,8.326369972685372
4163,208,107.02014459562668
4164,4165,86.49373579588615
4164,3219,83.81257663287806
4165,3929,225.4693588165693
4165,2176,216.3383740673029
4165,4164,90.30847909482354
4165,208,298.0377586148652
4166,274,80.94186280863786
4166,4292,20.571224709001818
4167,840,29.128761227672896
4167,838,69.20437160063152
4168,2502,173.13324212054823
4168,4502,71.12019945301552
4168,4170,142.16663368775434
4169,4502,10.687347143668847
4169,4168,67.06922354721662
4169,2489,94.80137648892614
4170,323,33.34393467399824
4170,4322,31.497876246053806
4170,4168,142.16663368775434
4171,4176,12.933046243445622
4171,3530,135.61419407520918
4171,4364,37.85495340056819
4172,554,35.41521975230531
4172,517,33.20483717902244
4173,596,9.732602463213325
4174,815,46.70042918751822
4175,3229,32.660075203408766
4176,4171,12.933046243445622
4176,235,134.82660614558074
4177,1438,52.65195211750592
4178,118,203.68630338374837
4178,122,27.83961242351839
4178,4179,26.10878005657013
4179,129,4.116056619059524
4179,122,27.214761277406254
4180,1297,13.209919457907514
4181,2355,315.2740657155539
4182,718,59.22009676759455
4182,4184,82.2150251748701
4182,71,79.47418235865945
4183,4265,96.07681160611894
4183,702,43.66122967810765
4184,761,81.57936553338891
4184,4182,82.2150251748701
4184,4265,22.811198593167965
4185,4214,50.64857462237245
4185,4456,90.48050638213581
4186,709,10.443995660057
4186,3440,43.75049855771002
4187,1329,6.663484135837349
4188,1645,70.8655887068062
4188,2930,55.92767117531122
4188,4115,48.37686193286966
4188,4189,134.1252493623728
4189,4113,79.32005681512081
4189,4188,134.1252493623728
4189,2930,190.8064811743538
4190,3953,311.2542499903455
4190,4020,9.536825465825338
4190,4191,10.02355344067191
4191,4020,8.148733023766047
4191,3882,116.61701391882401
4192,3631,58.78997029893513
4192,3626,393.7430111198988
4193,3631,112.18914424896424
4193,669,29.010062132195266
4194,646,78.65295323990539
4194,3635,78.6111745367424
4195,4201,10.122380206773242
4195,4199,65.21726866505543
4196,42,259.42771669946865
4196,2693,118.89709767579258
4197,4195,19.90884031470792
4197,439,49.12145104749746
4198,4196,9.70167375214766
4198,4197,97.69055351311229
4199,189,127.83449009941172
4199,4200,33.167898128580504
4200,4201,44.88795123200599
4201,4197,12.294971631503962
4201,4196,103.4721352496741
4202,558,10.644796977356215
4202,3561,50.53363343919645
4203,3890,9.051697033704723
4203,1964,19.57045934603497
4204,220,144.48649577672768
4204,219,571.0980537084203
4204,376,175.11778750141687
4205,1,36.765662830327706
4205,3764,64.94271646778537
4205,841,44.10446577811228
4206,4374,79.73335284427779
4206,1290,75.35222290182135
4206,3167,199.92803744421224
4207,1664,46.22510091776828
4207,4208,52.01426541699827
4207,4371,20.86347945497553
4208,4207,52.01426541699827
4208,4211,106.04789518286293
4208,1666,53.10114967979143
4209,2974,85.35845269657662
4209,4487,23.976818434498533
4210,4211,20.755444489848585
4210,4487,131.4615961150996
4211,4210,20.755444489848585
4211,98,58.96603536213914
4211,4208,106.04789518286294
4212,1038,57.94425926155056
4212,3600,355.8124864173784
4213,629,10.105077351637677
4213,943,56.41942385202982
4214,902,205.45513566360637
4214,4185,50.64857462237245
4214,828,9.365900345709033
4215,529,109.17496002262656
4216,1032,86.5439148431779
4217,1032,12.532862897413334
4218,2422,79.06804907324462
4219,1985,217.6385912809123
4220,110,209.75414634408548
4221,1987,211.42139065185833
4222,114,26.178001481911906
4222,120,224.69961207867738
4223,918,39.09241350298907
4224,3372,289.897587774269
4225,3050,180.0017793844302
4226,1204,347.63274773721565
4227,2638,354.3290814692227
4228,3564,181.4433536783208
4228,4307,17.622731915618104
4229,4230,140.85582490867228
4229,3602,206.74829446437138
4230,3492,24.124708636817726
4230,3460,59.638342184004564
4231,178,11.79048186728557
4231,773,93.45780735822314
4231,4229,121.92105627186042
4232,8,1222.012051878359
4233,255,88.79483662305346
4233,4234,40.71063163860248
4234,4043,10.827644098492199
4234,3799,37.0160321942813
4235,2301,18.43543856204643
4235,2303,113.17274357448522
4236,2463,172.3878323682524
4237,3707,267.0010222762919
4237,4155,113.23573850513723
4237,3403,386.5300060721797
4238,4445,29.453033909864654
4238,4497,15.270309861079712
4238,4243,72.88959963105955
4239,2436,28.51882577468853
4240,2437,35.43805195980725
4241,2418,75.47771430390073
4242,2312,128.95567590086065
4243,4407,70.72300878531209
4243,4238,72.88959963105955
4243,4500,59.94300468160134
4244,531,82.36862275959548
4244,634,424.50820379171694
4245,620,16.566560945371897
4245,634,84.77597166333439
4246,647,46.12430286744969
4246,2499,123.07025655131477
4247,137,150.50354627879477
4248,154,147.75677479148743
4249,649,245.17091469305194
4249,648,112.53774967553481
4250,701,29.088968987493793
4250,522,95.97493723427435
4251,767,103.81843304413741
4251,2544,48.03297114557524
4252,3974,66.97015907657621
4253,2184,219.15597817142972
4253,2195,22.682197504061318
4253,2203,313.730262233444
4254,654,5.528815945881284
4254,4255,65.61765015939723
4255,654,65.61767725791694
4255,1043,125.90845757785809
4256,1030,21.09143057682114
4257,1171,8.461472979652013
4257,1170,84.56886183877005
4257,1172,44.68589448914866
4258,3833,37.237941136354266
4258,3830,5.911091428305476
4258,4259,51.446121769169395
4259,3159,115.37324161900733
4259,561,92.7468878275833
4260,2284,62.56475417388353
4260,2287,23.939440820721906
4261,769,21.121847128658292
4262,26,50.73682632156425
4262,1179,83.63100551157403
4263,3561,33.71745589505498
4264,4186,67.60110169065464
4264,2708,91.69950089040934
4265,4183,96.69144735297061
4265,4184,22.811198593167965
4266,1594,67.03168565334364
4266,908,82.35485392377056
4267,2530,72.17680673892815
4267,2528,276.84325870628425
4268,4097,163.57507803015085
4268,2738,65.47389564122241
4269,1784,6.406963218618829
4269,3946,90.61164312737056
4270,2245,27.081469434444024
4270,4069,23.677591499461286
4271,398,4.111114122426692
4271,3205,8.040247256941882
4271,4287,75.05788829177644
4272,756,71.78184921285036
4272,758,125.60502290111424
4273,4056,7.029544584197408
4273,4055,144.05718144664266
4273,794,27.830373757213586
4274,4514,109.70728157149539
4275,4475,88.17906263682525
4275,4276,85.75373533795883
4276,1106,105.11143647653914
4276,4275,85.88065918351442
4277,250,39.05221448839187
4277,2669,42.12816609819692
4277,1106,226.28633618476044
4278,4148,56.41630542977727
4278,94,50.217106257465964
4279,2260,23.36738214814516
4280,2077,215.46194312806034
4281,2791,153.024887512197
4281,4283,77.7107813753808
4282,2732,4.358655336142954
4282,693,100.11360946568561
4283,3133,4.573186781488917
4283,4282,85.02006995281246
4284,71,106.57507824836733
4284,2484,19.306303262517915
4285,1931,13.211322999324404
4286,1935,31.29340256672226
4287,186,27.731328483211374
4288,3694,9.092299508749889
4288,3423,83.31952503128073
4289,4287,30.68485704738654
4289,3981,37.647424899958324
4290,821,125.53937830898802
4290,2446,29.49850013598138
4291,93,37.655611066442106
4292,3494,139.1713185708795
4292,4166,20.571224709001818
4293,1776,73.82347886835406
4293,3343,212.29935080364797
4294,2954,39.445006016825104
4295,969,4.287949770580653
4296,3130,24.94472641769949
4296,735,34.82633508951558
4296,735,48.27744887890406
4297,737,40.955081164452515
4298,2550,65.67465952628311
4298,3944,73.09134360164568
4299,3497,148.53617091107918
4300,3499,14.819237575572409
4301,2259,34.458316913669435
4302,211,82.54110537251198
4302,726,31.010513590309042
4303,2328,19.94624832871952
4304,4309,13.20412900721838
4304,3147,120.29197343026524
4304,3299,16.36051424140941
4305,507,91.38387319883114
4305,4309,23.13716432600345
4306,4020,113.25528823630931
4306,3882,10.73961244139138
4307,4306,5.6090646778669075
4308,1484,23.759725152909727
4309,2116,65.4471877711983
4309,4304,13.20412900721838
4309,4305,23.13716432600345
4310,3839,33.379567749780975
4310,2851,14.072552924011104
4311,770,75.25687840098672
4311,2691,38.69755381532477
4312,3458,73.2355517799725
4313,3240,89.34931414920347
4313,1611,38.02276426708723
4314,1391,6.143604632461925
4314,2915,96.14842979225585
4315,3202,22.909809671324663
4316,1912,56.587489912534906
4317,1261,24.05262840188626
4318,4111,52.408814248356265
4319,1815,370.1071794501207
4319,4095,81.88399428214007
4319,4094,10.233393979039633
4320,3334,63.6151868833867
4320,4094,226.86574711747167
4321,4093,29.633077500191284
4321,1472,70.5737191889011
4322,323,30.75826404734658
4322,4364,82.96257666702458
4322,4170,31.497876246053806
4323,1523,51.00728739504199
4324,3276,66.87135343371399
4325,858,36.79621418763117
4326,1337,47.70588787513722
4326,1658,165.65436970770207
4326,1048,232.78369848564384
4326,1382,106.33993912128423
4327,1834,55.43393678086007
4327,3221,246.7423528225874
4328,1834,115.05851354439943
4328,3127,105.46670879259042
4329,1336,31.957023183940905
4330,1379,33.13119475656734
4331,1381,105.1407635903796
4332,1748,39.82214651326155
4333,2024,61.42491159200078
4334,244,67.85301521071402
4335,62,32.77762433507585
4336,544,95.26683860483378
4337,2249,75.24033401377436
4337,2255,48.11095203056576
4338,3303,8.539619821483903
4338,2933,47.745445032953576
4339,82,58.33057071328262
4339,3449,25.136008250758948
4339,2345,308.26496081014636
4340,1911,51.480978431586436
4341,1912,92.3126995665697
4341,1825,10.244758044945838
4342,1540,248.4063058138942
4343,2337,276.32845299658266
4343,3154,133.48086076945023
4343,2334,302.79028617759735
4344,3172,63.83190489739017
4344,1606,72.21026089462555
4345,2895,87.6816885153486
4346,3695,53.101663550565654
4346,3697,38.32332354316541
4347,1588,59.8479930094814
4348,1589,74.0933654522453
4348,1865,51.98695274482513
4349,3308,31.65396461428196
4349,1347,33.22926650411677
4350,297,116.97922538372795
4350,2925,101.34737730708909
4350,4347,100.01381113350482
4350,1602,100.89721150404797
4350,1585,121.77129662251825
4351,1545,64.34558006188158
4351,3464,4.237842419093485
4351,4570,327.97467645420477
4352,4068,20.118669303444253
4352,2817,43.099199188362185
4353,1334,143.3256268923971
4353,3776,77.46427639978008
4353,1358,8.207120815473623
4354,1645,15.393004677588959
4355,1346,48.784352069470486
4356,4054,68.54116232483572
4357,1881,420.1583822635655
4357,1899,49.34972260601191
4358,1821,71.09209703503424
4358,613,22.90519742739643
4359,1603,5.261116669667191
4359,3792,120.36865001636582
4360,179,39.49936804688641
4360,70,187.687448122112
4361,3720,78.8610103225358
4362,3160,50.14533439585851
4363,1535,328.9868391015285
4364,4322,82.96257666702459
4364,4176,37.78085172856315
4365,240,515.3391693210509
4366,1424,6.219004637534852
4366,1068,119.37673308136074
4367,4368,114.66177029692307
4367,1419,46.33785026007478
4368,1418,6.540665695473419
4369,493,63.357905814967
4369,494,18.00855104602061
4370,496,146.36267146734136
4370,4369,18.27235050809127
4371,4145,22.422093856447404
4371,4207,20.86347945497553
4372,1622,58.100610703653004
4373,2861,21.32409822439022
4374,599,135.9963830676005
4374,4376,92.58920745692284
4374,4206,79.73335284427777
4375,3943,9.955320135044374
4375,1745,565.3013559639296
4376,2974,46.252528673156064
4376,4374,92.58920745692282
4377,1743,70.09645617063077
4378,1707,23.001088981728536
4378,1436,54.277617167999196
4379,613,21.898413215877376
4379,1948,81.8426937192917
4380,99,79.81278281026394
4381,2370,19.394456053444713
4382,4592,4.562118417440434
4382,3964,37.081221211235274
4382,2291,15.650928844913427
4383,2567,46.35926423197548
4383,2568,32.485333304997525
4384,2005,8.050205466110807
4385,2009,52.47619094823096
4385,2006,17.236371249624476
4386,1751,10.174177643494637
4386,2542,72.18289838070835
4386,1750,146.91017956561217
4387,2056,54.40374050260363
4387,2053,37.04199175568999
4388,3743,15.395234632976326
4389,476,87.03391408918854
4390,2315,12.944605177342826
4391,4388,67.54688529574109
4391,3744,256.5729263139815
4392,2061,182.11492164585462
4392,2048,229.9782037950437
4392,2051,277.3187398759155
4393,2063,25.214197186358415
4393,4554,26.788741522214988
4393,4550,22.389373805547265
4393,4551,35.51350149177433
4394,4596,22.500479276849767
4394,4594,36.683970107064276
4395,2494,81.00718759677906
4396,2667,12.713790476889026
4396,1851,80.75869940558063
4396,255,97.25534533238994
4397,2106,2.1177546927426434
4397,2774,203.31569554891166
4397,3705,177.81748015331593
4398,2219,105.71127581241052
4399,877,26.97404288607187
4400,3206,20.961356420828476
4401,4399,35.83755329245831
4402,3595,44.45930907466334
4403,404,52.531989352864414
4403,419,82.58342655514154
4404,3609,104.21750253163749
4404,3610,202.18270791087295
4404,1648,34.82691341465987
4405,3217,23.24903843811046
4406,3884,180.83548907141895
4406,3245,22.43572655634251
4407,4243,70.72300878531209
4408,2448,107.88630604118919
4409,532,197.27867088379315
4409,1367,115.62728499766276
4409,37,64.01877250486177
4410,3643,12.906561013436752
4410,3975,95.55105489336201
4411,524,93.38263204252824
4411,3144,97.77662742747547
4412,3559,66.74528162540453
4412,667,18.772244043356483
4413,667,23.814264340919436
4413,4412,19.388796157233777
4414,267,15.76065728541829
4414,268,106.03271342956941
4414,4567,11.42756599021521
4415,1134,77.70415439357265
4415,1775,136.47414499011222
4415,1143,51.32275630988064
4416,3543,4.598340274846614
4417,3542,4.488196948906227
4418,3541,4.450499300122955
4419,68,4.299913492062655
4420,67,4.766987830007118
4421,66,4.542286037896958
4422,4431,5.2718302915836475
4423,3608,4.155300776605158
4424,4430,5.053904011664811
4425,474,6.9097875623590745
4426,3490,6.9961499051300855
4427,64,10.170213574844313
4428,472,11.37396103065355
4429,473,11.932811343146406
4430,4424,5.053904011664811
4430,3608,19.143313421255684
4430,65,58.600049581174986
4431,4422,5.2718302915836475
4431,241,64.45695853364876
4431,3608,49.92463033403122
4432,1210,255.67812066744332
4432,1209,87.22868334776635
4433,2955,68.88124948002826
4433,461,42.80258578183229
4433,511,34.81936935305703
4434,3742,1160.753134450351
4434,1145,70.73075740612455
4435,43,300.3800194830923
4437,3120,5.278810010465945
4438,3491,62.86126750993141
4438,3459,36.21551636594211
4438,3460,9.310015500209701
4439,495,90.61092665089842
4440,609,182.6746796901665
4440,1569,505.8577776669552
4441,4532,18.55580298238125
4442,3870,27.125844490570042
4443,3860,112.13245365889574
4444,3223,88.7487875472614
4444,951,87.0796318236157
4445,4238,29.453033909864654
4446,4498,95.01567960647702
4447,2521,136.42057431267227
4448,1348,36.04435217241867
4448,2921,38.314558381996406
4448,4479,87.29319913399242
4449,3482,145.99635641706118
4450,4449,47.84389851736671
4450,1804,713.276919602733
4451,4010,514.9961914946905
4452,4453,21.068963936471203
4452,2760,149.34084015786976
4452,1058,21.229292060811453
4453,3124,470.0733358100128
4453,1058,29.662603586514987
4454,3410,63.770975261149694
4454,1821,249.1440276861504
4455,2293,1212.3672403612597
4456,4185,90.00342983513652
4456,530,24.281930593977073
4457,150,16.624854478379238
4457,144,105.60916548816135
4457,159,219.23441897770505
4458,3728,36.41674064500186
4458,3729,48.32303875305402
4458,3730,46.01297002067307
4459,1880,107.43578039121658
4459,3317,73.17847322112935
4459,1898,271.73957059394064
4459,2936,489.0690428082385
4460,4461,18.373512505947552
4460,820,22.83426155035786
4461,3262,94.18767753352182
4461,820,21.203214096419813
4462,989,140.0086035720688
4462,2153,65.52009804769456
4463,2949,70.98363903187615
4463,3800,74.3699145807552
4464,414,111.85778947049073
4465,1808,7.961556094704507
4466,2133,149.40051112575796
4466,2138,86.29783042419528
4467,904,252.81073866655504
4467,4470,286.9876856864695
4468,4469,9.49510904702102
4468,9,330.9912501799872
4469,2474,12.253571875483118
4470,1027,8.123698884911942
4470,4468,191.78238531840765
4471,2739,13.38662466371473
4471,4472,13.992756830907133
4472,4473,10.598545819789553
4472,4471,13.992756830907135
4473,2824,64.98627598328596
4473,2739,4.330478402907631
4473,4472,10.598545819789553
4474,4586,23.273507285721607
4474,1194,17.240526916101736
4475,4275,88.17906263682525
4475,4098,142.88316403821557
4475,3823,168.26250611455828
4476,2882,7.284769918985777
4476,1857,33.842765629514375
4477,339,80.05987963457449
4477,199,10.957567431584799
4478,3313,11.181740955589598
4478,1295,290.62296868667073
4478,1298,160.34319703259186
4479,2923,86.20014459226869
4479,2920,40.958169290524815
4480,160,51.52203914585306
4481,4482,84.56869293083129
4481,164,202.5626493089269
4482,167,13.768932617455638
4482,168,161.59971154911068
4482,850,174.04834059504194
4483,2835,46.47836221617146
4483,4481,96.19771666352868
4484,4483,280.33820361563676
4484,162,61.64259275455458
4485,3120,210.58666429958336
4486,969,14.642794616470429
4486,233,141.74732404794543
4486,4560,16.214060006175494
4487,1744,67.57072386521557
4487,4210,131.4615961150996
4487,4209,23.976818434498533
4489,4490,57.52066190297606
4490,2929,22.072581613187452
4490,2043,204.9532107031348
4490,4489,57.52066190297606
4491,3741,5.332457721548349
4491,2937,127.9241416407373
4492,2325,412.8658017904749
4492,913,72.54425889368416
4492,2323,17.032331325410407
4493,3704,9.068588079894045
4493,4494,111.77669368278414
4494,2085,7.711313230270584
4494,950,69.15475823514812
4494,3176,102.3615353923899
4495,961,435.82894423567126
4495,0,826.8832282542934
4496,1069,87.7905233896723
4496,1407,39.17295033329599
4496,3732,50.36629309892733
4497,4238,15.270309861079712
4497,3402,28.977653544720805
4497,4499,46.26828473441213
4498,4446,95.01567960647701
4498,3402,45.42414237010123
4498,4499,29.139056174378833
4499,4498,29.139056174378833
4499,4497,46.26828473441213
4499,4501,21.90423628472724
4500,4243,59.94300468160134
4501,4499,21.90423628472724
4502,4169,10.687347143668847
4502,773,253.68362098799716
4502,2431,67.36651200009338
4503,2004,50.91880552296535
4503,4044,95.01736899939682
4503,2010,105.6121561847706
4504,4602,26.57816715466664
4504,2683,135.85703992043838
4504,4603,6.389434552574105
4505,3657,12.951251169910357
4505,2885,63.11607182920524
4506,3655,34.212619633605485
4506,4505,22.10917377911037
4507,559,70.46048199684762
4507,560,36.368701374310774
4508,3459,54.48207223790054
4509,1195,377.9906169236965
4509,2460,18.7536897558885
4510,2460,26.622306144944755
4510,4509,24.984507247766462
4511,2323,403.2366743431416
4512,3749,161.97707235190293
4513,2237,429.3040004943743
4514,708,21.432228770047836
4514,4515,18.083566016624495
4515,757,32.372750079620076
4516,1229,65.39273348801862
4517,3181,200.12915571525235
4517,1570,98.3010674598453
4517,1571,87.7365285715197
4518,189,41.07135506448059
4518,51,94.71967785110233
4519,664,75.99806526403634
4519,3913,7.722763980478068
4520,4521,7.8043729117765555
4520,2665,460.3897570816867
4520,134,371.71090556167655
4521,4520,7.8043729117765555
4521,4522,197.31591063956125
4522,4523,9.041651335588112
4522,3091,32.17482181803803
4522,195,60.38141829583036
4523,4522,9.041651335588112
4523,4520,199.3731890409775
4524,595,33.26572601252287
4525,409,39.12713376352106
4525,2574,12.273130232147688
4526,410,6.831566981606414
4526,574,117.20244464141742
4526,406,59.57107905024049
4527,83,77.60601496560776
4527,3105,10.852947713456157
4527,3450,8.895540908653313
4528,4250,30.047909749535936
4528,701,8.934128901905865
4529,4058,99.07286603242594
4529,4528,93.13262017880794
4530,4085,154.64072011833218
4531,3418,63.86896297052176
4532,1362,153.66832302809686
4533,4079,5.365225684978059
4533,565,66.01449910331557
4533,4078,83.12956479180131
4534,2182,4.895094438406678
4534,2201,179.2546655102906
4534,2805,551.4048561664379
4535,2193,24.328416098518225
4535,2202,266.2411873609633
4535,2182,235.31882332616624
4536,2762,74.57056378557442
4537,2598,62.70593818301045
4537,2597,24.44637927772719
4538,3077,76.06887558734377
4539,2125,57.68940522094948
4540,3018,89.16825689838008
4541,2495,45.88991898242403
4542,3000,7.111985658723641
4542,1241,122.38994609044127
4542,4488,250.0795092737719
4543,3803,36.5428832301576
4543,3888,25.761992138689017
4544,700,60.453310190725844
4544,3361,66.39095370921974
4545,3586,74.9675633691057
4545,4048,259.45897230361186
4545,4547,10.565810956853715
4546,431,89.07932817273942
4547,4545,10.565810956853714
4548,2910,20.49397009906161
4548,378,39.04119387815001
4549,4550,17.331952472792267
4550,4549,17.331952472792267
4550,4393,22.389373805547265
4550,2062,136.39199671955623
4551,2063,11.206441645659067
4551,4553,35.69590896549128
4551,4393,35.51350149177433
4552,2063,8.189185729534238
4553,4551,35.69590896549128
4554,4393,26.788741522214988
4555,1990,283.0847708047278
4555,2963,62.96438389499296
4555,3862,87.1650048221275
4556,3506,236.83042151150957
4556,2787,249.38021438077004
4556,2553,64.73470820161506
4557,808,69.6930157080005
4558,1318,42.47223383797217
4559,3136,51.978711304505595
4560,970,47.6777923675671
4560,969,6.155191549216227
4560,4486,16.214060006175494
4561,1623,14.762522035187523
4562,1623,13.6878940974328
4563,2575,44.660709991388096
4563,2574,11.378588049875184
4564,2574,18.219648790151776
4565,1003,9.926439092760578
4565,998,215.72795155505025
4565,1013,82.86914491495918
4566,4567,15.006250914100919
4567,2642,16.171250725134048
4567,4566,15.006250914100919
4567,4414,11.42756599021521
4568,4569,9.593884844580735
4568,276,127.3003139865708
4568,3368,90.44498796589008
4569,3585,265.2156523278963
4569,4568,9.593884844580735
4569,3991,111.4986222196149
4570,1547,125.45545932047736
4570,1348,127.41864102875668
4570,4351,327.97467645420465
4571,1877,202.81546586348182
4572,176,80.91325405065844
4572,4147,65.01608306665348
4572,4146,178.57104963273937
4573,2457,53.07298851404522
4573,2305,241.88997844656524
4574,2301,1062.2279781864477
4574,3538,798.3967061353192
4575,2331,7.203223059709483
4576,163,92.02384452326831
4577,1141,92.37228961996539
4578,3111,99.05623788297666
4578,1401,303.9768485201988
4578,4041,278.23711259798694
4579,2390,21.052829185710564
4579,2606,131.45939368382136
4580,962,240.6692847217506
4581,1128,54.86379919691908
4581,911,1158.909046804961
4581,3960,263.6772091899217
4582,1208,77.59268730655614
4582,3941,21.224063628264112
4583,1957,10.995035310685399
4583,32,8.178994625852306
4584,1208,168.63206102264473
4584,3050,113.93848220571583
4585,156,10.534077567313089
4585,157,18.469263578778257
4586,1195,57.53927548788397
4587,2400,87.03514601865544
4587,2840,55.30882482230554
4588,2659,51.21774955669926
4588,2927,31.544446325951974
4589,1571,59.05877537273339
4590,3466,56.52672845527731
4590,1268,85.55934613706327
4590,3467,13.76433890619273
4590,3469,86.50131141522104
4591,1667,73.61088964843958
4592,4382,4.562118417440434
4593,3048,6.964843240655366
4594,3790,22.075643215461202
4594,2040,569.2932974086423
4595,3790,9.791367598649675
4595,2497,40.398405602758665
4596,4595,5.690980999469182
4596,4395,33.209630407524585
4597,2793,77.66436414634373
4597,176,50.2540371144289
4599,1549,62.73084135884335
4600,3425,14.115011972630722
4600,3424,36.814086550160596
4601,3243,3.0163748699544395
4602,4504,26.57816715466664
4603,4504,6.389434552574105
4604,4606,13.034737567462404
4605,4607,12.983786159202559
4606,2921,9.920012232715886
4606,4607,3.868815167715595
4606,4604,13.034737567462404
4607,4606,3.868815167715595
4607,1544,99.23717231658063
4607,4605,12.983786159202559
4608,4609,8.28663952349575
4609,2920,19.708602668521905
4609,4608,8.28663952349575
4609,1555,66.97627891370337
4610,4612,7.05424243271481
4611,4613,7.5744372925205345
4612,4615,1.2962512930508252
4612,4610,7.05424243271481
4612,4613,6.398861391526218
4613,4611,7.5744372925205345
4613,2919,30.15723483626667
4613,4612,6.398861391526218
4614,4615,12.64860935562187
4615,4612,1.2962512930508252
4615,4614,12.64860935562187
4615,2918,123.27880585057748
4616,3470,39.1647382253451
4616,3466,39.821592571207624
4616,3466,107.41395271954188
4616,3468,47.229907007766066
4617,4580,55.8515785084075
